; PA tower generated by gen_pa_tower.py: 40mm square, 60mm tall, PA 0.0 + 0.01/band, band 5mm, 245C/80C
M140 S80
M104 S150
G28
G29 S1
M190 S80
G1 X5 Y3 Z10 F6000
M109 S245
M83
G92 E0
G1 Z0.3 F300
G1 X120 Y3 E12 F900
G1 X120 Y3.6 F3000
G1 X30 Y3.6 E4 F900
G92 E0
G1 Z2 F300
M572 D0 S0 ; PA off for the brim/first layer
M106 S0
;LAYER_CHANGE
;Z:0.20
G1 Z0.20 F300
G1 X159.300 Y143.300 F6000
G1 X204.700 Y143.300 E1.6988 F1800
G1 X204.700 Y188.700 E1.6988 F1800
G1 X159.300 Y188.700 E1.6988 F1800
G1 X159.300 Y143.300 E1.6988 F1800
G1 X159.750 Y143.750 F6000
G1 X204.250 Y143.750 E1.6651 F1800
G1 X204.250 Y188.250 E1.6651 F1800
G1 X159.750 Y188.250 E1.6651 F1800
G1 X159.750 Y143.750 E1.6651 F1800
G1 X160.200 Y144.200 F6000
G1 X203.800 Y144.200 E1.6314 F1800
G1 X203.800 Y187.800 E1.6314 F1800
G1 X160.200 Y187.800 E1.6314 F1800
G1 X160.200 Y144.200 E1.6314 F1800
G1 X160.650 Y144.650 F6000
G1 X203.350 Y144.650 E1.5977 F1800
G1 X203.350 Y187.350 E1.5977 F1800
G1 X160.650 Y187.350 E1.5977 F1800
G1 X160.650 Y144.650 E1.5977 F1800
G1 X161.100 Y145.100 F6000
G1 X202.900 Y145.100 E1.5641 F1800
G1 X202.900 Y186.900 E1.5641 F1800
G1 X161.100 Y186.900 E1.5641 F1800
G1 X161.100 Y145.100 E1.5641 F1800
G1 X161.550 Y145.550 F6000
G1 X202.450 Y145.550 E1.5304 F1800
G1 X202.450 Y186.450 E1.5304 F1800
G1 X161.550 Y186.450 E1.5304 F1800
G1 X161.550 Y145.550 E1.5304 F1800
G1 X162.000 Y146.000 F6000
G1 X202.000 Y146.000 E1.4967 F1800
G1 X202.000 Y186.000 E1.4967 F1800
G1 X162.000 Y186.000 E1.4967 F1800
G1 X162.000 Y146.000 E1.4967 F1800
G1 X162.450 Y146.450 F6000
G1 X201.550 Y146.450 E1.4630 F1800
G1 X201.550 Y185.550 E1.4630 F1800
G1 X162.450 Y185.550 E1.4630 F1800
G1 X162.450 Y146.450 E1.4630 F1800
;LAYER_CHANGE
;Z:0.40
G1 Z0.40 F300
M572 D0 S0.000 ; band 0 from Z 0.4
G1 X162.450 Y146.450 F6000
G1 X201.550 Y146.450 E1.4630 F3600
G1 X201.550 Y185.550 E1.4630 F3600
G1 X162.450 Y185.550 E1.4630 F3600
G1 X162.450 Y146.450 E1.4630 F3600
G1 X162.000 Y146.000 F6000
G1 X202.000 Y146.000 E1.4967 F6000
G1 X202.000 Y186.000 E1.4967 F6000
G1 X162.000 Y186.000 E1.4967 F6000
G1 X162.000 Y146.000 E1.4967 F6000
;LAYER_CHANGE
;Z:0.60
G1 Z0.60 F300
M106 S128 ; part fan 50% from layer 3
G1 X162.450 Y146.450 F6000
G1 X201.550 Y146.450 E1.4630 F3600
G1 X201.550 Y185.550 E1.4630 F3600
G1 X162.450 Y185.550 E1.4630 F3600
G1 X162.450 Y146.450 E1.4630 F3600
G1 X162.000 Y146.000 F6000
G1 X202.000 Y146.000 E1.4967 F6000
G1 X202.000 Y186.000 E1.4967 F6000
G1 X162.000 Y186.000 E1.4967 F6000
G1 X162.000 Y146.000 E1.4967 F6000
;LAYER_CHANGE
;Z:0.80
G1 Z0.80 F300
G1 X162.450 Y146.450 F6000
G1 X201.550 Y146.450 E1.4630 F3600
G1 X201.550 Y185.550 E1.4630 F3600
G1 X162.450 Y185.550 E1.4630 F3600
G1 X162.450 Y146.450 E1.4630 F3600
G1 X162.000 Y146.000 F6000
G1 X202.000 Y146.000 E1.4967 F6000
G1 X202.000 Y186.000 E1.4967 F6000
G1 X162.000 Y186.000 E1.4967 F6000
G1 X162.000 Y146.000 E1.4967 F6000
;LAYER_CHANGE
;Z:1.00
G1 Z1.00 F300
G1 X162.450 Y146.450 F6000
G1 X201.550 Y146.450 E1.4630 F3600
G1 X201.550 Y185.550 E1.4630 F3600
G1 X162.450 Y185.550 E1.4630 F3600
G1 X162.450 Y146.450 E1.4630 F3600
G1 X162.000 Y146.000 F6000
G1 X202.000 Y146.000 E1.4967 F6000
G1 X202.000 Y186.000 E1.4967 F6000
G1 X162.000 Y186.000 E1.4967 F6000
G1 X162.000 Y146.000 E1.4967 F6000
;LAYER_CHANGE
;Z:1.20
G1 Z1.20 F300
G1 X162.450 Y146.450 F6000
G1 X201.550 Y146.450 E1.4630 F3600
G1 X201.550 Y185.550 E1.4630 F3600
G1 X162.450 Y185.550 E1.4630 F3600
G1 X162.450 Y146.450 E1.4630 F3600
G1 X162.000 Y146.000 F6000
G1 X202.000 Y146.000 E1.4967 F6000
G1 X202.000 Y186.000 E1.4967 F6000
G1 X162.000 Y186.000 E1.4967 F6000
G1 X162.000 Y146.000 E1.4967 F6000
;LAYER_CHANGE
;Z:1.40
G1 Z1.40 F300
G1 X162.450 Y146.450 F6000
G1 X201.550 Y146.450 E1.4630 F3600
G1 X201.550 Y185.550 E1.4630 F3600
G1 X162.450 Y185.550 E1.4630 F3600
G1 X162.450 Y146.450 E1.4630 F3600
G1 X162.000 Y146.000 F6000
G1 X202.000 Y146.000 E1.4967 F6000
G1 X202.000 Y186.000 E1.4967 F6000
G1 X162.000 Y186.000 E1.4967 F6000
G1 X162.000 Y146.000 E1.4967 F6000
;LAYER_CHANGE
;Z:1.60
G1 Z1.60 F300
G1 X162.450 Y146.450 F6000
G1 X201.550 Y146.450 E1.4630 F3600
G1 X201.550 Y185.550 E1.4630 F3600
G1 X162.450 Y185.550 E1.4630 F3600
G1 X162.450 Y146.450 E1.4630 F3600
G1 X162.000 Y146.000 F6000
G1 X202.000 Y146.000 E1.4967 F6000
G1 X202.000 Y186.000 E1.4967 F6000
G1 X162.000 Y186.000 E1.4967 F6000
G1 X162.000 Y146.000 E1.4967 F6000
;LAYER_CHANGE
;Z:1.80
G1 Z1.80 F300
G1 X162.450 Y146.450 F6000
G1 X201.550 Y146.450 E1.4630 F3600
G1 X201.550 Y185.550 E1.4630 F3600
G1 X162.450 Y185.550 E1.4630 F3600
G1 X162.450 Y146.450 E1.4630 F3600
G1 X162.000 Y146.000 F6000
G1 X202.000 Y146.000 E1.4967 F6000
G1 X202.000 Y186.000 E1.4967 F6000
G1 X162.000 Y186.000 E1.4967 F6000
G1 X162.000 Y146.000 E1.4967 F6000
;LAYER_CHANGE
;Z:2.00
G1 Z2.00 F300
G1 X162.450 Y146.450 F6000
G1 X201.550 Y146.450 E1.4630 F3600
G1 X201.550 Y185.550 E1.4630 F3600
G1 X162.450 Y185.550 E1.4630 F3600
G1 X162.450 Y146.450 E1.4630 F3600
G1 X162.000 Y146.000 F6000
G1 X202.000 Y146.000 E1.4967 F6000
G1 X202.000 Y186.000 E1.4967 F6000
G1 X162.000 Y186.000 E1.4967 F6000
G1 X162.000 Y146.000 E1.4967 F6000
;LAYER_CHANGE
;Z:2.20
G1 Z2.20 F300
G1 X162.450 Y146.450 F6000
G1 X201.550 Y146.450 E1.4630 F3600
G1 X201.550 Y185.550 E1.4630 F3600
G1 X162.450 Y185.550 E1.4630 F3600
G1 X162.450 Y146.450 E1.4630 F3600
G1 X162.000 Y146.000 F6000
G1 X202.000 Y146.000 E1.4967 F6000
G1 X202.000 Y186.000 E1.4967 F6000
G1 X162.000 Y186.000 E1.4967 F6000
G1 X162.000 Y146.000 E1.4967 F6000
;LAYER_CHANGE
;Z:2.40
G1 Z2.40 F300
G1 X162.450 Y146.450 F6000
G1 X201.550 Y146.450 E1.4630 F3600
G1 X201.550 Y185.550 E1.4630 F3600
G1 X162.450 Y185.550 E1.4630 F3600
G1 X162.450 Y146.450 E1.4630 F3600
G1 X162.000 Y146.000 F6000
G1 X202.000 Y146.000 E1.4967 F6000
G1 X202.000 Y186.000 E1.4967 F6000
G1 X162.000 Y186.000 E1.4967 F6000
G1 X162.000 Y146.000 E1.4967 F6000
;LAYER_CHANGE
;Z:2.60
G1 Z2.60 F300
G1 X162.450 Y146.450 F6000
G1 X201.550 Y146.450 E1.4630 F3600
G1 X201.550 Y185.550 E1.4630 F3600
G1 X162.450 Y185.550 E1.4630 F3600
G1 X162.450 Y146.450 E1.4630 F3600
G1 X162.000 Y146.000 F6000
G1 X202.000 Y146.000 E1.4967 F6000
G1 X202.000 Y186.000 E1.4967 F6000
G1 X162.000 Y186.000 E1.4967 F6000
G1 X162.000 Y146.000 E1.4967 F6000
;LAYER_CHANGE
;Z:2.80
G1 Z2.80 F300
G1 X162.450 Y146.450 F6000
G1 X201.550 Y146.450 E1.4630 F3600
G1 X201.550 Y185.550 E1.4630 F3600
G1 X162.450 Y185.550 E1.4630 F3600
G1 X162.450 Y146.450 E1.4630 F3600
G1 X162.000 Y146.000 F6000
G1 X202.000 Y146.000 E1.4967 F6000
G1 X202.000 Y186.000 E1.4967 F6000
G1 X162.000 Y186.000 E1.4967 F6000
G1 X162.000 Y146.000 E1.4967 F6000
;LAYER_CHANGE
;Z:3.00
G1 Z3.00 F300
G1 X162.450 Y146.450 F6000
G1 X201.550 Y146.450 E1.4630 F3600
G1 X201.550 Y185.550 E1.4630 F3600
G1 X162.450 Y185.550 E1.4630 F3600
G1 X162.450 Y146.450 E1.4630 F3600
G1 X162.000 Y146.000 F6000
G1 X202.000 Y146.000 E1.4967 F6000
G1 X202.000 Y186.000 E1.4967 F6000
G1 X162.000 Y186.000 E1.4967 F6000
G1 X162.000 Y146.000 E1.4967 F6000
;LAYER_CHANGE
;Z:3.20
G1 Z3.20 F300
G1 X162.450 Y146.450 F6000
G1 X201.550 Y146.450 E1.4630 F3600
G1 X201.550 Y185.550 E1.4630 F3600
G1 X162.450 Y185.550 E1.4630 F3600
G1 X162.450 Y146.450 E1.4630 F3600
G1 X162.000 Y146.000 F6000
G1 X202.000 Y146.000 E1.4967 F6000
G1 X202.000 Y186.000 E1.4967 F6000
G1 X162.000 Y186.000 E1.4967 F6000
G1 X162.000 Y146.000 E1.4967 F6000
;LAYER_CHANGE
;Z:3.40
G1 Z3.40 F300
G1 X162.450 Y146.450 F6000
G1 X201.550 Y146.450 E1.4630 F3600
G1 X201.550 Y185.550 E1.4630 F3600
G1 X162.450 Y185.550 E1.4630 F3600
G1 X162.450 Y146.450 E1.4630 F3600
G1 X162.000 Y146.000 F6000
G1 X202.000 Y146.000 E1.4967 F6000
G1 X202.000 Y186.000 E1.4967 F6000
G1 X162.000 Y186.000 E1.4967 F6000
G1 X162.000 Y146.000 E1.4967 F6000
;LAYER_CHANGE
;Z:3.60
G1 Z3.60 F300
G1 X162.450 Y146.450 F6000
G1 X201.550 Y146.450 E1.4630 F3600
G1 X201.550 Y185.550 E1.4630 F3600
G1 X162.450 Y185.550 E1.4630 F3600
G1 X162.450 Y146.450 E1.4630 F3600
G1 X162.000 Y146.000 F6000
G1 X202.000 Y146.000 E1.4967 F6000
G1 X202.000 Y186.000 E1.4967 F6000
G1 X162.000 Y186.000 E1.4967 F6000
G1 X162.000 Y146.000 E1.4967 F6000
;LAYER_CHANGE
;Z:3.80
G1 Z3.80 F300
G1 X162.450 Y146.450 F6000
G1 X201.550 Y146.450 E1.4630 F3600
G1 X201.550 Y185.550 E1.4630 F3600
G1 X162.450 Y185.550 E1.4630 F3600
G1 X162.450 Y146.450 E1.4630 F3600
G1 X162.000 Y146.000 F6000
G1 X202.000 Y146.000 E1.4967 F6000
G1 X202.000 Y186.000 E1.4967 F6000
G1 X162.000 Y186.000 E1.4967 F6000
G1 X162.000 Y146.000 E1.4967 F6000
;LAYER_CHANGE
;Z:4.00
G1 Z4.00 F300
G1 X162.450 Y146.450 F6000
G1 X201.550 Y146.450 E1.4630 F3600
G1 X201.550 Y185.550 E1.4630 F3600
G1 X162.450 Y185.550 E1.4630 F3600
G1 X162.450 Y146.450 E1.4630 F3600
G1 X162.000 Y146.000 F6000
G1 X202.000 Y146.000 E1.4967 F6000
G1 X202.000 Y186.000 E1.4967 F6000
G1 X162.000 Y186.000 E1.4967 F6000
G1 X162.000 Y146.000 E1.4967 F6000
;LAYER_CHANGE
;Z:4.20
G1 Z4.20 F300
G1 X162.450 Y146.450 F6000
G1 X201.550 Y146.450 E1.4630 F3600
G1 X201.550 Y185.550 E1.4630 F3600
G1 X162.450 Y185.550 E1.4630 F3600
G1 X162.450 Y146.450 E1.4630 F3600
G1 X162.000 Y146.000 F6000
G1 X202.000 Y146.000 E1.4967 F6000
G1 X202.000 Y186.000 E1.4967 F6000
G1 X162.000 Y186.000 E1.4967 F6000
G1 X162.000 Y146.000 E1.4967 F6000
;LAYER_CHANGE
;Z:4.40
G1 Z4.40 F300
G1 X162.450 Y146.450 F6000
G1 X201.550 Y146.450 E1.4630 F3600
G1 X201.550 Y185.550 E1.4630 F3600
G1 X162.450 Y185.550 E1.4630 F3600
G1 X162.450 Y146.450 E1.4630 F3600
G1 X162.000 Y146.000 F6000
G1 X202.000 Y146.000 E1.4967 F6000
G1 X202.000 Y186.000 E1.4967 F6000
G1 X162.000 Y186.000 E1.4967 F6000
G1 X162.000 Y146.000 E1.4967 F6000
;LAYER_CHANGE
;Z:4.60
G1 Z4.60 F300
G1 X162.450 Y146.450 F6000
G1 X201.550 Y146.450 E1.4630 F3600
G1 X201.550 Y185.550 E1.4630 F3600
G1 X162.450 Y185.550 E1.4630 F3600
G1 X162.450 Y146.450 E1.4630 F3600
G1 X162.000 Y146.000 F6000
G1 X202.000 Y146.000 E1.4967 F6000
G1 X202.000 Y186.000 E1.4967 F6000
G1 X162.000 Y186.000 E1.4967 F6000
G1 X162.000 Y146.000 E1.4967 F6000
;LAYER_CHANGE
;Z:4.80
G1 Z4.80 F300
G1 X162.450 Y146.450 F6000
G1 X201.550 Y146.450 E1.4630 F3600
G1 X201.550 Y185.550 E1.4630 F3600
G1 X162.450 Y185.550 E1.4630 F3600
G1 X162.450 Y146.450 E1.4630 F3600
G1 X162.000 Y146.000 F6000
G1 X202.000 Y146.000 E1.4967 F6000
G1 X202.000 Y186.000 E1.4967 F6000
G1 X162.000 Y186.000 E1.4967 F6000
G1 X162.000 Y146.000 E1.4967 F6000
;LAYER_CHANGE
;Z:5.00
G1 Z5.00 F300
G1 X162.450 Y146.450 F6000
G1 X201.550 Y146.450 E1.4630 F3600
G1 X201.550 Y185.550 E1.4630 F3600
G1 X162.450 Y185.550 E1.4630 F3600
G1 X162.450 Y146.450 E1.4630 F3600
G1 X162.000 Y146.000 F6000
G1 X202.000 Y146.000 E1.4967 F6000
G1 X202.000 Y186.000 E1.4967 F6000
G1 X162.000 Y186.000 E1.4967 F6000
G1 X162.000 Y146.000 E1.4967 F6000
;LAYER_CHANGE
;Z:5.20
G1 Z5.20 F300
M572 D0 S0.010 ; band 1 from Z 5.2
G1 X162.450 Y146.450 F6000
G1 X201.550 Y146.450 E1.4630 F3600
G1 X201.550 Y185.550 E1.4630 F3600
G1 X162.450 Y185.550 E1.4630 F3600
G1 X162.450 Y146.450 E1.4630 F3600
G1 X162.000 Y146.000 F6000
G1 X202.000 Y146.000 E1.4967 F6000
G1 X202.000 Y186.000 E1.4967 F6000
G1 X162.000 Y186.000 E1.4967 F6000
G1 X162.000 Y146.000 E1.4967 F6000
;LAYER_CHANGE
;Z:5.40
G1 Z5.40 F300
G1 X162.450 Y146.450 F6000
G1 X201.550 Y146.450 E1.4630 F3600
G1 X201.550 Y185.550 E1.4630 F3600
G1 X162.450 Y185.550 E1.4630 F3600
G1 X162.450 Y146.450 E1.4630 F3600
G1 X162.000 Y146.000 F6000
G1 X202.000 Y146.000 E1.4967 F6000
G1 X202.000 Y186.000 E1.4967 F6000
G1 X162.000 Y186.000 E1.4967 F6000
G1 X162.000 Y146.000 E1.4967 F6000
;LAYER_CHANGE
;Z:5.60
G1 Z5.60 F300
G1 X162.450 Y146.450 F6000
G1 X201.550 Y146.450 E1.4630 F3600
G1 X201.550 Y185.550 E1.4630 F3600
G1 X162.450 Y185.550 E1.4630 F3600
G1 X162.450 Y146.450 E1.4630 F3600
G1 X162.000 Y146.000 F6000
G1 X202.000 Y146.000 E1.4967 F6000
G1 X202.000 Y186.000 E1.4967 F6000
G1 X162.000 Y186.000 E1.4967 F6000
G1 X162.000 Y146.000 E1.4967 F6000
;LAYER_CHANGE
;Z:5.80
G1 Z5.80 F300
G1 X162.450 Y146.450 F6000
G1 X201.550 Y146.450 E1.4630 F3600
G1 X201.550 Y185.550 E1.4630 F3600
G1 X162.450 Y185.550 E1.4630 F3600
G1 X162.450 Y146.450 E1.4630 F3600
G1 X162.000 Y146.000 F6000
G1 X202.000 Y146.000 E1.4967 F6000
G1 X202.000 Y186.000 E1.4967 F6000
G1 X162.000 Y186.000 E1.4967 F6000
G1 X162.000 Y146.000 E1.4967 F6000
;LAYER_CHANGE
;Z:6.00
G1 Z6.00 F300
G1 X162.450 Y146.450 F6000
G1 X201.550 Y146.450 E1.4630 F3600
G1 X201.550 Y185.550 E1.4630 F3600
G1 X162.450 Y185.550 E1.4630 F3600
G1 X162.450 Y146.450 E1.4630 F3600
G1 X162.000 Y146.000 F6000
G1 X202.000 Y146.000 E1.4967 F6000
G1 X202.000 Y186.000 E1.4967 F6000
G1 X162.000 Y186.000 E1.4967 F6000
G1 X162.000 Y146.000 E1.4967 F6000
;LAYER_CHANGE
;Z:6.20
G1 Z6.20 F300
G1 X162.450 Y146.450 F6000
G1 X201.550 Y146.450 E1.4630 F3600
G1 X201.550 Y185.550 E1.4630 F3600
G1 X162.450 Y185.550 E1.4630 F3600
G1 X162.450 Y146.450 E1.4630 F3600
G1 X162.000 Y146.000 F6000
G1 X202.000 Y146.000 E1.4967 F6000
G1 X202.000 Y186.000 E1.4967 F6000
G1 X162.000 Y186.000 E1.4967 F6000
G1 X162.000 Y146.000 E1.4967 F6000
;LAYER_CHANGE
;Z:6.40
G1 Z6.40 F300
G1 X162.450 Y146.450 F6000
G1 X201.550 Y146.450 E1.4630 F3600
G1 X201.550 Y185.550 E1.4630 F3600
G1 X162.450 Y185.550 E1.4630 F3600
G1 X162.450 Y146.450 E1.4630 F3600
G1 X162.000 Y146.000 F6000
G1 X202.000 Y146.000 E1.4967 F6000
G1 X202.000 Y186.000 E1.4967 F6000
G1 X162.000 Y186.000 E1.4967 F6000
G1 X162.000 Y146.000 E1.4967 F6000
;LAYER_CHANGE
;Z:6.60
G1 Z6.60 F300
G1 X162.450 Y146.450 F6000
G1 X201.550 Y146.450 E1.4630 F3600
G1 X201.550 Y185.550 E1.4630 F3600
G1 X162.450 Y185.550 E1.4630 F3600
G1 X162.450 Y146.450 E1.4630 F3600
G1 X162.000 Y146.000 F6000
G1 X202.000 Y146.000 E1.4967 F6000
G1 X202.000 Y186.000 E1.4967 F6000
G1 X162.000 Y186.000 E1.4967 F6000
G1 X162.000 Y146.000 E1.4967 F6000
;LAYER_CHANGE
;Z:6.80
G1 Z6.80 F300
G1 X162.450 Y146.450 F6000
G1 X201.550 Y146.450 E1.4630 F3600
G1 X201.550 Y185.550 E1.4630 F3600
G1 X162.450 Y185.550 E1.4630 F3600
G1 X162.450 Y146.450 E1.4630 F3600
G1 X162.000 Y146.000 F6000
G1 X202.000 Y146.000 E1.4967 F6000
G1 X202.000 Y186.000 E1.4967 F6000
G1 X162.000 Y186.000 E1.4967 F6000
G1 X162.000 Y146.000 E1.4967 F6000
;LAYER_CHANGE
;Z:7.00
G1 Z7.00 F300
G1 X162.450 Y146.450 F6000
G1 X201.550 Y146.450 E1.4630 F3600
G1 X201.550 Y185.550 E1.4630 F3600
G1 X162.450 Y185.550 E1.4630 F3600
G1 X162.450 Y146.450 E1.4630 F3600
G1 X162.000 Y146.000 F6000
G1 X202.000 Y146.000 E1.4967 F6000
G1 X202.000 Y186.000 E1.4967 F6000
G1 X162.000 Y186.000 E1.4967 F6000
G1 X162.000 Y146.000 E1.4967 F6000
;LAYER_CHANGE
;Z:7.20
G1 Z7.20 F300
G1 X162.450 Y146.450 F6000
G1 X201.550 Y146.450 E1.4630 F3600
G1 X201.550 Y185.550 E1.4630 F3600
G1 X162.450 Y185.550 E1.4630 F3600
G1 X162.450 Y146.450 E1.4630 F3600
G1 X162.000 Y146.000 F6000
G1 X202.000 Y146.000 E1.4967 F6000
G1 X202.000 Y186.000 E1.4967 F6000
G1 X162.000 Y186.000 E1.4967 F6000
G1 X162.000 Y146.000 E1.4967 F6000
;LAYER_CHANGE
;Z:7.40
G1 Z7.40 F300
G1 X162.450 Y146.450 F6000
G1 X201.550 Y146.450 E1.4630 F3600
G1 X201.550 Y185.550 E1.4630 F3600
G1 X162.450 Y185.550 E1.4630 F3600
G1 X162.450 Y146.450 E1.4630 F3600
G1 X162.000 Y146.000 F6000
G1 X202.000 Y146.000 E1.4967 F6000
G1 X202.000 Y186.000 E1.4967 F6000
G1 X162.000 Y186.000 E1.4967 F6000
G1 X162.000 Y146.000 E1.4967 F6000
;LAYER_CHANGE
;Z:7.60
G1 Z7.60 F300
G1 X162.450 Y146.450 F6000
G1 X201.550 Y146.450 E1.4630 F3600
G1 X201.550 Y185.550 E1.4630 F3600
G1 X162.450 Y185.550 E1.4630 F3600
G1 X162.450 Y146.450 E1.4630 F3600
G1 X162.000 Y146.000 F6000
G1 X202.000 Y146.000 E1.4967 F6000
G1 X202.000 Y186.000 E1.4967 F6000
G1 X162.000 Y186.000 E1.4967 F6000
G1 X162.000 Y146.000 E1.4967 F6000
;LAYER_CHANGE
;Z:7.80
G1 Z7.80 F300
G1 X162.450 Y146.450 F6000
G1 X201.550 Y146.450 E1.4630 F3600
G1 X201.550 Y185.550 E1.4630 F3600
G1 X162.450 Y185.550 E1.4630 F3600
G1 X162.450 Y146.450 E1.4630 F3600
G1 X162.000 Y146.000 F6000
G1 X202.000 Y146.000 E1.4967 F6000
G1 X202.000 Y186.000 E1.4967 F6000
G1 X162.000 Y186.000 E1.4967 F6000
G1 X162.000 Y146.000 E1.4967 F6000
;LAYER_CHANGE
;Z:8.00
G1 Z8.00 F300
G1 X162.450 Y146.450 F6000
G1 X201.550 Y146.450 E1.4630 F3600
G1 X201.550 Y185.550 E1.4630 F3600
G1 X162.450 Y185.550 E1.4630 F3600
G1 X162.450 Y146.450 E1.4630 F3600
G1 X162.000 Y146.000 F6000
G1 X202.000 Y146.000 E1.4967 F6000
G1 X202.000 Y186.000 E1.4967 F6000
G1 X162.000 Y186.000 E1.4967 F6000
G1 X162.000 Y146.000 E1.4967 F6000
;LAYER_CHANGE
;Z:8.20
G1 Z8.20 F300
G1 X162.450 Y146.450 F6000
G1 X201.550 Y146.450 E1.4630 F3600
G1 X201.550 Y185.550 E1.4630 F3600
G1 X162.450 Y185.550 E1.4630 F3600
G1 X162.450 Y146.450 E1.4630 F3600
G1 X162.000 Y146.000 F6000
G1 X202.000 Y146.000 E1.4967 F6000
G1 X202.000 Y186.000 E1.4967 F6000
G1 X162.000 Y186.000 E1.4967 F6000
G1 X162.000 Y146.000 E1.4967 F6000
;LAYER_CHANGE
;Z:8.40
G1 Z8.40 F300
G1 X162.450 Y146.450 F6000
G1 X201.550 Y146.450 E1.4630 F3600
G1 X201.550 Y185.550 E1.4630 F3600
G1 X162.450 Y185.550 E1.4630 F3600
G1 X162.450 Y146.450 E1.4630 F3600
G1 X162.000 Y146.000 F6000
G1 X202.000 Y146.000 E1.4967 F6000
G1 X202.000 Y186.000 E1.4967 F6000
G1 X162.000 Y186.000 E1.4967 F6000
G1 X162.000 Y146.000 E1.4967 F6000
;LAYER_CHANGE
;Z:8.60
G1 Z8.60 F300
G1 X162.450 Y146.450 F6000
G1 X201.550 Y146.450 E1.4630 F3600
G1 X201.550 Y185.550 E1.4630 F3600
G1 X162.450 Y185.550 E1.4630 F3600
G1 X162.450 Y146.450 E1.4630 F3600
G1 X162.000 Y146.000 F6000
G1 X202.000 Y146.000 E1.4967 F6000
G1 X202.000 Y186.000 E1.4967 F6000
G1 X162.000 Y186.000 E1.4967 F6000
G1 X162.000 Y146.000 E1.4967 F6000
;LAYER_CHANGE
;Z:8.80
G1 Z8.80 F300
G1 X162.450 Y146.450 F6000
G1 X201.550 Y146.450 E1.4630 F3600
G1 X201.550 Y185.550 E1.4630 F3600
G1 X162.450 Y185.550 E1.4630 F3600
G1 X162.450 Y146.450 E1.4630 F3600
G1 X162.000 Y146.000 F6000
G1 X202.000 Y146.000 E1.4967 F6000
G1 X202.000 Y186.000 E1.4967 F6000
G1 X162.000 Y186.000 E1.4967 F6000
G1 X162.000 Y146.000 E1.4967 F6000
;LAYER_CHANGE
;Z:9.00
G1 Z9.00 F300
G1 X162.450 Y146.450 F6000
G1 X201.550 Y146.450 E1.4630 F3600
G1 X201.550 Y185.550 E1.4630 F3600
G1 X162.450 Y185.550 E1.4630 F3600
G1 X162.450 Y146.450 E1.4630 F3600
G1 X162.000 Y146.000 F6000
G1 X202.000 Y146.000 E1.4967 F6000
G1 X202.000 Y186.000 E1.4967 F6000
G1 X162.000 Y186.000 E1.4967 F6000
G1 X162.000 Y146.000 E1.4967 F6000
;LAYER_CHANGE
;Z:9.20
G1 Z9.20 F300
G1 X162.450 Y146.450 F6000
G1 X201.550 Y146.450 E1.4630 F3600
G1 X201.550 Y185.550 E1.4630 F3600
G1 X162.450 Y185.550 E1.4630 F3600
G1 X162.450 Y146.450 E1.4630 F3600
G1 X162.000 Y146.000 F6000
G1 X202.000 Y146.000 E1.4967 F6000
G1 X202.000 Y186.000 E1.4967 F6000
G1 X162.000 Y186.000 E1.4967 F6000
G1 X162.000 Y146.000 E1.4967 F6000
;LAYER_CHANGE
;Z:9.40
G1 Z9.40 F300
G1 X162.450 Y146.450 F6000
G1 X201.550 Y146.450 E1.4630 F3600
G1 X201.550 Y185.550 E1.4630 F3600
G1 X162.450 Y185.550 E1.4630 F3600
G1 X162.450 Y146.450 E1.4630 F3600
G1 X162.000 Y146.000 F6000
G1 X202.000 Y146.000 E1.4967 F6000
G1 X202.000 Y186.000 E1.4967 F6000
G1 X162.000 Y186.000 E1.4967 F6000
G1 X162.000 Y146.000 E1.4967 F6000
;LAYER_CHANGE
;Z:9.60
G1 Z9.60 F300
G1 X162.450 Y146.450 F6000
G1 X201.550 Y146.450 E1.4630 F3600
G1 X201.550 Y185.550 E1.4630 F3600
G1 X162.450 Y185.550 E1.4630 F3600
G1 X162.450 Y146.450 E1.4630 F3600
G1 X162.000 Y146.000 F6000
G1 X202.000 Y146.000 E1.4967 F6000
G1 X202.000 Y186.000 E1.4967 F6000
G1 X162.000 Y186.000 E1.4967 F6000
G1 X162.000 Y146.000 E1.4967 F6000
;LAYER_CHANGE
;Z:9.80
G1 Z9.80 F300
G1 X162.450 Y146.450 F6000
G1 X201.550 Y146.450 E1.4630 F3600
G1 X201.550 Y185.550 E1.4630 F3600
G1 X162.450 Y185.550 E1.4630 F3600
G1 X162.450 Y146.450 E1.4630 F3600
G1 X162.000 Y146.000 F6000
G1 X202.000 Y146.000 E1.4967 F6000
G1 X202.000 Y186.000 E1.4967 F6000
G1 X162.000 Y186.000 E1.4967 F6000
G1 X162.000 Y146.000 E1.4967 F6000
;LAYER_CHANGE
;Z:10.00
G1 Z10.00 F300
G1 X162.450 Y146.450 F6000
G1 X201.550 Y146.450 E1.4630 F3600
G1 X201.550 Y185.550 E1.4630 F3600
G1 X162.450 Y185.550 E1.4630 F3600
G1 X162.450 Y146.450 E1.4630 F3600
G1 X162.000 Y146.000 F6000
G1 X202.000 Y146.000 E1.4967 F6000
G1 X202.000 Y186.000 E1.4967 F6000
G1 X162.000 Y186.000 E1.4967 F6000
G1 X162.000 Y146.000 E1.4967 F6000
;LAYER_CHANGE
;Z:10.20
G1 Z10.20 F300
M572 D0 S0.020 ; band 2 from Z 10.2
G1 X162.450 Y146.450 F6000
G1 X201.550 Y146.450 E1.4630 F3600
G1 X201.550 Y185.550 E1.4630 F3600
G1 X162.450 Y185.550 E1.4630 F3600
G1 X162.450 Y146.450 E1.4630 F3600
G1 X162.000 Y146.000 F6000
G1 X202.000 Y146.000 E1.4967 F6000
G1 X202.000 Y186.000 E1.4967 F6000
G1 X162.000 Y186.000 E1.4967 F6000
G1 X162.000 Y146.000 E1.4967 F6000
;LAYER_CHANGE
;Z:10.40
G1 Z10.40 F300
G1 X162.450 Y146.450 F6000
G1 X201.550 Y146.450 E1.4630 F3600
G1 X201.550 Y185.550 E1.4630 F3600
G1 X162.450 Y185.550 E1.4630 F3600
G1 X162.450 Y146.450 E1.4630 F3600
G1 X162.000 Y146.000 F6000
G1 X202.000 Y146.000 E1.4967 F6000
G1 X202.000 Y186.000 E1.4967 F6000
G1 X162.000 Y186.000 E1.4967 F6000
G1 X162.000 Y146.000 E1.4967 F6000
;LAYER_CHANGE
;Z:10.60
G1 Z10.60 F300
G1 X162.450 Y146.450 F6000
G1 X201.550 Y146.450 E1.4630 F3600
G1 X201.550 Y185.550 E1.4630 F3600
G1 X162.450 Y185.550 E1.4630 F3600
G1 X162.450 Y146.450 E1.4630 F3600
G1 X162.000 Y146.000 F6000
G1 X202.000 Y146.000 E1.4967 F6000
G1 X202.000 Y186.000 E1.4967 F6000
G1 X162.000 Y186.000 E1.4967 F6000
G1 X162.000 Y146.000 E1.4967 F6000
;LAYER_CHANGE
;Z:10.80
G1 Z10.80 F300
G1 X162.450 Y146.450 F6000
G1 X201.550 Y146.450 E1.4630 F3600
G1 X201.550 Y185.550 E1.4630 F3600
G1 X162.450 Y185.550 E1.4630 F3600
G1 X162.450 Y146.450 E1.4630 F3600
G1 X162.000 Y146.000 F6000
G1 X202.000 Y146.000 E1.4967 F6000
G1 X202.000 Y186.000 E1.4967 F6000
G1 X162.000 Y186.000 E1.4967 F6000
G1 X162.000 Y146.000 E1.4967 F6000
;LAYER_CHANGE
;Z:11.00
G1 Z11.00 F300
G1 X162.450 Y146.450 F6000
G1 X201.550 Y146.450 E1.4630 F3600
G1 X201.550 Y185.550 E1.4630 F3600
G1 X162.450 Y185.550 E1.4630 F3600
G1 X162.450 Y146.450 E1.4630 F3600
G1 X162.000 Y146.000 F6000
G1 X202.000 Y146.000 E1.4967 F6000
G1 X202.000 Y186.000 E1.4967 F6000
G1 X162.000 Y186.000 E1.4967 F6000
G1 X162.000 Y146.000 E1.4967 F6000
;LAYER_CHANGE
;Z:11.20
G1 Z11.20 F300
G1 X162.450 Y146.450 F6000
G1 X201.550 Y146.450 E1.4630 F3600
G1 X201.550 Y185.550 E1.4630 F3600
G1 X162.450 Y185.550 E1.4630 F3600
G1 X162.450 Y146.450 E1.4630 F3600
G1 X162.000 Y146.000 F6000
G1 X202.000 Y146.000 E1.4967 F6000
G1 X202.000 Y186.000 E1.4967 F6000
G1 X162.000 Y186.000 E1.4967 F6000
G1 X162.000 Y146.000 E1.4967 F6000
;LAYER_CHANGE
;Z:11.40
G1 Z11.40 F300
G1 X162.450 Y146.450 F6000
G1 X201.550 Y146.450 E1.4630 F3600
G1 X201.550 Y185.550 E1.4630 F3600
G1 X162.450 Y185.550 E1.4630 F3600
G1 X162.450 Y146.450 E1.4630 F3600
G1 X162.000 Y146.000 F6000
G1 X202.000 Y146.000 E1.4967 F6000
G1 X202.000 Y186.000 E1.4967 F6000
G1 X162.000 Y186.000 E1.4967 F6000
G1 X162.000 Y146.000 E1.4967 F6000
;LAYER_CHANGE
;Z:11.60
G1 Z11.60 F300
G1 X162.450 Y146.450 F6000
G1 X201.550 Y146.450 E1.4630 F3600
G1 X201.550 Y185.550 E1.4630 F3600
G1 X162.450 Y185.550 E1.4630 F3600
G1 X162.450 Y146.450 E1.4630 F3600
G1 X162.000 Y146.000 F6000
G1 X202.000 Y146.000 E1.4967 F6000
G1 X202.000 Y186.000 E1.4967 F6000
G1 X162.000 Y186.000 E1.4967 F6000
G1 X162.000 Y146.000 E1.4967 F6000
;LAYER_CHANGE
;Z:11.80
G1 Z11.80 F300
G1 X162.450 Y146.450 F6000
G1 X201.550 Y146.450 E1.4630 F3600
G1 X201.550 Y185.550 E1.4630 F3600
G1 X162.450 Y185.550 E1.4630 F3600
G1 X162.450 Y146.450 E1.4630 F3600
G1 X162.000 Y146.000 F6000
G1 X202.000 Y146.000 E1.4967 F6000
G1 X202.000 Y186.000 E1.4967 F6000
G1 X162.000 Y186.000 E1.4967 F6000
G1 X162.000 Y146.000 E1.4967 F6000
;LAYER_CHANGE
;Z:12.00
G1 Z12.00 F300
G1 X162.450 Y146.450 F6000
G1 X201.550 Y146.450 E1.4630 F3600
G1 X201.550 Y185.550 E1.4630 F3600
G1 X162.450 Y185.550 E1.4630 F3600
G1 X162.450 Y146.450 E1.4630 F3600
G1 X162.000 Y146.000 F6000
G1 X202.000 Y146.000 E1.4967 F6000
G1 X202.000 Y186.000 E1.4967 F6000
G1 X162.000 Y186.000 E1.4967 F6000
G1 X162.000 Y146.000 E1.4967 F6000
;LAYER_CHANGE
;Z:12.20
G1 Z12.20 F300
G1 X162.450 Y146.450 F6000
G1 X201.550 Y146.450 E1.4630 F3600
G1 X201.550 Y185.550 E1.4630 F3600
G1 X162.450 Y185.550 E1.4630 F3600
G1 X162.450 Y146.450 E1.4630 F3600
G1 X162.000 Y146.000 F6000
G1 X202.000 Y146.000 E1.4967 F6000
G1 X202.000 Y186.000 E1.4967 F6000
G1 X162.000 Y186.000 E1.4967 F6000
G1 X162.000 Y146.000 E1.4967 F6000
;LAYER_CHANGE
;Z:12.40
G1 Z12.40 F300
G1 X162.450 Y146.450 F6000
G1 X201.550 Y146.450 E1.4630 F3600
G1 X201.550 Y185.550 E1.4630 F3600
G1 X162.450 Y185.550 E1.4630 F3600
G1 X162.450 Y146.450 E1.4630 F3600
G1 X162.000 Y146.000 F6000
G1 X202.000 Y146.000 E1.4967 F6000
G1 X202.000 Y186.000 E1.4967 F6000
G1 X162.000 Y186.000 E1.4967 F6000
G1 X162.000 Y146.000 E1.4967 F6000
;LAYER_CHANGE
;Z:12.60
G1 Z12.60 F300
G1 X162.450 Y146.450 F6000
G1 X201.550 Y146.450 E1.4630 F3600
G1 X201.550 Y185.550 E1.4630 F3600
G1 X162.450 Y185.550 E1.4630 F3600
G1 X162.450 Y146.450 E1.4630 F3600
G1 X162.000 Y146.000 F6000
G1 X202.000 Y146.000 E1.4967 F6000
G1 X202.000 Y186.000 E1.4967 F6000
G1 X162.000 Y186.000 E1.4967 F6000
G1 X162.000 Y146.000 E1.4967 F6000
;LAYER_CHANGE
;Z:12.80
G1 Z12.80 F300
G1 X162.450 Y146.450 F6000
G1 X201.550 Y146.450 E1.4630 F3600
G1 X201.550 Y185.550 E1.4630 F3600
G1 X162.450 Y185.550 E1.4630 F3600
G1 X162.450 Y146.450 E1.4630 F3600
G1 X162.000 Y146.000 F6000
G1 X202.000 Y146.000 E1.4967 F6000
G1 X202.000 Y186.000 E1.4967 F6000
G1 X162.000 Y186.000 E1.4967 F6000
G1 X162.000 Y146.000 E1.4967 F6000
;LAYER_CHANGE
;Z:13.00
G1 Z13.00 F300
G1 X162.450 Y146.450 F6000
G1 X201.550 Y146.450 E1.4630 F3600
G1 X201.550 Y185.550 E1.4630 F3600
G1 X162.450 Y185.550 E1.4630 F3600
G1 X162.450 Y146.450 E1.4630 F3600
G1 X162.000 Y146.000 F6000
G1 X202.000 Y146.000 E1.4967 F6000
G1 X202.000 Y186.000 E1.4967 F6000
G1 X162.000 Y186.000 E1.4967 F6000
G1 X162.000 Y146.000 E1.4967 F6000
;LAYER_CHANGE
;Z:13.20
G1 Z13.20 F300
G1 X162.450 Y146.450 F6000
G1 X201.550 Y146.450 E1.4630 F3600
G1 X201.550 Y185.550 E1.4630 F3600
G1 X162.450 Y185.550 E1.4630 F3600
G1 X162.450 Y146.450 E1.4630 F3600
G1 X162.000 Y146.000 F6000
G1 X202.000 Y146.000 E1.4967 F6000
G1 X202.000 Y186.000 E1.4967 F6000
G1 X162.000 Y186.000 E1.4967 F6000
G1 X162.000 Y146.000 E1.4967 F6000
;LAYER_CHANGE
;Z:13.40
G1 Z13.40 F300
G1 X162.450 Y146.450 F6000
G1 X201.550 Y146.450 E1.4630 F3600
G1 X201.550 Y185.550 E1.4630 F3600
G1 X162.450 Y185.550 E1.4630 F3600
G1 X162.450 Y146.450 E1.4630 F3600
G1 X162.000 Y146.000 F6000
G1 X202.000 Y146.000 E1.4967 F6000
G1 X202.000 Y186.000 E1.4967 F6000
G1 X162.000 Y186.000 E1.4967 F6000
G1 X162.000 Y146.000 E1.4967 F6000
;LAYER_CHANGE
;Z:13.60
G1 Z13.60 F300
G1 X162.450 Y146.450 F6000
G1 X201.550 Y146.450 E1.4630 F3600
G1 X201.550 Y185.550 E1.4630 F3600
G1 X162.450 Y185.550 E1.4630 F3600
G1 X162.450 Y146.450 E1.4630 F3600
G1 X162.000 Y146.000 F6000
G1 X202.000 Y146.000 E1.4967 F6000
G1 X202.000 Y186.000 E1.4967 F6000
G1 X162.000 Y186.000 E1.4967 F6000
G1 X162.000 Y146.000 E1.4967 F6000
;LAYER_CHANGE
;Z:13.80
G1 Z13.80 F300
G1 X162.450 Y146.450 F6000
G1 X201.550 Y146.450 E1.4630 F3600
G1 X201.550 Y185.550 E1.4630 F3600
G1 X162.450 Y185.550 E1.4630 F3600
G1 X162.450 Y146.450 E1.4630 F3600
G1 X162.000 Y146.000 F6000
G1 X202.000 Y146.000 E1.4967 F6000
G1 X202.000 Y186.000 E1.4967 F6000
G1 X162.000 Y186.000 E1.4967 F6000
G1 X162.000 Y146.000 E1.4967 F6000
;LAYER_CHANGE
;Z:14.00
G1 Z14.00 F300
G1 X162.450 Y146.450 F6000
G1 X201.550 Y146.450 E1.4630 F3600
G1 X201.550 Y185.550 E1.4630 F3600
G1 X162.450 Y185.550 E1.4630 F3600
G1 X162.450 Y146.450 E1.4630 F3600
G1 X162.000 Y146.000 F6000
G1 X202.000 Y146.000 E1.4967 F6000
G1 X202.000 Y186.000 E1.4967 F6000
G1 X162.000 Y186.000 E1.4967 F6000
G1 X162.000 Y146.000 E1.4967 F6000
;LAYER_CHANGE
;Z:14.20
G1 Z14.20 F300
G1 X162.450 Y146.450 F6000
G1 X201.550 Y146.450 E1.4630 F3600
G1 X201.550 Y185.550 E1.4630 F3600
G1 X162.450 Y185.550 E1.4630 F3600
G1 X162.450 Y146.450 E1.4630 F3600
G1 X162.000 Y146.000 F6000
G1 X202.000 Y146.000 E1.4967 F6000
G1 X202.000 Y186.000 E1.4967 F6000
G1 X162.000 Y186.000 E1.4967 F6000
G1 X162.000 Y146.000 E1.4967 F6000
;LAYER_CHANGE
;Z:14.40
G1 Z14.40 F300
G1 X162.450 Y146.450 F6000
G1 X201.550 Y146.450 E1.4630 F3600
G1 X201.550 Y185.550 E1.4630 F3600
G1 X162.450 Y185.550 E1.4630 F3600
G1 X162.450 Y146.450 E1.4630 F3600
G1 X162.000 Y146.000 F6000
G1 X202.000 Y146.000 E1.4967 F6000
G1 X202.000 Y186.000 E1.4967 F6000
G1 X162.000 Y186.000 E1.4967 F6000
G1 X162.000 Y146.000 E1.4967 F6000
;LAYER_CHANGE
;Z:14.60
G1 Z14.60 F300
G1 X162.450 Y146.450 F6000
G1 X201.550 Y146.450 E1.4630 F3600
G1 X201.550 Y185.550 E1.4630 F3600
G1 X162.450 Y185.550 E1.4630 F3600
G1 X162.450 Y146.450 E1.4630 F3600
G1 X162.000 Y146.000 F6000
G1 X202.000 Y146.000 E1.4967 F6000
G1 X202.000 Y186.000 E1.4967 F6000
G1 X162.000 Y186.000 E1.4967 F6000
G1 X162.000 Y146.000 E1.4967 F6000
;LAYER_CHANGE
;Z:14.80
G1 Z14.80 F300
G1 X162.450 Y146.450 F6000
G1 X201.550 Y146.450 E1.4630 F3600
G1 X201.550 Y185.550 E1.4630 F3600
G1 X162.450 Y185.550 E1.4630 F3600
G1 X162.450 Y146.450 E1.4630 F3600
G1 X162.000 Y146.000 F6000
G1 X202.000 Y146.000 E1.4967 F6000
G1 X202.000 Y186.000 E1.4967 F6000
G1 X162.000 Y186.000 E1.4967 F6000
G1 X162.000 Y146.000 E1.4967 F6000
;LAYER_CHANGE
;Z:15.00
G1 Z15.00 F300
G1 X162.450 Y146.450 F6000
G1 X201.550 Y146.450 E1.4630 F3600
G1 X201.550 Y185.550 E1.4630 F3600
G1 X162.450 Y185.550 E1.4630 F3600
G1 X162.450 Y146.450 E1.4630 F3600
G1 X162.000 Y146.000 F6000
G1 X202.000 Y146.000 E1.4967 F6000
G1 X202.000 Y186.000 E1.4967 F6000
G1 X162.000 Y186.000 E1.4967 F6000
G1 X162.000 Y146.000 E1.4967 F6000
;LAYER_CHANGE
;Z:15.20
G1 Z15.20 F300
M572 D0 S0.030 ; band 3 from Z 15.2
G1 X162.450 Y146.450 F6000
G1 X201.550 Y146.450 E1.4630 F3600
G1 X201.550 Y185.550 E1.4630 F3600
G1 X162.450 Y185.550 E1.4630 F3600
G1 X162.450 Y146.450 E1.4630 F3600
G1 X162.000 Y146.000 F6000
G1 X202.000 Y146.000 E1.4967 F6000
G1 X202.000 Y186.000 E1.4967 F6000
G1 X162.000 Y186.000 E1.4967 F6000
G1 X162.000 Y146.000 E1.4967 F6000
;LAYER_CHANGE
;Z:15.40
G1 Z15.40 F300
G1 X162.450 Y146.450 F6000
G1 X201.550 Y146.450 E1.4630 F3600
G1 X201.550 Y185.550 E1.4630 F3600
G1 X162.450 Y185.550 E1.4630 F3600
G1 X162.450 Y146.450 E1.4630 F3600
G1 X162.000 Y146.000 F6000
G1 X202.000 Y146.000 E1.4967 F6000
G1 X202.000 Y186.000 E1.4967 F6000
G1 X162.000 Y186.000 E1.4967 F6000
G1 X162.000 Y146.000 E1.4967 F6000
;LAYER_CHANGE
;Z:15.60
G1 Z15.60 F300
G1 X162.450 Y146.450 F6000
G1 X201.550 Y146.450 E1.4630 F3600
G1 X201.550 Y185.550 E1.4630 F3600
G1 X162.450 Y185.550 E1.4630 F3600
G1 X162.450 Y146.450 E1.4630 F3600
G1 X162.000 Y146.000 F6000
G1 X202.000 Y146.000 E1.4967 F6000
G1 X202.000 Y186.000 E1.4967 F6000
G1 X162.000 Y186.000 E1.4967 F6000
G1 X162.000 Y146.000 E1.4967 F6000
;LAYER_CHANGE
;Z:15.80
G1 Z15.80 F300
G1 X162.450 Y146.450 F6000
G1 X201.550 Y146.450 E1.4630 F3600
G1 X201.550 Y185.550 E1.4630 F3600
G1 X162.450 Y185.550 E1.4630 F3600
G1 X162.450 Y146.450 E1.4630 F3600
G1 X162.000 Y146.000 F6000
G1 X202.000 Y146.000 E1.4967 F6000
G1 X202.000 Y186.000 E1.4967 F6000
G1 X162.000 Y186.000 E1.4967 F6000
G1 X162.000 Y146.000 E1.4967 F6000
;LAYER_CHANGE
;Z:16.00
G1 Z16.00 F300
G1 X162.450 Y146.450 F6000
G1 X201.550 Y146.450 E1.4630 F3600
G1 X201.550 Y185.550 E1.4630 F3600
G1 X162.450 Y185.550 E1.4630 F3600
G1 X162.450 Y146.450 E1.4630 F3600
G1 X162.000 Y146.000 F6000
G1 X202.000 Y146.000 E1.4967 F6000
G1 X202.000 Y186.000 E1.4967 F6000
G1 X162.000 Y186.000 E1.4967 F6000
G1 X162.000 Y146.000 E1.4967 F6000
;LAYER_CHANGE
;Z:16.20
G1 Z16.20 F300
G1 X162.450 Y146.450 F6000
G1 X201.550 Y146.450 E1.4630 F3600
G1 X201.550 Y185.550 E1.4630 F3600
G1 X162.450 Y185.550 E1.4630 F3600
G1 X162.450 Y146.450 E1.4630 F3600
G1 X162.000 Y146.000 F6000
G1 X202.000 Y146.000 E1.4967 F6000
G1 X202.000 Y186.000 E1.4967 F6000
G1 X162.000 Y186.000 E1.4967 F6000
G1 X162.000 Y146.000 E1.4967 F6000
;LAYER_CHANGE
;Z:16.40
G1 Z16.40 F300
G1 X162.450 Y146.450 F6000
G1 X201.550 Y146.450 E1.4630 F3600
G1 X201.550 Y185.550 E1.4630 F3600
G1 X162.450 Y185.550 E1.4630 F3600
G1 X162.450 Y146.450 E1.4630 F3600
G1 X162.000 Y146.000 F6000
G1 X202.000 Y146.000 E1.4967 F6000
G1 X202.000 Y186.000 E1.4967 F6000
G1 X162.000 Y186.000 E1.4967 F6000
G1 X162.000 Y146.000 E1.4967 F6000
;LAYER_CHANGE
;Z:16.60
G1 Z16.60 F300
G1 X162.450 Y146.450 F6000
G1 X201.550 Y146.450 E1.4630 F3600
G1 X201.550 Y185.550 E1.4630 F3600
G1 X162.450 Y185.550 E1.4630 F3600
G1 X162.450 Y146.450 E1.4630 F3600
G1 X162.000 Y146.000 F6000
G1 X202.000 Y146.000 E1.4967 F6000
G1 X202.000 Y186.000 E1.4967 F6000
G1 X162.000 Y186.000 E1.4967 F6000
G1 X162.000 Y146.000 E1.4967 F6000
;LAYER_CHANGE
;Z:16.80
G1 Z16.80 F300
G1 X162.450 Y146.450 F6000
G1 X201.550 Y146.450 E1.4630 F3600
G1 X201.550 Y185.550 E1.4630 F3600
G1 X162.450 Y185.550 E1.4630 F3600
G1 X162.450 Y146.450 E1.4630 F3600
G1 X162.000 Y146.000 F6000
G1 X202.000 Y146.000 E1.4967 F6000
G1 X202.000 Y186.000 E1.4967 F6000
G1 X162.000 Y186.000 E1.4967 F6000
G1 X162.000 Y146.000 E1.4967 F6000
;LAYER_CHANGE
;Z:17.00
G1 Z17.00 F300
G1 X162.450 Y146.450 F6000
G1 X201.550 Y146.450 E1.4630 F3600
G1 X201.550 Y185.550 E1.4630 F3600
G1 X162.450 Y185.550 E1.4630 F3600
G1 X162.450 Y146.450 E1.4630 F3600
G1 X162.000 Y146.000 F6000
G1 X202.000 Y146.000 E1.4967 F6000
G1 X202.000 Y186.000 E1.4967 F6000
G1 X162.000 Y186.000 E1.4967 F6000
G1 X162.000 Y146.000 E1.4967 F6000
;LAYER_CHANGE
;Z:17.20
G1 Z17.20 F300
G1 X162.450 Y146.450 F6000
G1 X201.550 Y146.450 E1.4630 F3600
G1 X201.550 Y185.550 E1.4630 F3600
G1 X162.450 Y185.550 E1.4630 F3600
G1 X162.450 Y146.450 E1.4630 F3600
G1 X162.000 Y146.000 F6000
G1 X202.000 Y146.000 E1.4967 F6000
G1 X202.000 Y186.000 E1.4967 F6000
G1 X162.000 Y186.000 E1.4967 F6000
G1 X162.000 Y146.000 E1.4967 F6000
;LAYER_CHANGE
;Z:17.40
G1 Z17.40 F300
G1 X162.450 Y146.450 F6000
G1 X201.550 Y146.450 E1.4630 F3600
G1 X201.550 Y185.550 E1.4630 F3600
G1 X162.450 Y185.550 E1.4630 F3600
G1 X162.450 Y146.450 E1.4630 F3600
G1 X162.000 Y146.000 F6000
G1 X202.000 Y146.000 E1.4967 F6000
G1 X202.000 Y186.000 E1.4967 F6000
G1 X162.000 Y186.000 E1.4967 F6000
G1 X162.000 Y146.000 E1.4967 F6000
;LAYER_CHANGE
;Z:17.60
G1 Z17.60 F300
G1 X162.450 Y146.450 F6000
G1 X201.550 Y146.450 E1.4630 F3600
G1 X201.550 Y185.550 E1.4630 F3600
G1 X162.450 Y185.550 E1.4630 F3600
G1 X162.450 Y146.450 E1.4630 F3600
G1 X162.000 Y146.000 F6000
G1 X202.000 Y146.000 E1.4967 F6000
G1 X202.000 Y186.000 E1.4967 F6000
G1 X162.000 Y186.000 E1.4967 F6000
G1 X162.000 Y146.000 E1.4967 F6000
;LAYER_CHANGE
;Z:17.80
G1 Z17.80 F300
G1 X162.450 Y146.450 F6000
G1 X201.550 Y146.450 E1.4630 F3600
G1 X201.550 Y185.550 E1.4630 F3600
G1 X162.450 Y185.550 E1.4630 F3600
G1 X162.450 Y146.450 E1.4630 F3600
G1 X162.000 Y146.000 F6000
G1 X202.000 Y146.000 E1.4967 F6000
G1 X202.000 Y186.000 E1.4967 F6000
G1 X162.000 Y186.000 E1.4967 F6000
G1 X162.000 Y146.000 E1.4967 F6000
;LAYER_CHANGE
;Z:18.00
G1 Z18.00 F300
G1 X162.450 Y146.450 F6000
G1 X201.550 Y146.450 E1.4630 F3600
G1 X201.550 Y185.550 E1.4630 F3600
G1 X162.450 Y185.550 E1.4630 F3600
G1 X162.450 Y146.450 E1.4630 F3600
G1 X162.000 Y146.000 F6000
G1 X202.000 Y146.000 E1.4967 F6000
G1 X202.000 Y186.000 E1.4967 F6000
G1 X162.000 Y186.000 E1.4967 F6000
G1 X162.000 Y146.000 E1.4967 F6000
;LAYER_CHANGE
;Z:18.20
G1 Z18.20 F300
G1 X162.450 Y146.450 F6000
G1 X201.550 Y146.450 E1.4630 F3600
G1 X201.550 Y185.550 E1.4630 F3600
G1 X162.450 Y185.550 E1.4630 F3600
G1 X162.450 Y146.450 E1.4630 F3600
G1 X162.000 Y146.000 F6000
G1 X202.000 Y146.000 E1.4967 F6000
G1 X202.000 Y186.000 E1.4967 F6000
G1 X162.000 Y186.000 E1.4967 F6000
G1 X162.000 Y146.000 E1.4967 F6000
;LAYER_CHANGE
;Z:18.40
G1 Z18.40 F300
G1 X162.450 Y146.450 F6000
G1 X201.550 Y146.450 E1.4630 F3600
G1 X201.550 Y185.550 E1.4630 F3600
G1 X162.450 Y185.550 E1.4630 F3600
G1 X162.450 Y146.450 E1.4630 F3600
G1 X162.000 Y146.000 F6000
G1 X202.000 Y146.000 E1.4967 F6000
G1 X202.000 Y186.000 E1.4967 F6000
G1 X162.000 Y186.000 E1.4967 F6000
G1 X162.000 Y146.000 E1.4967 F6000
;LAYER_CHANGE
;Z:18.60
G1 Z18.60 F300
G1 X162.450 Y146.450 F6000
G1 X201.550 Y146.450 E1.4630 F3600
G1 X201.550 Y185.550 E1.4630 F3600
G1 X162.450 Y185.550 E1.4630 F3600
G1 X162.450 Y146.450 E1.4630 F3600
G1 X162.000 Y146.000 F6000
G1 X202.000 Y146.000 E1.4967 F6000
G1 X202.000 Y186.000 E1.4967 F6000
G1 X162.000 Y186.000 E1.4967 F6000
G1 X162.000 Y146.000 E1.4967 F6000
;LAYER_CHANGE
;Z:18.80
G1 Z18.80 F300
G1 X162.450 Y146.450 F6000
G1 X201.550 Y146.450 E1.4630 F3600
G1 X201.550 Y185.550 E1.4630 F3600
G1 X162.450 Y185.550 E1.4630 F3600
G1 X162.450 Y146.450 E1.4630 F3600
G1 X162.000 Y146.000 F6000
G1 X202.000 Y146.000 E1.4967 F6000
G1 X202.000 Y186.000 E1.4967 F6000
G1 X162.000 Y186.000 E1.4967 F6000
G1 X162.000 Y146.000 E1.4967 F6000
;LAYER_CHANGE
;Z:19.00
G1 Z19.00 F300
G1 X162.450 Y146.450 F6000
G1 X201.550 Y146.450 E1.4630 F3600
G1 X201.550 Y185.550 E1.4630 F3600
G1 X162.450 Y185.550 E1.4630 F3600
G1 X162.450 Y146.450 E1.4630 F3600
G1 X162.000 Y146.000 F6000
G1 X202.000 Y146.000 E1.4967 F6000
G1 X202.000 Y186.000 E1.4967 F6000
G1 X162.000 Y186.000 E1.4967 F6000
G1 X162.000 Y146.000 E1.4967 F6000
;LAYER_CHANGE
;Z:19.20
G1 Z19.20 F300
G1 X162.450 Y146.450 F6000
G1 X201.550 Y146.450 E1.4630 F3600
G1 X201.550 Y185.550 E1.4630 F3600
G1 X162.450 Y185.550 E1.4630 F3600
G1 X162.450 Y146.450 E1.4630 F3600
G1 X162.000 Y146.000 F6000
G1 X202.000 Y146.000 E1.4967 F6000
G1 X202.000 Y186.000 E1.4967 F6000
G1 X162.000 Y186.000 E1.4967 F6000
G1 X162.000 Y146.000 E1.4967 F6000
;LAYER_CHANGE
;Z:19.40
G1 Z19.40 F300
G1 X162.450 Y146.450 F6000
G1 X201.550 Y146.450 E1.4630 F3600
G1 X201.550 Y185.550 E1.4630 F3600
G1 X162.450 Y185.550 E1.4630 F3600
G1 X162.450 Y146.450 E1.4630 F3600
G1 X162.000 Y146.000 F6000
G1 X202.000 Y146.000 E1.4967 F6000
G1 X202.000 Y186.000 E1.4967 F6000
G1 X162.000 Y186.000 E1.4967 F6000
G1 X162.000 Y146.000 E1.4967 F6000
;LAYER_CHANGE
;Z:19.60
G1 Z19.60 F300
G1 X162.450 Y146.450 F6000
G1 X201.550 Y146.450 E1.4630 F3600
G1 X201.550 Y185.550 E1.4630 F3600
G1 X162.450 Y185.550 E1.4630 F3600
G1 X162.450 Y146.450 E1.4630 F3600
G1 X162.000 Y146.000 F6000
G1 X202.000 Y146.000 E1.4967 F6000
G1 X202.000 Y186.000 E1.4967 F6000
G1 X162.000 Y186.000 E1.4967 F6000
G1 X162.000 Y146.000 E1.4967 F6000
;LAYER_CHANGE
;Z:19.80
G1 Z19.80 F300
G1 X162.450 Y146.450 F6000
G1 X201.550 Y146.450 E1.4630 F3600
G1 X201.550 Y185.550 E1.4630 F3600
G1 X162.450 Y185.550 E1.4630 F3600
G1 X162.450 Y146.450 E1.4630 F3600
G1 X162.000 Y146.000 F6000
G1 X202.000 Y146.000 E1.4967 F6000
G1 X202.000 Y186.000 E1.4967 F6000
G1 X162.000 Y186.000 E1.4967 F6000
G1 X162.000 Y146.000 E1.4967 F6000
;LAYER_CHANGE
;Z:20.00
G1 Z20.00 F300
G1 X162.450 Y146.450 F6000
G1 X201.550 Y146.450 E1.4630 F3600
G1 X201.550 Y185.550 E1.4630 F3600
G1 X162.450 Y185.550 E1.4630 F3600
G1 X162.450 Y146.450 E1.4630 F3600
G1 X162.000 Y146.000 F6000
G1 X202.000 Y146.000 E1.4967 F6000
G1 X202.000 Y186.000 E1.4967 F6000
G1 X162.000 Y186.000 E1.4967 F6000
G1 X162.000 Y146.000 E1.4967 F6000
;LAYER_CHANGE
;Z:20.20
G1 Z20.20 F300
M572 D0 S0.040 ; band 4 from Z 20.2
G1 X162.450 Y146.450 F6000
G1 X201.550 Y146.450 E1.4630 F3600
G1 X201.550 Y185.550 E1.4630 F3600
G1 X162.450 Y185.550 E1.4630 F3600
G1 X162.450 Y146.450 E1.4630 F3600
G1 X162.000 Y146.000 F6000
G1 X202.000 Y146.000 E1.4967 F6000
G1 X202.000 Y186.000 E1.4967 F6000
G1 X162.000 Y186.000 E1.4967 F6000
G1 X162.000 Y146.000 E1.4967 F6000
;LAYER_CHANGE
;Z:20.40
G1 Z20.40 F300
G1 X162.450 Y146.450 F6000
G1 X201.550 Y146.450 E1.4630 F3600
G1 X201.550 Y185.550 E1.4630 F3600
G1 X162.450 Y185.550 E1.4630 F3600
G1 X162.450 Y146.450 E1.4630 F3600
G1 X162.000 Y146.000 F6000
G1 X202.000 Y146.000 E1.4967 F6000
G1 X202.000 Y186.000 E1.4967 F6000
G1 X162.000 Y186.000 E1.4967 F6000
G1 X162.000 Y146.000 E1.4967 F6000
;LAYER_CHANGE
;Z:20.60
G1 Z20.60 F300
G1 X162.450 Y146.450 F6000
G1 X201.550 Y146.450 E1.4630 F3600
G1 X201.550 Y185.550 E1.4630 F3600
G1 X162.450 Y185.550 E1.4630 F3600
G1 X162.450 Y146.450 E1.4630 F3600
G1 X162.000 Y146.000 F6000
G1 X202.000 Y146.000 E1.4967 F6000
G1 X202.000 Y186.000 E1.4967 F6000
G1 X162.000 Y186.000 E1.4967 F6000
G1 X162.000 Y146.000 E1.4967 F6000
;LAYER_CHANGE
;Z:20.80
G1 Z20.80 F300
G1 X162.450 Y146.450 F6000
G1 X201.550 Y146.450 E1.4630 F3600
G1 X201.550 Y185.550 E1.4630 F3600
G1 X162.450 Y185.550 E1.4630 F3600
G1 X162.450 Y146.450 E1.4630 F3600
G1 X162.000 Y146.000 F6000
G1 X202.000 Y146.000 E1.4967 F6000
G1 X202.000 Y186.000 E1.4967 F6000
G1 X162.000 Y186.000 E1.4967 F6000
G1 X162.000 Y146.000 E1.4967 F6000
;LAYER_CHANGE
;Z:21.00
G1 Z21.00 F300
G1 X162.450 Y146.450 F6000
G1 X201.550 Y146.450 E1.4630 F3600
G1 X201.550 Y185.550 E1.4630 F3600
G1 X162.450 Y185.550 E1.4630 F3600
G1 X162.450 Y146.450 E1.4630 F3600
G1 X162.000 Y146.000 F6000
G1 X202.000 Y146.000 E1.4967 F6000
G1 X202.000 Y186.000 E1.4967 F6000
G1 X162.000 Y186.000 E1.4967 F6000
G1 X162.000 Y146.000 E1.4967 F6000
;LAYER_CHANGE
;Z:21.20
G1 Z21.20 F300
G1 X162.450 Y146.450 F6000
G1 X201.550 Y146.450 E1.4630 F3600
G1 X201.550 Y185.550 E1.4630 F3600
G1 X162.450 Y185.550 E1.4630 F3600
G1 X162.450 Y146.450 E1.4630 F3600
G1 X162.000 Y146.000 F6000
G1 X202.000 Y146.000 E1.4967 F6000
G1 X202.000 Y186.000 E1.4967 F6000
G1 X162.000 Y186.000 E1.4967 F6000
G1 X162.000 Y146.000 E1.4967 F6000
;LAYER_CHANGE
;Z:21.40
G1 Z21.40 F300
G1 X162.450 Y146.450 F6000
G1 X201.550 Y146.450 E1.4630 F3600
G1 X201.550 Y185.550 E1.4630 F3600
G1 X162.450 Y185.550 E1.4630 F3600
G1 X162.450 Y146.450 E1.4630 F3600
G1 X162.000 Y146.000 F6000
G1 X202.000 Y146.000 E1.4967 F6000
G1 X202.000 Y186.000 E1.4967 F6000
G1 X162.000 Y186.000 E1.4967 F6000
G1 X162.000 Y146.000 E1.4967 F6000
;LAYER_CHANGE
;Z:21.60
G1 Z21.60 F300
G1 X162.450 Y146.450 F6000
G1 X201.550 Y146.450 E1.4630 F3600
G1 X201.550 Y185.550 E1.4630 F3600
G1 X162.450 Y185.550 E1.4630 F3600
G1 X162.450 Y146.450 E1.4630 F3600
G1 X162.000 Y146.000 F6000
G1 X202.000 Y146.000 E1.4967 F6000
G1 X202.000 Y186.000 E1.4967 F6000
G1 X162.000 Y186.000 E1.4967 F6000
G1 X162.000 Y146.000 E1.4967 F6000
;LAYER_CHANGE
;Z:21.80
G1 Z21.80 F300
G1 X162.450 Y146.450 F6000
G1 X201.550 Y146.450 E1.4630 F3600
G1 X201.550 Y185.550 E1.4630 F3600
G1 X162.450 Y185.550 E1.4630 F3600
G1 X162.450 Y146.450 E1.4630 F3600
G1 X162.000 Y146.000 F6000
G1 X202.000 Y146.000 E1.4967 F6000
G1 X202.000 Y186.000 E1.4967 F6000
G1 X162.000 Y186.000 E1.4967 F6000
G1 X162.000 Y146.000 E1.4967 F6000
;LAYER_CHANGE
;Z:22.00
G1 Z22.00 F300
G1 X162.450 Y146.450 F6000
G1 X201.550 Y146.450 E1.4630 F3600
G1 X201.550 Y185.550 E1.4630 F3600
G1 X162.450 Y185.550 E1.4630 F3600
G1 X162.450 Y146.450 E1.4630 F3600
G1 X162.000 Y146.000 F6000
G1 X202.000 Y146.000 E1.4967 F6000
G1 X202.000 Y186.000 E1.4967 F6000
G1 X162.000 Y186.000 E1.4967 F6000
G1 X162.000 Y146.000 E1.4967 F6000
;LAYER_CHANGE
;Z:22.20
G1 Z22.20 F300
G1 X162.450 Y146.450 F6000
G1 X201.550 Y146.450 E1.4630 F3600
G1 X201.550 Y185.550 E1.4630 F3600
G1 X162.450 Y185.550 E1.4630 F3600
G1 X162.450 Y146.450 E1.4630 F3600
G1 X162.000 Y146.000 F6000
G1 X202.000 Y146.000 E1.4967 F6000
G1 X202.000 Y186.000 E1.4967 F6000
G1 X162.000 Y186.000 E1.4967 F6000
G1 X162.000 Y146.000 E1.4967 F6000
;LAYER_CHANGE
;Z:22.40
G1 Z22.40 F300
G1 X162.450 Y146.450 F6000
G1 X201.550 Y146.450 E1.4630 F3600
G1 X201.550 Y185.550 E1.4630 F3600
G1 X162.450 Y185.550 E1.4630 F3600
G1 X162.450 Y146.450 E1.4630 F3600
G1 X162.000 Y146.000 F6000
G1 X202.000 Y146.000 E1.4967 F6000
G1 X202.000 Y186.000 E1.4967 F6000
G1 X162.000 Y186.000 E1.4967 F6000
G1 X162.000 Y146.000 E1.4967 F6000
;LAYER_CHANGE
;Z:22.60
G1 Z22.60 F300
G1 X162.450 Y146.450 F6000
G1 X201.550 Y146.450 E1.4630 F3600
G1 X201.550 Y185.550 E1.4630 F3600
G1 X162.450 Y185.550 E1.4630 F3600
G1 X162.450 Y146.450 E1.4630 F3600
G1 X162.000 Y146.000 F6000
G1 X202.000 Y146.000 E1.4967 F6000
G1 X202.000 Y186.000 E1.4967 F6000
G1 X162.000 Y186.000 E1.4967 F6000
G1 X162.000 Y146.000 E1.4967 F6000
;LAYER_CHANGE
;Z:22.80
G1 Z22.80 F300
G1 X162.450 Y146.450 F6000
G1 X201.550 Y146.450 E1.4630 F3600
G1 X201.550 Y185.550 E1.4630 F3600
G1 X162.450 Y185.550 E1.4630 F3600
G1 X162.450 Y146.450 E1.4630 F3600
G1 X162.000 Y146.000 F6000
G1 X202.000 Y146.000 E1.4967 F6000
G1 X202.000 Y186.000 E1.4967 F6000
G1 X162.000 Y186.000 E1.4967 F6000
G1 X162.000 Y146.000 E1.4967 F6000
;LAYER_CHANGE
;Z:23.00
G1 Z23.00 F300
G1 X162.450 Y146.450 F6000
G1 X201.550 Y146.450 E1.4630 F3600
G1 X201.550 Y185.550 E1.4630 F3600
G1 X162.450 Y185.550 E1.4630 F3600
G1 X162.450 Y146.450 E1.4630 F3600
G1 X162.000 Y146.000 F6000
G1 X202.000 Y146.000 E1.4967 F6000
G1 X202.000 Y186.000 E1.4967 F6000
G1 X162.000 Y186.000 E1.4967 F6000
G1 X162.000 Y146.000 E1.4967 F6000
;LAYER_CHANGE
;Z:23.20
G1 Z23.20 F300
G1 X162.450 Y146.450 F6000
G1 X201.550 Y146.450 E1.4630 F3600
G1 X201.550 Y185.550 E1.4630 F3600
G1 X162.450 Y185.550 E1.4630 F3600
G1 X162.450 Y146.450 E1.4630 F3600
G1 X162.000 Y146.000 F6000
G1 X202.000 Y146.000 E1.4967 F6000
G1 X202.000 Y186.000 E1.4967 F6000
G1 X162.000 Y186.000 E1.4967 F6000
G1 X162.000 Y146.000 E1.4967 F6000
;LAYER_CHANGE
;Z:23.40
G1 Z23.40 F300
G1 X162.450 Y146.450 F6000
G1 X201.550 Y146.450 E1.4630 F3600
G1 X201.550 Y185.550 E1.4630 F3600
G1 X162.450 Y185.550 E1.4630 F3600
G1 X162.450 Y146.450 E1.4630 F3600
G1 X162.000 Y146.000 F6000
G1 X202.000 Y146.000 E1.4967 F6000
G1 X202.000 Y186.000 E1.4967 F6000
G1 X162.000 Y186.000 E1.4967 F6000
G1 X162.000 Y146.000 E1.4967 F6000
;LAYER_CHANGE
;Z:23.60
G1 Z23.60 F300
G1 X162.450 Y146.450 F6000
G1 X201.550 Y146.450 E1.4630 F3600
G1 X201.550 Y185.550 E1.4630 F3600
G1 X162.450 Y185.550 E1.4630 F3600
G1 X162.450 Y146.450 E1.4630 F3600
G1 X162.000 Y146.000 F6000
G1 X202.000 Y146.000 E1.4967 F6000
G1 X202.000 Y186.000 E1.4967 F6000
G1 X162.000 Y186.000 E1.4967 F6000
G1 X162.000 Y146.000 E1.4967 F6000
;LAYER_CHANGE
;Z:23.80
G1 Z23.80 F300
G1 X162.450 Y146.450 F6000
G1 X201.550 Y146.450 E1.4630 F3600
G1 X201.550 Y185.550 E1.4630 F3600
G1 X162.450 Y185.550 E1.4630 F3600
G1 X162.450 Y146.450 E1.4630 F3600
G1 X162.000 Y146.000 F6000
G1 X202.000 Y146.000 E1.4967 F6000
G1 X202.000 Y186.000 E1.4967 F6000
G1 X162.000 Y186.000 E1.4967 F6000
G1 X162.000 Y146.000 E1.4967 F6000
;LAYER_CHANGE
;Z:24.00
G1 Z24.00 F300
G1 X162.450 Y146.450 F6000
G1 X201.550 Y146.450 E1.4630 F3600
G1 X201.550 Y185.550 E1.4630 F3600
G1 X162.450 Y185.550 E1.4630 F3600
G1 X162.450 Y146.450 E1.4630 F3600
G1 X162.000 Y146.000 F6000
G1 X202.000 Y146.000 E1.4967 F6000
G1 X202.000 Y186.000 E1.4967 F6000
G1 X162.000 Y186.000 E1.4967 F6000
G1 X162.000 Y146.000 E1.4967 F6000
;LAYER_CHANGE
;Z:24.20
G1 Z24.20 F300
G1 X162.450 Y146.450 F6000
G1 X201.550 Y146.450 E1.4630 F3600
G1 X201.550 Y185.550 E1.4630 F3600
G1 X162.450 Y185.550 E1.4630 F3600
G1 X162.450 Y146.450 E1.4630 F3600
G1 X162.000 Y146.000 F6000
G1 X202.000 Y146.000 E1.4967 F6000
G1 X202.000 Y186.000 E1.4967 F6000
G1 X162.000 Y186.000 E1.4967 F6000
G1 X162.000 Y146.000 E1.4967 F6000
;LAYER_CHANGE
;Z:24.40
G1 Z24.40 F300
G1 X162.450 Y146.450 F6000
G1 X201.550 Y146.450 E1.4630 F3600
G1 X201.550 Y185.550 E1.4630 F3600
G1 X162.450 Y185.550 E1.4630 F3600
G1 X162.450 Y146.450 E1.4630 F3600
G1 X162.000 Y146.000 F6000
G1 X202.000 Y146.000 E1.4967 F6000
G1 X202.000 Y186.000 E1.4967 F6000
G1 X162.000 Y186.000 E1.4967 F6000
G1 X162.000 Y146.000 E1.4967 F6000
;LAYER_CHANGE
;Z:24.60
G1 Z24.60 F300
G1 X162.450 Y146.450 F6000
G1 X201.550 Y146.450 E1.4630 F3600
G1 X201.550 Y185.550 E1.4630 F3600
G1 X162.450 Y185.550 E1.4630 F3600
G1 X162.450 Y146.450 E1.4630 F3600
G1 X162.000 Y146.000 F6000
G1 X202.000 Y146.000 E1.4967 F6000
G1 X202.000 Y186.000 E1.4967 F6000
G1 X162.000 Y186.000 E1.4967 F6000
G1 X162.000 Y146.000 E1.4967 F6000
;LAYER_CHANGE
;Z:24.80
G1 Z24.80 F300
G1 X162.450 Y146.450 F6000
G1 X201.550 Y146.450 E1.4630 F3600
G1 X201.550 Y185.550 E1.4630 F3600
G1 X162.450 Y185.550 E1.4630 F3600
G1 X162.450 Y146.450 E1.4630 F3600
G1 X162.000 Y146.000 F6000
G1 X202.000 Y146.000 E1.4967 F6000
G1 X202.000 Y186.000 E1.4967 F6000
G1 X162.000 Y186.000 E1.4967 F6000
G1 X162.000 Y146.000 E1.4967 F6000
;LAYER_CHANGE
;Z:25.00
G1 Z25.00 F300
G1 X162.450 Y146.450 F6000
G1 X201.550 Y146.450 E1.4630 F3600
G1 X201.550 Y185.550 E1.4630 F3600
G1 X162.450 Y185.550 E1.4630 F3600
G1 X162.450 Y146.450 E1.4630 F3600
G1 X162.000 Y146.000 F6000
G1 X202.000 Y146.000 E1.4967 F6000
G1 X202.000 Y186.000 E1.4967 F6000
G1 X162.000 Y186.000 E1.4967 F6000
G1 X162.000 Y146.000 E1.4967 F6000
;LAYER_CHANGE
;Z:25.20
G1 Z25.20 F300
M572 D0 S0.050 ; band 5 from Z 25.2
G1 X162.450 Y146.450 F6000
G1 X201.550 Y146.450 E1.4630 F3600
G1 X201.550 Y185.550 E1.4630 F3600
G1 X162.450 Y185.550 E1.4630 F3600
G1 X162.450 Y146.450 E1.4630 F3600
G1 X162.000 Y146.000 F6000
G1 X202.000 Y146.000 E1.4967 F6000
G1 X202.000 Y186.000 E1.4967 F6000
G1 X162.000 Y186.000 E1.4967 F6000
G1 X162.000 Y146.000 E1.4967 F6000
;LAYER_CHANGE
;Z:25.40
G1 Z25.40 F300
G1 X162.450 Y146.450 F6000
G1 X201.550 Y146.450 E1.4630 F3600
G1 X201.550 Y185.550 E1.4630 F3600
G1 X162.450 Y185.550 E1.4630 F3600
G1 X162.450 Y146.450 E1.4630 F3600
G1 X162.000 Y146.000 F6000
G1 X202.000 Y146.000 E1.4967 F6000
G1 X202.000 Y186.000 E1.4967 F6000
G1 X162.000 Y186.000 E1.4967 F6000
G1 X162.000 Y146.000 E1.4967 F6000
;LAYER_CHANGE
;Z:25.60
G1 Z25.60 F300
G1 X162.450 Y146.450 F6000
G1 X201.550 Y146.450 E1.4630 F3600
G1 X201.550 Y185.550 E1.4630 F3600
G1 X162.450 Y185.550 E1.4630 F3600
G1 X162.450 Y146.450 E1.4630 F3600
G1 X162.000 Y146.000 F6000
G1 X202.000 Y146.000 E1.4967 F6000
G1 X202.000 Y186.000 E1.4967 F6000
G1 X162.000 Y186.000 E1.4967 F6000
G1 X162.000 Y146.000 E1.4967 F6000
;LAYER_CHANGE
;Z:25.80
G1 Z25.80 F300
G1 X162.450 Y146.450 F6000
G1 X201.550 Y146.450 E1.4630 F3600
G1 X201.550 Y185.550 E1.4630 F3600
G1 X162.450 Y185.550 E1.4630 F3600
G1 X162.450 Y146.450 E1.4630 F3600
G1 X162.000 Y146.000 F6000
G1 X202.000 Y146.000 E1.4967 F6000
G1 X202.000 Y186.000 E1.4967 F6000
G1 X162.000 Y186.000 E1.4967 F6000
G1 X162.000 Y146.000 E1.4967 F6000
;LAYER_CHANGE
;Z:26.00
G1 Z26.00 F300
G1 X162.450 Y146.450 F6000
G1 X201.550 Y146.450 E1.4630 F3600
G1 X201.550 Y185.550 E1.4630 F3600
G1 X162.450 Y185.550 E1.4630 F3600
G1 X162.450 Y146.450 E1.4630 F3600
G1 X162.000 Y146.000 F6000
G1 X202.000 Y146.000 E1.4967 F6000
G1 X202.000 Y186.000 E1.4967 F6000
G1 X162.000 Y186.000 E1.4967 F6000
G1 X162.000 Y146.000 E1.4967 F6000
;LAYER_CHANGE
;Z:26.20
G1 Z26.20 F300
G1 X162.450 Y146.450 F6000
G1 X201.550 Y146.450 E1.4630 F3600
G1 X201.550 Y185.550 E1.4630 F3600
G1 X162.450 Y185.550 E1.4630 F3600
G1 X162.450 Y146.450 E1.4630 F3600
G1 X162.000 Y146.000 F6000
G1 X202.000 Y146.000 E1.4967 F6000
G1 X202.000 Y186.000 E1.4967 F6000
G1 X162.000 Y186.000 E1.4967 F6000
G1 X162.000 Y146.000 E1.4967 F6000
;LAYER_CHANGE
;Z:26.40
G1 Z26.40 F300
G1 X162.450 Y146.450 F6000
G1 X201.550 Y146.450 E1.4630 F3600
G1 X201.550 Y185.550 E1.4630 F3600
G1 X162.450 Y185.550 E1.4630 F3600
G1 X162.450 Y146.450 E1.4630 F3600
G1 X162.000 Y146.000 F6000
G1 X202.000 Y146.000 E1.4967 F6000
G1 X202.000 Y186.000 E1.4967 F6000
G1 X162.000 Y186.000 E1.4967 F6000
G1 X162.000 Y146.000 E1.4967 F6000
;LAYER_CHANGE
;Z:26.60
G1 Z26.60 F300
G1 X162.450 Y146.450 F6000
G1 X201.550 Y146.450 E1.4630 F3600
G1 X201.550 Y185.550 E1.4630 F3600
G1 X162.450 Y185.550 E1.4630 F3600
G1 X162.450 Y146.450 E1.4630 F3600
G1 X162.000 Y146.000 F6000
G1 X202.000 Y146.000 E1.4967 F6000
G1 X202.000 Y186.000 E1.4967 F6000
G1 X162.000 Y186.000 E1.4967 F6000
G1 X162.000 Y146.000 E1.4967 F6000
;LAYER_CHANGE
;Z:26.80
G1 Z26.80 F300
G1 X162.450 Y146.450 F6000
G1 X201.550 Y146.450 E1.4630 F3600
G1 X201.550 Y185.550 E1.4630 F3600
G1 X162.450 Y185.550 E1.4630 F3600
G1 X162.450 Y146.450 E1.4630 F3600
G1 X162.000 Y146.000 F6000
G1 X202.000 Y146.000 E1.4967 F6000
G1 X202.000 Y186.000 E1.4967 F6000
G1 X162.000 Y186.000 E1.4967 F6000
G1 X162.000 Y146.000 E1.4967 F6000
;LAYER_CHANGE
;Z:27.00
G1 Z27.00 F300
G1 X162.450 Y146.450 F6000
G1 X201.550 Y146.450 E1.4630 F3600
G1 X201.550 Y185.550 E1.4630 F3600
G1 X162.450 Y185.550 E1.4630 F3600
G1 X162.450 Y146.450 E1.4630 F3600
G1 X162.000 Y146.000 F6000
G1 X202.000 Y146.000 E1.4967 F6000
G1 X202.000 Y186.000 E1.4967 F6000
G1 X162.000 Y186.000 E1.4967 F6000
G1 X162.000 Y146.000 E1.4967 F6000
;LAYER_CHANGE
;Z:27.20
G1 Z27.20 F300
G1 X162.450 Y146.450 F6000
G1 X201.550 Y146.450 E1.4630 F3600
G1 X201.550 Y185.550 E1.4630 F3600
G1 X162.450 Y185.550 E1.4630 F3600
G1 X162.450 Y146.450 E1.4630 F3600
G1 X162.000 Y146.000 F6000
G1 X202.000 Y146.000 E1.4967 F6000
G1 X202.000 Y186.000 E1.4967 F6000
G1 X162.000 Y186.000 E1.4967 F6000
G1 X162.000 Y146.000 E1.4967 F6000
;LAYER_CHANGE
;Z:27.40
G1 Z27.40 F300
G1 X162.450 Y146.450 F6000
G1 X201.550 Y146.450 E1.4630 F3600
G1 X201.550 Y185.550 E1.4630 F3600
G1 X162.450 Y185.550 E1.4630 F3600
G1 X162.450 Y146.450 E1.4630 F3600
G1 X162.000 Y146.000 F6000
G1 X202.000 Y146.000 E1.4967 F6000
G1 X202.000 Y186.000 E1.4967 F6000
G1 X162.000 Y186.000 E1.4967 F6000
G1 X162.000 Y146.000 E1.4967 F6000
;LAYER_CHANGE
;Z:27.60
G1 Z27.60 F300
G1 X162.450 Y146.450 F6000
G1 X201.550 Y146.450 E1.4630 F3600
G1 X201.550 Y185.550 E1.4630 F3600
G1 X162.450 Y185.550 E1.4630 F3600
G1 X162.450 Y146.450 E1.4630 F3600
G1 X162.000 Y146.000 F6000
G1 X202.000 Y146.000 E1.4967 F6000
G1 X202.000 Y186.000 E1.4967 F6000
G1 X162.000 Y186.000 E1.4967 F6000
G1 X162.000 Y146.000 E1.4967 F6000
;LAYER_CHANGE
;Z:27.80
G1 Z27.80 F300
G1 X162.450 Y146.450 F6000
G1 X201.550 Y146.450 E1.4630 F3600
G1 X201.550 Y185.550 E1.4630 F3600
G1 X162.450 Y185.550 E1.4630 F3600
G1 X162.450 Y146.450 E1.4630 F3600
G1 X162.000 Y146.000 F6000
G1 X202.000 Y146.000 E1.4967 F6000
G1 X202.000 Y186.000 E1.4967 F6000
G1 X162.000 Y186.000 E1.4967 F6000
G1 X162.000 Y146.000 E1.4967 F6000
;LAYER_CHANGE
;Z:28.00
G1 Z28.00 F300
G1 X162.450 Y146.450 F6000
G1 X201.550 Y146.450 E1.4630 F3600
G1 X201.550 Y185.550 E1.4630 F3600
G1 X162.450 Y185.550 E1.4630 F3600
G1 X162.450 Y146.450 E1.4630 F3600
G1 X162.000 Y146.000 F6000
G1 X202.000 Y146.000 E1.4967 F6000
G1 X202.000 Y186.000 E1.4967 F6000
G1 X162.000 Y186.000 E1.4967 F6000
G1 X162.000 Y146.000 E1.4967 F6000
;LAYER_CHANGE
;Z:28.20
G1 Z28.20 F300
G1 X162.450 Y146.450 F6000
G1 X201.550 Y146.450 E1.4630 F3600
G1 X201.550 Y185.550 E1.4630 F3600
G1 X162.450 Y185.550 E1.4630 F3600
G1 X162.450 Y146.450 E1.4630 F3600
G1 X162.000 Y146.000 F6000
G1 X202.000 Y146.000 E1.4967 F6000
G1 X202.000 Y186.000 E1.4967 F6000
G1 X162.000 Y186.000 E1.4967 F6000
G1 X162.000 Y146.000 E1.4967 F6000
;LAYER_CHANGE
;Z:28.40
G1 Z28.40 F300
G1 X162.450 Y146.450 F6000
G1 X201.550 Y146.450 E1.4630 F3600
G1 X201.550 Y185.550 E1.4630 F3600
G1 X162.450 Y185.550 E1.4630 F3600
G1 X162.450 Y146.450 E1.4630 F3600
G1 X162.000 Y146.000 F6000
G1 X202.000 Y146.000 E1.4967 F6000
G1 X202.000 Y186.000 E1.4967 F6000
G1 X162.000 Y186.000 E1.4967 F6000
G1 X162.000 Y146.000 E1.4967 F6000
;LAYER_CHANGE
;Z:28.60
G1 Z28.60 F300
G1 X162.450 Y146.450 F6000
G1 X201.550 Y146.450 E1.4630 F3600
G1 X201.550 Y185.550 E1.4630 F3600
G1 X162.450 Y185.550 E1.4630 F3600
G1 X162.450 Y146.450 E1.4630 F3600
G1 X162.000 Y146.000 F6000
G1 X202.000 Y146.000 E1.4967 F6000
G1 X202.000 Y186.000 E1.4967 F6000
G1 X162.000 Y186.000 E1.4967 F6000
G1 X162.000 Y146.000 E1.4967 F6000
;LAYER_CHANGE
;Z:28.80
G1 Z28.80 F300
G1 X162.450 Y146.450 F6000
G1 X201.550 Y146.450 E1.4630 F3600
G1 X201.550 Y185.550 E1.4630 F3600
G1 X162.450 Y185.550 E1.4630 F3600
G1 X162.450 Y146.450 E1.4630 F3600
G1 X162.000 Y146.000 F6000
G1 X202.000 Y146.000 E1.4967 F6000
G1 X202.000 Y186.000 E1.4967 F6000
G1 X162.000 Y186.000 E1.4967 F6000
G1 X162.000 Y146.000 E1.4967 F6000
;LAYER_CHANGE
;Z:29.00
G1 Z29.00 F300
G1 X162.450 Y146.450 F6000
G1 X201.550 Y146.450 E1.4630 F3600
G1 X201.550 Y185.550 E1.4630 F3600
G1 X162.450 Y185.550 E1.4630 F3600
G1 X162.450 Y146.450 E1.4630 F3600
G1 X162.000 Y146.000 F6000
G1 X202.000 Y146.000 E1.4967 F6000
G1 X202.000 Y186.000 E1.4967 F6000
G1 X162.000 Y186.000 E1.4967 F6000
G1 X162.000 Y146.000 E1.4967 F6000
;LAYER_CHANGE
;Z:29.20
G1 Z29.20 F300
G1 X162.450 Y146.450 F6000
G1 X201.550 Y146.450 E1.4630 F3600
G1 X201.550 Y185.550 E1.4630 F3600
G1 X162.450 Y185.550 E1.4630 F3600
G1 X162.450 Y146.450 E1.4630 F3600
G1 X162.000 Y146.000 F6000
G1 X202.000 Y146.000 E1.4967 F6000
G1 X202.000 Y186.000 E1.4967 F6000
G1 X162.000 Y186.000 E1.4967 F6000
G1 X162.000 Y146.000 E1.4967 F6000
;LAYER_CHANGE
;Z:29.40
G1 Z29.40 F300
G1 X162.450 Y146.450 F6000
G1 X201.550 Y146.450 E1.4630 F3600
G1 X201.550 Y185.550 E1.4630 F3600
G1 X162.450 Y185.550 E1.4630 F3600
G1 X162.450 Y146.450 E1.4630 F3600
G1 X162.000 Y146.000 F6000
G1 X202.000 Y146.000 E1.4967 F6000
G1 X202.000 Y186.000 E1.4967 F6000
G1 X162.000 Y186.000 E1.4967 F6000
G1 X162.000 Y146.000 E1.4967 F6000
;LAYER_CHANGE
;Z:29.60
G1 Z29.60 F300
G1 X162.450 Y146.450 F6000
G1 X201.550 Y146.450 E1.4630 F3600
G1 X201.550 Y185.550 E1.4630 F3600
G1 X162.450 Y185.550 E1.4630 F3600
G1 X162.450 Y146.450 E1.4630 F3600
G1 X162.000 Y146.000 F6000
G1 X202.000 Y146.000 E1.4967 F6000
G1 X202.000 Y186.000 E1.4967 F6000
G1 X162.000 Y186.000 E1.4967 F6000
G1 X162.000 Y146.000 E1.4967 F6000
;LAYER_CHANGE
;Z:29.80
G1 Z29.80 F300
G1 X162.450 Y146.450 F6000
G1 X201.550 Y146.450 E1.4630 F3600
G1 X201.550 Y185.550 E1.4630 F3600
G1 X162.450 Y185.550 E1.4630 F3600
G1 X162.450 Y146.450 E1.4630 F3600
G1 X162.000 Y146.000 F6000
G1 X202.000 Y146.000 E1.4967 F6000
G1 X202.000 Y186.000 E1.4967 F6000
G1 X162.000 Y186.000 E1.4967 F6000
G1 X162.000 Y146.000 E1.4967 F6000
;LAYER_CHANGE
;Z:30.00
G1 Z30.00 F300
G1 X162.450 Y146.450 F6000
G1 X201.550 Y146.450 E1.4630 F3600
G1 X201.550 Y185.550 E1.4630 F3600
G1 X162.450 Y185.550 E1.4630 F3600
G1 X162.450 Y146.450 E1.4630 F3600
G1 X162.000 Y146.000 F6000
G1 X202.000 Y146.000 E1.4967 F6000
G1 X202.000 Y186.000 E1.4967 F6000
G1 X162.000 Y186.000 E1.4967 F6000
G1 X162.000 Y146.000 E1.4967 F6000
;LAYER_CHANGE
;Z:30.20
G1 Z30.20 F300
M572 D0 S0.060 ; band 6 from Z 30.2
G1 X162.450 Y146.450 F6000
G1 X201.550 Y146.450 E1.4630 F3600
G1 X201.550 Y185.550 E1.4630 F3600
G1 X162.450 Y185.550 E1.4630 F3600
G1 X162.450 Y146.450 E1.4630 F3600
G1 X162.000 Y146.000 F6000
G1 X202.000 Y146.000 E1.4967 F6000
G1 X202.000 Y186.000 E1.4967 F6000
G1 X162.000 Y186.000 E1.4967 F6000
G1 X162.000 Y146.000 E1.4967 F6000
;LAYER_CHANGE
;Z:30.40
G1 Z30.40 F300
G1 X162.450 Y146.450 F6000
G1 X201.550 Y146.450 E1.4630 F3600
G1 X201.550 Y185.550 E1.4630 F3600
G1 X162.450 Y185.550 E1.4630 F3600
G1 X162.450 Y146.450 E1.4630 F3600
G1 X162.000 Y146.000 F6000
G1 X202.000 Y146.000 E1.4967 F6000
G1 X202.000 Y186.000 E1.4967 F6000
G1 X162.000 Y186.000 E1.4967 F6000
G1 X162.000 Y146.000 E1.4967 F6000
;LAYER_CHANGE
;Z:30.60
G1 Z30.60 F300
G1 X162.450 Y146.450 F6000
G1 X201.550 Y146.450 E1.4630 F3600
G1 X201.550 Y185.550 E1.4630 F3600
G1 X162.450 Y185.550 E1.4630 F3600
G1 X162.450 Y146.450 E1.4630 F3600
G1 X162.000 Y146.000 F6000
G1 X202.000 Y146.000 E1.4967 F6000
G1 X202.000 Y186.000 E1.4967 F6000
G1 X162.000 Y186.000 E1.4967 F6000
G1 X162.000 Y146.000 E1.4967 F6000
;LAYER_CHANGE
;Z:30.80
G1 Z30.80 F300
G1 X162.450 Y146.450 F6000
G1 X201.550 Y146.450 E1.4630 F3600
G1 X201.550 Y185.550 E1.4630 F3600
G1 X162.450 Y185.550 E1.4630 F3600
G1 X162.450 Y146.450 E1.4630 F3600
G1 X162.000 Y146.000 F6000
G1 X202.000 Y146.000 E1.4967 F6000
G1 X202.000 Y186.000 E1.4967 F6000
G1 X162.000 Y186.000 E1.4967 F6000
G1 X162.000 Y146.000 E1.4967 F6000
;LAYER_CHANGE
;Z:31.00
G1 Z31.00 F300
G1 X162.450 Y146.450 F6000
G1 X201.550 Y146.450 E1.4630 F3600
G1 X201.550 Y185.550 E1.4630 F3600
G1 X162.450 Y185.550 E1.4630 F3600
G1 X162.450 Y146.450 E1.4630 F3600
G1 X162.000 Y146.000 F6000
G1 X202.000 Y146.000 E1.4967 F6000
G1 X202.000 Y186.000 E1.4967 F6000
G1 X162.000 Y186.000 E1.4967 F6000
G1 X162.000 Y146.000 E1.4967 F6000
;LAYER_CHANGE
;Z:31.20
G1 Z31.20 F300
G1 X162.450 Y146.450 F6000
G1 X201.550 Y146.450 E1.4630 F3600
G1 X201.550 Y185.550 E1.4630 F3600
G1 X162.450 Y185.550 E1.4630 F3600
G1 X162.450 Y146.450 E1.4630 F3600
G1 X162.000 Y146.000 F6000
G1 X202.000 Y146.000 E1.4967 F6000
G1 X202.000 Y186.000 E1.4967 F6000
G1 X162.000 Y186.000 E1.4967 F6000
G1 X162.000 Y146.000 E1.4967 F6000
;LAYER_CHANGE
;Z:31.40
G1 Z31.40 F300
G1 X162.450 Y146.450 F6000
G1 X201.550 Y146.450 E1.4630 F3600
G1 X201.550 Y185.550 E1.4630 F3600
G1 X162.450 Y185.550 E1.4630 F3600
G1 X162.450 Y146.450 E1.4630 F3600
G1 X162.000 Y146.000 F6000
G1 X202.000 Y146.000 E1.4967 F6000
G1 X202.000 Y186.000 E1.4967 F6000
G1 X162.000 Y186.000 E1.4967 F6000
G1 X162.000 Y146.000 E1.4967 F6000
;LAYER_CHANGE
;Z:31.60
G1 Z31.60 F300
G1 X162.450 Y146.450 F6000
G1 X201.550 Y146.450 E1.4630 F3600
G1 X201.550 Y185.550 E1.4630 F3600
G1 X162.450 Y185.550 E1.4630 F3600
G1 X162.450 Y146.450 E1.4630 F3600
G1 X162.000 Y146.000 F6000
G1 X202.000 Y146.000 E1.4967 F6000
G1 X202.000 Y186.000 E1.4967 F6000
G1 X162.000 Y186.000 E1.4967 F6000
G1 X162.000 Y146.000 E1.4967 F6000
;LAYER_CHANGE
;Z:31.80
G1 Z31.80 F300
G1 X162.450 Y146.450 F6000
G1 X201.550 Y146.450 E1.4630 F3600
G1 X201.550 Y185.550 E1.4630 F3600
G1 X162.450 Y185.550 E1.4630 F3600
G1 X162.450 Y146.450 E1.4630 F3600
G1 X162.000 Y146.000 F6000
G1 X202.000 Y146.000 E1.4967 F6000
G1 X202.000 Y186.000 E1.4967 F6000
G1 X162.000 Y186.000 E1.4967 F6000
G1 X162.000 Y146.000 E1.4967 F6000
;LAYER_CHANGE
;Z:32.00
G1 Z32.00 F300
G1 X162.450 Y146.450 F6000
G1 X201.550 Y146.450 E1.4630 F3600
G1 X201.550 Y185.550 E1.4630 F3600
G1 X162.450 Y185.550 E1.4630 F3600
G1 X162.450 Y146.450 E1.4630 F3600
G1 X162.000 Y146.000 F6000
G1 X202.000 Y146.000 E1.4967 F6000
G1 X202.000 Y186.000 E1.4967 F6000
G1 X162.000 Y186.000 E1.4967 F6000
G1 X162.000 Y146.000 E1.4967 F6000
;LAYER_CHANGE
;Z:32.20
G1 Z32.20 F300
G1 X162.450 Y146.450 F6000
G1 X201.550 Y146.450 E1.4630 F3600
G1 X201.550 Y185.550 E1.4630 F3600
G1 X162.450 Y185.550 E1.4630 F3600
G1 X162.450 Y146.450 E1.4630 F3600
G1 X162.000 Y146.000 F6000
G1 X202.000 Y146.000 E1.4967 F6000
G1 X202.000 Y186.000 E1.4967 F6000
G1 X162.000 Y186.000 E1.4967 F6000
G1 X162.000 Y146.000 E1.4967 F6000
;LAYER_CHANGE
;Z:32.40
G1 Z32.40 F300
G1 X162.450 Y146.450 F6000
G1 X201.550 Y146.450 E1.4630 F3600
G1 X201.550 Y185.550 E1.4630 F3600
G1 X162.450 Y185.550 E1.4630 F3600
G1 X162.450 Y146.450 E1.4630 F3600
G1 X162.000 Y146.000 F6000
G1 X202.000 Y146.000 E1.4967 F6000
G1 X202.000 Y186.000 E1.4967 F6000
G1 X162.000 Y186.000 E1.4967 F6000
G1 X162.000 Y146.000 E1.4967 F6000
;LAYER_CHANGE
;Z:32.60
G1 Z32.60 F300
G1 X162.450 Y146.450 F6000
G1 X201.550 Y146.450 E1.4630 F3600
G1 X201.550 Y185.550 E1.4630 F3600
G1 X162.450 Y185.550 E1.4630 F3600
G1 X162.450 Y146.450 E1.4630 F3600
G1 X162.000 Y146.000 F6000
G1 X202.000 Y146.000 E1.4967 F6000
G1 X202.000 Y186.000 E1.4967 F6000
G1 X162.000 Y186.000 E1.4967 F6000
G1 X162.000 Y146.000 E1.4967 F6000
;LAYER_CHANGE
;Z:32.80
G1 Z32.80 F300
G1 X162.450 Y146.450 F6000
G1 X201.550 Y146.450 E1.4630 F3600
G1 X201.550 Y185.550 E1.4630 F3600
G1 X162.450 Y185.550 E1.4630 F3600
G1 X162.450 Y146.450 E1.4630 F3600
G1 X162.000 Y146.000 F6000
G1 X202.000 Y146.000 E1.4967 F6000
G1 X202.000 Y186.000 E1.4967 F6000
G1 X162.000 Y186.000 E1.4967 F6000
G1 X162.000 Y146.000 E1.4967 F6000
;LAYER_CHANGE
;Z:33.00
G1 Z33.00 F300
G1 X162.450 Y146.450 F6000
G1 X201.550 Y146.450 E1.4630 F3600
G1 X201.550 Y185.550 E1.4630 F3600
G1 X162.450 Y185.550 E1.4630 F3600
G1 X162.450 Y146.450 E1.4630 F3600
G1 X162.000 Y146.000 F6000
G1 X202.000 Y146.000 E1.4967 F6000
G1 X202.000 Y186.000 E1.4967 F6000
G1 X162.000 Y186.000 E1.4967 F6000
G1 X162.000 Y146.000 E1.4967 F6000
;LAYER_CHANGE
;Z:33.20
G1 Z33.20 F300
G1 X162.450 Y146.450 F6000
G1 X201.550 Y146.450 E1.4630 F3600
G1 X201.550 Y185.550 E1.4630 F3600
G1 X162.450 Y185.550 E1.4630 F3600
G1 X162.450 Y146.450 E1.4630 F3600
G1 X162.000 Y146.000 F6000
G1 X202.000 Y146.000 E1.4967 F6000
G1 X202.000 Y186.000 E1.4967 F6000
G1 X162.000 Y186.000 E1.4967 F6000
G1 X162.000 Y146.000 E1.4967 F6000
;LAYER_CHANGE
;Z:33.40
G1 Z33.40 F300
G1 X162.450 Y146.450 F6000
G1 X201.550 Y146.450 E1.4630 F3600
G1 X201.550 Y185.550 E1.4630 F3600
G1 X162.450 Y185.550 E1.4630 F3600
G1 X162.450 Y146.450 E1.4630 F3600
G1 X162.000 Y146.000 F6000
G1 X202.000 Y146.000 E1.4967 F6000
G1 X202.000 Y186.000 E1.4967 F6000
G1 X162.000 Y186.000 E1.4967 F6000
G1 X162.000 Y146.000 E1.4967 F6000
;LAYER_CHANGE
;Z:33.60
G1 Z33.60 F300
G1 X162.450 Y146.450 F6000
G1 X201.550 Y146.450 E1.4630 F3600
G1 X201.550 Y185.550 E1.4630 F3600
G1 X162.450 Y185.550 E1.4630 F3600
G1 X162.450 Y146.450 E1.4630 F3600
G1 X162.000 Y146.000 F6000
G1 X202.000 Y146.000 E1.4967 F6000
G1 X202.000 Y186.000 E1.4967 F6000
G1 X162.000 Y186.000 E1.4967 F6000
G1 X162.000 Y146.000 E1.4967 F6000
;LAYER_CHANGE
;Z:33.80
G1 Z33.80 F300
G1 X162.450 Y146.450 F6000
G1 X201.550 Y146.450 E1.4630 F3600
G1 X201.550 Y185.550 E1.4630 F3600
G1 X162.450 Y185.550 E1.4630 F3600
G1 X162.450 Y146.450 E1.4630 F3600
G1 X162.000 Y146.000 F6000
G1 X202.000 Y146.000 E1.4967 F6000
G1 X202.000 Y186.000 E1.4967 F6000
G1 X162.000 Y186.000 E1.4967 F6000
G1 X162.000 Y146.000 E1.4967 F6000
;LAYER_CHANGE
;Z:34.00
G1 Z34.00 F300
G1 X162.450 Y146.450 F6000
G1 X201.550 Y146.450 E1.4630 F3600
G1 X201.550 Y185.550 E1.4630 F3600
G1 X162.450 Y185.550 E1.4630 F3600
G1 X162.450 Y146.450 E1.4630 F3600
G1 X162.000 Y146.000 F6000
G1 X202.000 Y146.000 E1.4967 F6000
G1 X202.000 Y186.000 E1.4967 F6000
G1 X162.000 Y186.000 E1.4967 F6000
G1 X162.000 Y146.000 E1.4967 F6000
;LAYER_CHANGE
;Z:34.20
G1 Z34.20 F300
G1 X162.450 Y146.450 F6000
G1 X201.550 Y146.450 E1.4630 F3600
G1 X201.550 Y185.550 E1.4630 F3600
G1 X162.450 Y185.550 E1.4630 F3600
G1 X162.450 Y146.450 E1.4630 F3600
G1 X162.000 Y146.000 F6000
G1 X202.000 Y146.000 E1.4967 F6000
G1 X202.000 Y186.000 E1.4967 F6000
G1 X162.000 Y186.000 E1.4967 F6000
G1 X162.000 Y146.000 E1.4967 F6000
;LAYER_CHANGE
;Z:34.40
G1 Z34.40 F300
G1 X162.450 Y146.450 F6000
G1 X201.550 Y146.450 E1.4630 F3600
G1 X201.550 Y185.550 E1.4630 F3600
G1 X162.450 Y185.550 E1.4630 F3600
G1 X162.450 Y146.450 E1.4630 F3600
G1 X162.000 Y146.000 F6000
G1 X202.000 Y146.000 E1.4967 F6000
G1 X202.000 Y186.000 E1.4967 F6000
G1 X162.000 Y186.000 E1.4967 F6000
G1 X162.000 Y146.000 E1.4967 F6000
;LAYER_CHANGE
;Z:34.60
G1 Z34.60 F300
G1 X162.450 Y146.450 F6000
G1 X201.550 Y146.450 E1.4630 F3600
G1 X201.550 Y185.550 E1.4630 F3600
G1 X162.450 Y185.550 E1.4630 F3600
G1 X162.450 Y146.450 E1.4630 F3600
G1 X162.000 Y146.000 F6000
G1 X202.000 Y146.000 E1.4967 F6000
G1 X202.000 Y186.000 E1.4967 F6000
G1 X162.000 Y186.000 E1.4967 F6000
G1 X162.000 Y146.000 E1.4967 F6000
;LAYER_CHANGE
;Z:34.80
G1 Z34.80 F300
G1 X162.450 Y146.450 F6000
G1 X201.550 Y146.450 E1.4630 F3600
G1 X201.550 Y185.550 E1.4630 F3600
G1 X162.450 Y185.550 E1.4630 F3600
G1 X162.450 Y146.450 E1.4630 F3600
G1 X162.000 Y146.000 F6000
G1 X202.000 Y146.000 E1.4967 F6000
G1 X202.000 Y186.000 E1.4967 F6000
G1 X162.000 Y186.000 E1.4967 F6000
G1 X162.000 Y146.000 E1.4967 F6000
;LAYER_CHANGE
;Z:35.00
G1 Z35.00 F300
G1 X162.450 Y146.450 F6000
G1 X201.550 Y146.450 E1.4630 F3600
G1 X201.550 Y185.550 E1.4630 F3600
G1 X162.450 Y185.550 E1.4630 F3600
G1 X162.450 Y146.450 E1.4630 F3600
G1 X162.000 Y146.000 F6000
G1 X202.000 Y146.000 E1.4967 F6000
G1 X202.000 Y186.000 E1.4967 F6000
G1 X162.000 Y186.000 E1.4967 F6000
G1 X162.000 Y146.000 E1.4967 F6000
;LAYER_CHANGE
;Z:35.20
G1 Z35.20 F300
M572 D0 S0.070 ; band 7 from Z 35.2
G1 X162.450 Y146.450 F6000
G1 X201.550 Y146.450 E1.4630 F3600
G1 X201.550 Y185.550 E1.4630 F3600
G1 X162.450 Y185.550 E1.4630 F3600
G1 X162.450 Y146.450 E1.4630 F3600
G1 X162.000 Y146.000 F6000
G1 X202.000 Y146.000 E1.4967 F6000
G1 X202.000 Y186.000 E1.4967 F6000
G1 X162.000 Y186.000 E1.4967 F6000
G1 X162.000 Y146.000 E1.4967 F6000
;LAYER_CHANGE
;Z:35.40
G1 Z35.40 F300
G1 X162.450 Y146.450 F6000
G1 X201.550 Y146.450 E1.4630 F3600
G1 X201.550 Y185.550 E1.4630 F3600
G1 X162.450 Y185.550 E1.4630 F3600
G1 X162.450 Y146.450 E1.4630 F3600
G1 X162.000 Y146.000 F6000
G1 X202.000 Y146.000 E1.4967 F6000
G1 X202.000 Y186.000 E1.4967 F6000
G1 X162.000 Y186.000 E1.4967 F6000
G1 X162.000 Y146.000 E1.4967 F6000
;LAYER_CHANGE
;Z:35.60
G1 Z35.60 F300
G1 X162.450 Y146.450 F6000
G1 X201.550 Y146.450 E1.4630 F3600
G1 X201.550 Y185.550 E1.4630 F3600
G1 X162.450 Y185.550 E1.4630 F3600
G1 X162.450 Y146.450 E1.4630 F3600
G1 X162.000 Y146.000 F6000
G1 X202.000 Y146.000 E1.4967 F6000
G1 X202.000 Y186.000 E1.4967 F6000
G1 X162.000 Y186.000 E1.4967 F6000
G1 X162.000 Y146.000 E1.4967 F6000
;LAYER_CHANGE
;Z:35.80
G1 Z35.80 F300
G1 X162.450 Y146.450 F6000
G1 X201.550 Y146.450 E1.4630 F3600
G1 X201.550 Y185.550 E1.4630 F3600
G1 X162.450 Y185.550 E1.4630 F3600
G1 X162.450 Y146.450 E1.4630 F3600
G1 X162.000 Y146.000 F6000
G1 X202.000 Y146.000 E1.4967 F6000
G1 X202.000 Y186.000 E1.4967 F6000
G1 X162.000 Y186.000 E1.4967 F6000
G1 X162.000 Y146.000 E1.4967 F6000
;LAYER_CHANGE
;Z:36.00
G1 Z36.00 F300
G1 X162.450 Y146.450 F6000
G1 X201.550 Y146.450 E1.4630 F3600
G1 X201.550 Y185.550 E1.4630 F3600
G1 X162.450 Y185.550 E1.4630 F3600
G1 X162.450 Y146.450 E1.4630 F3600
G1 X162.000 Y146.000 F6000
G1 X202.000 Y146.000 E1.4967 F6000
G1 X202.000 Y186.000 E1.4967 F6000
G1 X162.000 Y186.000 E1.4967 F6000
G1 X162.000 Y146.000 E1.4967 F6000
;LAYER_CHANGE
;Z:36.20
G1 Z36.20 F300
G1 X162.450 Y146.450 F6000
G1 X201.550 Y146.450 E1.4630 F3600
G1 X201.550 Y185.550 E1.4630 F3600
G1 X162.450 Y185.550 E1.4630 F3600
G1 X162.450 Y146.450 E1.4630 F3600
G1 X162.000 Y146.000 F6000
G1 X202.000 Y146.000 E1.4967 F6000
G1 X202.000 Y186.000 E1.4967 F6000
G1 X162.000 Y186.000 E1.4967 F6000
G1 X162.000 Y146.000 E1.4967 F6000
;LAYER_CHANGE
;Z:36.40
G1 Z36.40 F300
G1 X162.450 Y146.450 F6000
G1 X201.550 Y146.450 E1.4630 F3600
G1 X201.550 Y185.550 E1.4630 F3600
G1 X162.450 Y185.550 E1.4630 F3600
G1 X162.450 Y146.450 E1.4630 F3600
G1 X162.000 Y146.000 F6000
G1 X202.000 Y146.000 E1.4967 F6000
G1 X202.000 Y186.000 E1.4967 F6000
G1 X162.000 Y186.000 E1.4967 F6000
G1 X162.000 Y146.000 E1.4967 F6000
;LAYER_CHANGE
;Z:36.60
G1 Z36.60 F300
G1 X162.450 Y146.450 F6000
G1 X201.550 Y146.450 E1.4630 F3600
G1 X201.550 Y185.550 E1.4630 F3600
G1 X162.450 Y185.550 E1.4630 F3600
G1 X162.450 Y146.450 E1.4630 F3600
G1 X162.000 Y146.000 F6000
G1 X202.000 Y146.000 E1.4967 F6000
G1 X202.000 Y186.000 E1.4967 F6000
G1 X162.000 Y186.000 E1.4967 F6000
G1 X162.000 Y146.000 E1.4967 F6000
;LAYER_CHANGE
;Z:36.80
G1 Z36.80 F300
G1 X162.450 Y146.450 F6000
G1 X201.550 Y146.450 E1.4630 F3600
G1 X201.550 Y185.550 E1.4630 F3600
G1 X162.450 Y185.550 E1.4630 F3600
G1 X162.450 Y146.450 E1.4630 F3600
G1 X162.000 Y146.000 F6000
G1 X202.000 Y146.000 E1.4967 F6000
G1 X202.000 Y186.000 E1.4967 F6000
G1 X162.000 Y186.000 E1.4967 F6000
G1 X162.000 Y146.000 E1.4967 F6000
;LAYER_CHANGE
;Z:37.00
G1 Z37.00 F300
G1 X162.450 Y146.450 F6000
G1 X201.550 Y146.450 E1.4630 F3600
G1 X201.550 Y185.550 E1.4630 F3600
G1 X162.450 Y185.550 E1.4630 F3600
G1 X162.450 Y146.450 E1.4630 F3600
G1 X162.000 Y146.000 F6000
G1 X202.000 Y146.000 E1.4967 F6000
G1 X202.000 Y186.000 E1.4967 F6000
G1 X162.000 Y186.000 E1.4967 F6000
G1 X162.000 Y146.000 E1.4967 F6000
;LAYER_CHANGE
;Z:37.20
G1 Z37.20 F300
G1 X162.450 Y146.450 F6000
G1 X201.550 Y146.450 E1.4630 F3600
G1 X201.550 Y185.550 E1.4630 F3600
G1 X162.450 Y185.550 E1.4630 F3600
G1 X162.450 Y146.450 E1.4630 F3600
G1 X162.000 Y146.000 F6000
G1 X202.000 Y146.000 E1.4967 F6000
G1 X202.000 Y186.000 E1.4967 F6000
G1 X162.000 Y186.000 E1.4967 F6000
G1 X162.000 Y146.000 E1.4967 F6000
;LAYER_CHANGE
;Z:37.40
G1 Z37.40 F300
G1 X162.450 Y146.450 F6000
G1 X201.550 Y146.450 E1.4630 F3600
G1 X201.550 Y185.550 E1.4630 F3600
G1 X162.450 Y185.550 E1.4630 F3600
G1 X162.450 Y146.450 E1.4630 F3600
G1 X162.000 Y146.000 F6000
G1 X202.000 Y146.000 E1.4967 F6000
G1 X202.000 Y186.000 E1.4967 F6000
G1 X162.000 Y186.000 E1.4967 F6000
G1 X162.000 Y146.000 E1.4967 F6000
;LAYER_CHANGE
;Z:37.60
G1 Z37.60 F300
G1 X162.450 Y146.450 F6000
G1 X201.550 Y146.450 E1.4630 F3600
G1 X201.550 Y185.550 E1.4630 F3600
G1 X162.450 Y185.550 E1.4630 F3600
G1 X162.450 Y146.450 E1.4630 F3600
G1 X162.000 Y146.000 F6000
G1 X202.000 Y146.000 E1.4967 F6000
G1 X202.000 Y186.000 E1.4967 F6000
G1 X162.000 Y186.000 E1.4967 F6000
G1 X162.000 Y146.000 E1.4967 F6000
;LAYER_CHANGE
;Z:37.80
G1 Z37.80 F300
G1 X162.450 Y146.450 F6000
G1 X201.550 Y146.450 E1.4630 F3600
G1 X201.550 Y185.550 E1.4630 F3600
G1 X162.450 Y185.550 E1.4630 F3600
G1 X162.450 Y146.450 E1.4630 F3600
G1 X162.000 Y146.000 F6000
G1 X202.000 Y146.000 E1.4967 F6000
G1 X202.000 Y186.000 E1.4967 F6000
G1 X162.000 Y186.000 E1.4967 F6000
G1 X162.000 Y146.000 E1.4967 F6000
;LAYER_CHANGE
;Z:38.00
G1 Z38.00 F300
G1 X162.450 Y146.450 F6000
G1 X201.550 Y146.450 E1.4630 F3600
G1 X201.550 Y185.550 E1.4630 F3600
G1 X162.450 Y185.550 E1.4630 F3600
G1 X162.450 Y146.450 E1.4630 F3600
G1 X162.000 Y146.000 F6000
G1 X202.000 Y146.000 E1.4967 F6000
G1 X202.000 Y186.000 E1.4967 F6000
G1 X162.000 Y186.000 E1.4967 F6000
G1 X162.000 Y146.000 E1.4967 F6000
;LAYER_CHANGE
;Z:38.20
G1 Z38.20 F300
G1 X162.450 Y146.450 F6000
G1 X201.550 Y146.450 E1.4630 F3600
G1 X201.550 Y185.550 E1.4630 F3600
G1 X162.450 Y185.550 E1.4630 F3600
G1 X162.450 Y146.450 E1.4630 F3600
G1 X162.000 Y146.000 F6000
G1 X202.000 Y146.000 E1.4967 F6000
G1 X202.000 Y186.000 E1.4967 F6000
G1 X162.000 Y186.000 E1.4967 F6000
G1 X162.000 Y146.000 E1.4967 F6000
;LAYER_CHANGE
;Z:38.40
G1 Z38.40 F300
G1 X162.450 Y146.450 F6000
G1 X201.550 Y146.450 E1.4630 F3600
G1 X201.550 Y185.550 E1.4630 F3600
G1 X162.450 Y185.550 E1.4630 F3600
G1 X162.450 Y146.450 E1.4630 F3600
G1 X162.000 Y146.000 F6000
G1 X202.000 Y146.000 E1.4967 F6000
G1 X202.000 Y186.000 E1.4967 F6000
G1 X162.000 Y186.000 E1.4967 F6000
G1 X162.000 Y146.000 E1.4967 F6000
;LAYER_CHANGE
;Z:38.60
G1 Z38.60 F300
G1 X162.450 Y146.450 F6000
G1 X201.550 Y146.450 E1.4630 F3600
G1 X201.550 Y185.550 E1.4630 F3600
G1 X162.450 Y185.550 E1.4630 F3600
G1 X162.450 Y146.450 E1.4630 F3600
G1 X162.000 Y146.000 F6000
G1 X202.000 Y146.000 E1.4967 F6000
G1 X202.000 Y186.000 E1.4967 F6000
G1 X162.000 Y186.000 E1.4967 F6000
G1 X162.000 Y146.000 E1.4967 F6000
;LAYER_CHANGE
;Z:38.80
G1 Z38.80 F300
G1 X162.450 Y146.450 F6000
G1 X201.550 Y146.450 E1.4630 F3600
G1 X201.550 Y185.550 E1.4630 F3600
G1 X162.450 Y185.550 E1.4630 F3600
G1 X162.450 Y146.450 E1.4630 F3600
G1 X162.000 Y146.000 F6000
G1 X202.000 Y146.000 E1.4967 F6000
G1 X202.000 Y186.000 E1.4967 F6000
G1 X162.000 Y186.000 E1.4967 F6000
G1 X162.000 Y146.000 E1.4967 F6000
;LAYER_CHANGE
;Z:39.00
G1 Z39.00 F300
G1 X162.450 Y146.450 F6000
G1 X201.550 Y146.450 E1.4630 F3600
G1 X201.550 Y185.550 E1.4630 F3600
G1 X162.450 Y185.550 E1.4630 F3600
G1 X162.450 Y146.450 E1.4630 F3600
G1 X162.000 Y146.000 F6000
G1 X202.000 Y146.000 E1.4967 F6000
G1 X202.000 Y186.000 E1.4967 F6000
G1 X162.000 Y186.000 E1.4967 F6000
G1 X162.000 Y146.000 E1.4967 F6000
;LAYER_CHANGE
;Z:39.20
G1 Z39.20 F300
G1 X162.450 Y146.450 F6000
G1 X201.550 Y146.450 E1.4630 F3600
G1 X201.550 Y185.550 E1.4630 F3600
G1 X162.450 Y185.550 E1.4630 F3600
G1 X162.450 Y146.450 E1.4630 F3600
G1 X162.000 Y146.000 F6000
G1 X202.000 Y146.000 E1.4967 F6000
G1 X202.000 Y186.000 E1.4967 F6000
G1 X162.000 Y186.000 E1.4967 F6000
G1 X162.000 Y146.000 E1.4967 F6000
;LAYER_CHANGE
;Z:39.40
G1 Z39.40 F300
G1 X162.450 Y146.450 F6000
G1 X201.550 Y146.450 E1.4630 F3600
G1 X201.550 Y185.550 E1.4630 F3600
G1 X162.450 Y185.550 E1.4630 F3600
G1 X162.450 Y146.450 E1.4630 F3600
G1 X162.000 Y146.000 F6000
G1 X202.000 Y146.000 E1.4967 F6000
G1 X202.000 Y186.000 E1.4967 F6000
G1 X162.000 Y186.000 E1.4967 F6000
G1 X162.000 Y146.000 E1.4967 F6000
;LAYER_CHANGE
;Z:39.60
G1 Z39.60 F300
G1 X162.450 Y146.450 F6000
G1 X201.550 Y146.450 E1.4630 F3600
G1 X201.550 Y185.550 E1.4630 F3600
G1 X162.450 Y185.550 E1.4630 F3600
G1 X162.450 Y146.450 E1.4630 F3600
G1 X162.000 Y146.000 F6000
G1 X202.000 Y146.000 E1.4967 F6000
G1 X202.000 Y186.000 E1.4967 F6000
G1 X162.000 Y186.000 E1.4967 F6000
G1 X162.000 Y146.000 E1.4967 F6000
;LAYER_CHANGE
;Z:39.80
G1 Z39.80 F300
G1 X162.450 Y146.450 F6000
G1 X201.550 Y146.450 E1.4630 F3600
G1 X201.550 Y185.550 E1.4630 F3600
G1 X162.450 Y185.550 E1.4630 F3600
G1 X162.450 Y146.450 E1.4630 F3600
G1 X162.000 Y146.000 F6000
G1 X202.000 Y146.000 E1.4967 F6000
G1 X202.000 Y186.000 E1.4967 F6000
G1 X162.000 Y186.000 E1.4967 F6000
G1 X162.000 Y146.000 E1.4967 F6000
;LAYER_CHANGE
;Z:40.00
G1 Z40.00 F300
G1 X162.450 Y146.450 F6000
G1 X201.550 Y146.450 E1.4630 F3600
G1 X201.550 Y185.550 E1.4630 F3600
G1 X162.450 Y185.550 E1.4630 F3600
G1 X162.450 Y146.450 E1.4630 F3600
G1 X162.000 Y146.000 F6000
G1 X202.000 Y146.000 E1.4967 F6000
G1 X202.000 Y186.000 E1.4967 F6000
G1 X162.000 Y186.000 E1.4967 F6000
G1 X162.000 Y146.000 E1.4967 F6000
;LAYER_CHANGE
;Z:40.20
G1 Z40.20 F300
M572 D0 S0.080 ; band 8 from Z 40.2
G1 X162.450 Y146.450 F6000
G1 X201.550 Y146.450 E1.4630 F3600
G1 X201.550 Y185.550 E1.4630 F3600
G1 X162.450 Y185.550 E1.4630 F3600
G1 X162.450 Y146.450 E1.4630 F3600
G1 X162.000 Y146.000 F6000
G1 X202.000 Y146.000 E1.4967 F6000
G1 X202.000 Y186.000 E1.4967 F6000
G1 X162.000 Y186.000 E1.4967 F6000
G1 X162.000 Y146.000 E1.4967 F6000
;LAYER_CHANGE
;Z:40.40
G1 Z40.40 F300
G1 X162.450 Y146.450 F6000
G1 X201.550 Y146.450 E1.4630 F3600
G1 X201.550 Y185.550 E1.4630 F3600
G1 X162.450 Y185.550 E1.4630 F3600
G1 X162.450 Y146.450 E1.4630 F3600
G1 X162.000 Y146.000 F6000
G1 X202.000 Y146.000 E1.4967 F6000
G1 X202.000 Y186.000 E1.4967 F6000
G1 X162.000 Y186.000 E1.4967 F6000
G1 X162.000 Y146.000 E1.4967 F6000
;LAYER_CHANGE
;Z:40.60
G1 Z40.60 F300
G1 X162.450 Y146.450 F6000
G1 X201.550 Y146.450 E1.4630 F3600
G1 X201.550 Y185.550 E1.4630 F3600
G1 X162.450 Y185.550 E1.4630 F3600
G1 X162.450 Y146.450 E1.4630 F3600
G1 X162.000 Y146.000 F6000
G1 X202.000 Y146.000 E1.4967 F6000
G1 X202.000 Y186.000 E1.4967 F6000
G1 X162.000 Y186.000 E1.4967 F6000
G1 X162.000 Y146.000 E1.4967 F6000
;LAYER_CHANGE
;Z:40.80
G1 Z40.80 F300
G1 X162.450 Y146.450 F6000
G1 X201.550 Y146.450 E1.4630 F3600
G1 X201.550 Y185.550 E1.4630 F3600
G1 X162.450 Y185.550 E1.4630 F3600
G1 X162.450 Y146.450 E1.4630 F3600
G1 X162.000 Y146.000 F6000
G1 X202.000 Y146.000 E1.4967 F6000
G1 X202.000 Y186.000 E1.4967 F6000
G1 X162.000 Y186.000 E1.4967 F6000
G1 X162.000 Y146.000 E1.4967 F6000
;LAYER_CHANGE
;Z:41.00
G1 Z41.00 F300
G1 X162.450 Y146.450 F6000
G1 X201.550 Y146.450 E1.4630 F3600
G1 X201.550 Y185.550 E1.4630 F3600
G1 X162.450 Y185.550 E1.4630 F3600
G1 X162.450 Y146.450 E1.4630 F3600
G1 X162.000 Y146.000 F6000
G1 X202.000 Y146.000 E1.4967 F6000
G1 X202.000 Y186.000 E1.4967 F6000
G1 X162.000 Y186.000 E1.4967 F6000
G1 X162.000 Y146.000 E1.4967 F6000
;LAYER_CHANGE
;Z:41.20
G1 Z41.20 F300
G1 X162.450 Y146.450 F6000
G1 X201.550 Y146.450 E1.4630 F3600
G1 X201.550 Y185.550 E1.4630 F3600
G1 X162.450 Y185.550 E1.4630 F3600
G1 X162.450 Y146.450 E1.4630 F3600
G1 X162.000 Y146.000 F6000
G1 X202.000 Y146.000 E1.4967 F6000
G1 X202.000 Y186.000 E1.4967 F6000
G1 X162.000 Y186.000 E1.4967 F6000
G1 X162.000 Y146.000 E1.4967 F6000
;LAYER_CHANGE
;Z:41.40
G1 Z41.40 F300
G1 X162.450 Y146.450 F6000
G1 X201.550 Y146.450 E1.4630 F3600
G1 X201.550 Y185.550 E1.4630 F3600
G1 X162.450 Y185.550 E1.4630 F3600
G1 X162.450 Y146.450 E1.4630 F3600
G1 X162.000 Y146.000 F6000
G1 X202.000 Y146.000 E1.4967 F6000
G1 X202.000 Y186.000 E1.4967 F6000
G1 X162.000 Y186.000 E1.4967 F6000
G1 X162.000 Y146.000 E1.4967 F6000
;LAYER_CHANGE
;Z:41.60
G1 Z41.60 F300
G1 X162.450 Y146.450 F6000
G1 X201.550 Y146.450 E1.4630 F3600
G1 X201.550 Y185.550 E1.4630 F3600
G1 X162.450 Y185.550 E1.4630 F3600
G1 X162.450 Y146.450 E1.4630 F3600
G1 X162.000 Y146.000 F6000
G1 X202.000 Y146.000 E1.4967 F6000
G1 X202.000 Y186.000 E1.4967 F6000
G1 X162.000 Y186.000 E1.4967 F6000
G1 X162.000 Y146.000 E1.4967 F6000
;LAYER_CHANGE
;Z:41.80
G1 Z41.80 F300
G1 X162.450 Y146.450 F6000
G1 X201.550 Y146.450 E1.4630 F3600
G1 X201.550 Y185.550 E1.4630 F3600
G1 X162.450 Y185.550 E1.4630 F3600
G1 X162.450 Y146.450 E1.4630 F3600
G1 X162.000 Y146.000 F6000
G1 X202.000 Y146.000 E1.4967 F6000
G1 X202.000 Y186.000 E1.4967 F6000
G1 X162.000 Y186.000 E1.4967 F6000
G1 X162.000 Y146.000 E1.4967 F6000
;LAYER_CHANGE
;Z:42.00
G1 Z42.00 F300
G1 X162.450 Y146.450 F6000
G1 X201.550 Y146.450 E1.4630 F3600
G1 X201.550 Y185.550 E1.4630 F3600
G1 X162.450 Y185.550 E1.4630 F3600
G1 X162.450 Y146.450 E1.4630 F3600
G1 X162.000 Y146.000 F6000
G1 X202.000 Y146.000 E1.4967 F6000
G1 X202.000 Y186.000 E1.4967 F6000
G1 X162.000 Y186.000 E1.4967 F6000
G1 X162.000 Y146.000 E1.4967 F6000
;LAYER_CHANGE
;Z:42.20
G1 Z42.20 F300
G1 X162.450 Y146.450 F6000
G1 X201.550 Y146.450 E1.4630 F3600
G1 X201.550 Y185.550 E1.4630 F3600
G1 X162.450 Y185.550 E1.4630 F3600
G1 X162.450 Y146.450 E1.4630 F3600
G1 X162.000 Y146.000 F6000
G1 X202.000 Y146.000 E1.4967 F6000
G1 X202.000 Y186.000 E1.4967 F6000
G1 X162.000 Y186.000 E1.4967 F6000
G1 X162.000 Y146.000 E1.4967 F6000
;LAYER_CHANGE
;Z:42.40
G1 Z42.40 F300
G1 X162.450 Y146.450 F6000
G1 X201.550 Y146.450 E1.4630 F3600
G1 X201.550 Y185.550 E1.4630 F3600
G1 X162.450 Y185.550 E1.4630 F3600
G1 X162.450 Y146.450 E1.4630 F3600
G1 X162.000 Y146.000 F6000
G1 X202.000 Y146.000 E1.4967 F6000
G1 X202.000 Y186.000 E1.4967 F6000
G1 X162.000 Y186.000 E1.4967 F6000
G1 X162.000 Y146.000 E1.4967 F6000
;LAYER_CHANGE
;Z:42.60
G1 Z42.60 F300
G1 X162.450 Y146.450 F6000
G1 X201.550 Y146.450 E1.4630 F3600
G1 X201.550 Y185.550 E1.4630 F3600
G1 X162.450 Y185.550 E1.4630 F3600
G1 X162.450 Y146.450 E1.4630 F3600
G1 X162.000 Y146.000 F6000
G1 X202.000 Y146.000 E1.4967 F6000
G1 X202.000 Y186.000 E1.4967 F6000
G1 X162.000 Y186.000 E1.4967 F6000
G1 X162.000 Y146.000 E1.4967 F6000
;LAYER_CHANGE
;Z:42.80
G1 Z42.80 F300
G1 X162.450 Y146.450 F6000
G1 X201.550 Y146.450 E1.4630 F3600
G1 X201.550 Y185.550 E1.4630 F3600
G1 X162.450 Y185.550 E1.4630 F3600
G1 X162.450 Y146.450 E1.4630 F3600
G1 X162.000 Y146.000 F6000
G1 X202.000 Y146.000 E1.4967 F6000
G1 X202.000 Y186.000 E1.4967 F6000
G1 X162.000 Y186.000 E1.4967 F6000
G1 X162.000 Y146.000 E1.4967 F6000
;LAYER_CHANGE
;Z:43.00
G1 Z43.00 F300
G1 X162.450 Y146.450 F6000
G1 X201.550 Y146.450 E1.4630 F3600
G1 X201.550 Y185.550 E1.4630 F3600
G1 X162.450 Y185.550 E1.4630 F3600
G1 X162.450 Y146.450 E1.4630 F3600
G1 X162.000 Y146.000 F6000
G1 X202.000 Y146.000 E1.4967 F6000
G1 X202.000 Y186.000 E1.4967 F6000
G1 X162.000 Y186.000 E1.4967 F6000
G1 X162.000 Y146.000 E1.4967 F6000
;LAYER_CHANGE
;Z:43.20
G1 Z43.20 F300
G1 X162.450 Y146.450 F6000
G1 X201.550 Y146.450 E1.4630 F3600
G1 X201.550 Y185.550 E1.4630 F3600
G1 X162.450 Y185.550 E1.4630 F3600
G1 X162.450 Y146.450 E1.4630 F3600
G1 X162.000 Y146.000 F6000
G1 X202.000 Y146.000 E1.4967 F6000
G1 X202.000 Y186.000 E1.4967 F6000
G1 X162.000 Y186.000 E1.4967 F6000
G1 X162.000 Y146.000 E1.4967 F6000
;LAYER_CHANGE
;Z:43.40
G1 Z43.40 F300
G1 X162.450 Y146.450 F6000
G1 X201.550 Y146.450 E1.4630 F3600
G1 X201.550 Y185.550 E1.4630 F3600
G1 X162.450 Y185.550 E1.4630 F3600
G1 X162.450 Y146.450 E1.4630 F3600
G1 X162.000 Y146.000 F6000
G1 X202.000 Y146.000 E1.4967 F6000
G1 X202.000 Y186.000 E1.4967 F6000
G1 X162.000 Y186.000 E1.4967 F6000
G1 X162.000 Y146.000 E1.4967 F6000
;LAYER_CHANGE
;Z:43.60
G1 Z43.60 F300
G1 X162.450 Y146.450 F6000
G1 X201.550 Y146.450 E1.4630 F3600
G1 X201.550 Y185.550 E1.4630 F3600
G1 X162.450 Y185.550 E1.4630 F3600
G1 X162.450 Y146.450 E1.4630 F3600
G1 X162.000 Y146.000 F6000
G1 X202.000 Y146.000 E1.4967 F6000
G1 X202.000 Y186.000 E1.4967 F6000
G1 X162.000 Y186.000 E1.4967 F6000
G1 X162.000 Y146.000 E1.4967 F6000
;LAYER_CHANGE
;Z:43.80
G1 Z43.80 F300
G1 X162.450 Y146.450 F6000
G1 X201.550 Y146.450 E1.4630 F3600
G1 X201.550 Y185.550 E1.4630 F3600
G1 X162.450 Y185.550 E1.4630 F3600
G1 X162.450 Y146.450 E1.4630 F3600
G1 X162.000 Y146.000 F6000
G1 X202.000 Y146.000 E1.4967 F6000
G1 X202.000 Y186.000 E1.4967 F6000
G1 X162.000 Y186.000 E1.4967 F6000
G1 X162.000 Y146.000 E1.4967 F6000
;LAYER_CHANGE
;Z:44.00
G1 Z44.00 F300
G1 X162.450 Y146.450 F6000
G1 X201.550 Y146.450 E1.4630 F3600
G1 X201.550 Y185.550 E1.4630 F3600
G1 X162.450 Y185.550 E1.4630 F3600
G1 X162.450 Y146.450 E1.4630 F3600
G1 X162.000 Y146.000 F6000
G1 X202.000 Y146.000 E1.4967 F6000
G1 X202.000 Y186.000 E1.4967 F6000
G1 X162.000 Y186.000 E1.4967 F6000
G1 X162.000 Y146.000 E1.4967 F6000
;LAYER_CHANGE
;Z:44.20
G1 Z44.20 F300
G1 X162.450 Y146.450 F6000
G1 X201.550 Y146.450 E1.4630 F3600
G1 X201.550 Y185.550 E1.4630 F3600
G1 X162.450 Y185.550 E1.4630 F3600
G1 X162.450 Y146.450 E1.4630 F3600
G1 X162.000 Y146.000 F6000
G1 X202.000 Y146.000 E1.4967 F6000
G1 X202.000 Y186.000 E1.4967 F6000
G1 X162.000 Y186.000 E1.4967 F6000
G1 X162.000 Y146.000 E1.4967 F6000
;LAYER_CHANGE
;Z:44.40
G1 Z44.40 F300
G1 X162.450 Y146.450 F6000
G1 X201.550 Y146.450 E1.4630 F3600
G1 X201.550 Y185.550 E1.4630 F3600
G1 X162.450 Y185.550 E1.4630 F3600
G1 X162.450 Y146.450 E1.4630 F3600
G1 X162.000 Y146.000 F6000
G1 X202.000 Y146.000 E1.4967 F6000
G1 X202.000 Y186.000 E1.4967 F6000
G1 X162.000 Y186.000 E1.4967 F6000
G1 X162.000 Y146.000 E1.4967 F6000
;LAYER_CHANGE
;Z:44.60
G1 Z44.60 F300
G1 X162.450 Y146.450 F6000
G1 X201.550 Y146.450 E1.4630 F3600
G1 X201.550 Y185.550 E1.4630 F3600
G1 X162.450 Y185.550 E1.4630 F3600
G1 X162.450 Y146.450 E1.4630 F3600
G1 X162.000 Y146.000 F6000
G1 X202.000 Y146.000 E1.4967 F6000
G1 X202.000 Y186.000 E1.4967 F6000
G1 X162.000 Y186.000 E1.4967 F6000
G1 X162.000 Y146.000 E1.4967 F6000
;LAYER_CHANGE
;Z:44.80
G1 Z44.80 F300
G1 X162.450 Y146.450 F6000
G1 X201.550 Y146.450 E1.4630 F3600
G1 X201.550 Y185.550 E1.4630 F3600
G1 X162.450 Y185.550 E1.4630 F3600
G1 X162.450 Y146.450 E1.4630 F3600
G1 X162.000 Y146.000 F6000
G1 X202.000 Y146.000 E1.4967 F6000
G1 X202.000 Y186.000 E1.4967 F6000
G1 X162.000 Y186.000 E1.4967 F6000
G1 X162.000 Y146.000 E1.4967 F6000
;LAYER_CHANGE
;Z:45.00
G1 Z45.00 F300
G1 X162.450 Y146.450 F6000
G1 X201.550 Y146.450 E1.4630 F3600
G1 X201.550 Y185.550 E1.4630 F3600
G1 X162.450 Y185.550 E1.4630 F3600
G1 X162.450 Y146.450 E1.4630 F3600
G1 X162.000 Y146.000 F6000
G1 X202.000 Y146.000 E1.4967 F6000
G1 X202.000 Y186.000 E1.4967 F6000
G1 X162.000 Y186.000 E1.4967 F6000
G1 X162.000 Y146.000 E1.4967 F6000
;LAYER_CHANGE
;Z:45.20
G1 Z45.20 F300
M572 D0 S0.090 ; band 9 from Z 45.2
G1 X162.450 Y146.450 F6000
G1 X201.550 Y146.450 E1.4630 F3600
G1 X201.550 Y185.550 E1.4630 F3600
G1 X162.450 Y185.550 E1.4630 F3600
G1 X162.450 Y146.450 E1.4630 F3600
G1 X162.000 Y146.000 F6000
G1 X202.000 Y146.000 E1.4967 F6000
G1 X202.000 Y186.000 E1.4967 F6000
G1 X162.000 Y186.000 E1.4967 F6000
G1 X162.000 Y146.000 E1.4967 F6000
;LAYER_CHANGE
;Z:45.40
G1 Z45.40 F300
G1 X162.450 Y146.450 F6000
G1 X201.550 Y146.450 E1.4630 F3600
G1 X201.550 Y185.550 E1.4630 F3600
G1 X162.450 Y185.550 E1.4630 F3600
G1 X162.450 Y146.450 E1.4630 F3600
G1 X162.000 Y146.000 F6000
G1 X202.000 Y146.000 E1.4967 F6000
G1 X202.000 Y186.000 E1.4967 F6000
G1 X162.000 Y186.000 E1.4967 F6000
G1 X162.000 Y146.000 E1.4967 F6000
;LAYER_CHANGE
;Z:45.60
G1 Z45.60 F300
G1 X162.450 Y146.450 F6000
G1 X201.550 Y146.450 E1.4630 F3600
G1 X201.550 Y185.550 E1.4630 F3600
G1 X162.450 Y185.550 E1.4630 F3600
G1 X162.450 Y146.450 E1.4630 F3600
G1 X162.000 Y146.000 F6000
G1 X202.000 Y146.000 E1.4967 F6000
G1 X202.000 Y186.000 E1.4967 F6000
G1 X162.000 Y186.000 E1.4967 F6000
G1 X162.000 Y146.000 E1.4967 F6000
;LAYER_CHANGE
;Z:45.80
G1 Z45.80 F300
G1 X162.450 Y146.450 F6000
G1 X201.550 Y146.450 E1.4630 F3600
G1 X201.550 Y185.550 E1.4630 F3600
G1 X162.450 Y185.550 E1.4630 F3600
G1 X162.450 Y146.450 E1.4630 F3600
G1 X162.000 Y146.000 F6000
G1 X202.000 Y146.000 E1.4967 F6000
G1 X202.000 Y186.000 E1.4967 F6000
G1 X162.000 Y186.000 E1.4967 F6000
G1 X162.000 Y146.000 E1.4967 F6000
;LAYER_CHANGE
;Z:46.00
G1 Z46.00 F300
G1 X162.450 Y146.450 F6000
G1 X201.550 Y146.450 E1.4630 F3600
G1 X201.550 Y185.550 E1.4630 F3600
G1 X162.450 Y185.550 E1.4630 F3600
G1 X162.450 Y146.450 E1.4630 F3600
G1 X162.000 Y146.000 F6000
G1 X202.000 Y146.000 E1.4967 F6000
G1 X202.000 Y186.000 E1.4967 F6000
G1 X162.000 Y186.000 E1.4967 F6000
G1 X162.000 Y146.000 E1.4967 F6000
;LAYER_CHANGE
;Z:46.20
G1 Z46.20 F300
G1 X162.450 Y146.450 F6000
G1 X201.550 Y146.450 E1.4630 F3600
G1 X201.550 Y185.550 E1.4630 F3600
G1 X162.450 Y185.550 E1.4630 F3600
G1 X162.450 Y146.450 E1.4630 F3600
G1 X162.000 Y146.000 F6000
G1 X202.000 Y146.000 E1.4967 F6000
G1 X202.000 Y186.000 E1.4967 F6000
G1 X162.000 Y186.000 E1.4967 F6000
G1 X162.000 Y146.000 E1.4967 F6000
;LAYER_CHANGE
;Z:46.40
G1 Z46.40 F300
G1 X162.450 Y146.450 F6000
G1 X201.550 Y146.450 E1.4630 F3600
G1 X201.550 Y185.550 E1.4630 F3600
G1 X162.450 Y185.550 E1.4630 F3600
G1 X162.450 Y146.450 E1.4630 F3600
G1 X162.000 Y146.000 F6000
G1 X202.000 Y146.000 E1.4967 F6000
G1 X202.000 Y186.000 E1.4967 F6000
G1 X162.000 Y186.000 E1.4967 F6000
G1 X162.000 Y146.000 E1.4967 F6000
;LAYER_CHANGE
;Z:46.60
G1 Z46.60 F300
G1 X162.450 Y146.450 F6000
G1 X201.550 Y146.450 E1.4630 F3600
G1 X201.550 Y185.550 E1.4630 F3600
G1 X162.450 Y185.550 E1.4630 F3600
G1 X162.450 Y146.450 E1.4630 F3600
G1 X162.000 Y146.000 F6000
G1 X202.000 Y146.000 E1.4967 F6000
G1 X202.000 Y186.000 E1.4967 F6000
G1 X162.000 Y186.000 E1.4967 F6000
G1 X162.000 Y146.000 E1.4967 F6000
;LAYER_CHANGE
;Z:46.80
G1 Z46.80 F300
G1 X162.450 Y146.450 F6000
G1 X201.550 Y146.450 E1.4630 F3600
G1 X201.550 Y185.550 E1.4630 F3600
G1 X162.450 Y185.550 E1.4630 F3600
G1 X162.450 Y146.450 E1.4630 F3600
G1 X162.000 Y146.000 F6000
G1 X202.000 Y146.000 E1.4967 F6000
G1 X202.000 Y186.000 E1.4967 F6000
G1 X162.000 Y186.000 E1.4967 F6000
G1 X162.000 Y146.000 E1.4967 F6000
;LAYER_CHANGE
;Z:47.00
G1 Z47.00 F300
G1 X162.450 Y146.450 F6000
G1 X201.550 Y146.450 E1.4630 F3600
G1 X201.550 Y185.550 E1.4630 F3600
G1 X162.450 Y185.550 E1.4630 F3600
G1 X162.450 Y146.450 E1.4630 F3600
G1 X162.000 Y146.000 F6000
G1 X202.000 Y146.000 E1.4967 F6000
G1 X202.000 Y186.000 E1.4967 F6000
G1 X162.000 Y186.000 E1.4967 F6000
G1 X162.000 Y146.000 E1.4967 F6000
;LAYER_CHANGE
;Z:47.20
G1 Z47.20 F300
G1 X162.450 Y146.450 F6000
G1 X201.550 Y146.450 E1.4630 F3600
G1 X201.550 Y185.550 E1.4630 F3600
G1 X162.450 Y185.550 E1.4630 F3600
G1 X162.450 Y146.450 E1.4630 F3600
G1 X162.000 Y146.000 F6000
G1 X202.000 Y146.000 E1.4967 F6000
G1 X202.000 Y186.000 E1.4967 F6000
G1 X162.000 Y186.000 E1.4967 F6000
G1 X162.000 Y146.000 E1.4967 F6000
;LAYER_CHANGE
;Z:47.40
G1 Z47.40 F300
G1 X162.450 Y146.450 F6000
G1 X201.550 Y146.450 E1.4630 F3600
G1 X201.550 Y185.550 E1.4630 F3600
G1 X162.450 Y185.550 E1.4630 F3600
G1 X162.450 Y146.450 E1.4630 F3600
G1 X162.000 Y146.000 F6000
G1 X202.000 Y146.000 E1.4967 F6000
G1 X202.000 Y186.000 E1.4967 F6000
G1 X162.000 Y186.000 E1.4967 F6000
G1 X162.000 Y146.000 E1.4967 F6000
;LAYER_CHANGE
;Z:47.60
G1 Z47.60 F300
G1 X162.450 Y146.450 F6000
G1 X201.550 Y146.450 E1.4630 F3600
G1 X201.550 Y185.550 E1.4630 F3600
G1 X162.450 Y185.550 E1.4630 F3600
G1 X162.450 Y146.450 E1.4630 F3600
G1 X162.000 Y146.000 F6000
G1 X202.000 Y146.000 E1.4967 F6000
G1 X202.000 Y186.000 E1.4967 F6000
G1 X162.000 Y186.000 E1.4967 F6000
G1 X162.000 Y146.000 E1.4967 F6000
;LAYER_CHANGE
;Z:47.80
G1 Z47.80 F300
G1 X162.450 Y146.450 F6000
G1 X201.550 Y146.450 E1.4630 F3600
G1 X201.550 Y185.550 E1.4630 F3600
G1 X162.450 Y185.550 E1.4630 F3600
G1 X162.450 Y146.450 E1.4630 F3600
G1 X162.000 Y146.000 F6000
G1 X202.000 Y146.000 E1.4967 F6000
G1 X202.000 Y186.000 E1.4967 F6000
G1 X162.000 Y186.000 E1.4967 F6000
G1 X162.000 Y146.000 E1.4967 F6000
;LAYER_CHANGE
;Z:48.00
G1 Z48.00 F300
G1 X162.450 Y146.450 F6000
G1 X201.550 Y146.450 E1.4630 F3600
G1 X201.550 Y185.550 E1.4630 F3600
G1 X162.450 Y185.550 E1.4630 F3600
G1 X162.450 Y146.450 E1.4630 F3600
G1 X162.000 Y146.000 F6000
G1 X202.000 Y146.000 E1.4967 F6000
G1 X202.000 Y186.000 E1.4967 F6000
G1 X162.000 Y186.000 E1.4967 F6000
G1 X162.000 Y146.000 E1.4967 F6000
;LAYER_CHANGE
;Z:48.20
G1 Z48.20 F300
G1 X162.450 Y146.450 F6000
G1 X201.550 Y146.450 E1.4630 F3600
G1 X201.550 Y185.550 E1.4630 F3600
G1 X162.450 Y185.550 E1.4630 F3600
G1 X162.450 Y146.450 E1.4630 F3600
G1 X162.000 Y146.000 F6000
G1 X202.000 Y146.000 E1.4967 F6000
G1 X202.000 Y186.000 E1.4967 F6000
G1 X162.000 Y186.000 E1.4967 F6000
G1 X162.000 Y146.000 E1.4967 F6000
;LAYER_CHANGE
;Z:48.40
G1 Z48.40 F300
G1 X162.450 Y146.450 F6000
G1 X201.550 Y146.450 E1.4630 F3600
G1 X201.550 Y185.550 E1.4630 F3600
G1 X162.450 Y185.550 E1.4630 F3600
G1 X162.450 Y146.450 E1.4630 F3600
G1 X162.000 Y146.000 F6000
G1 X202.000 Y146.000 E1.4967 F6000
G1 X202.000 Y186.000 E1.4967 F6000
G1 X162.000 Y186.000 E1.4967 F6000
G1 X162.000 Y146.000 E1.4967 F6000
;LAYER_CHANGE
;Z:48.60
G1 Z48.60 F300
G1 X162.450 Y146.450 F6000
G1 X201.550 Y146.450 E1.4630 F3600
G1 X201.550 Y185.550 E1.4630 F3600
G1 X162.450 Y185.550 E1.4630 F3600
G1 X162.450 Y146.450 E1.4630 F3600
G1 X162.000 Y146.000 F6000
G1 X202.000 Y146.000 E1.4967 F6000
G1 X202.000 Y186.000 E1.4967 F6000
G1 X162.000 Y186.000 E1.4967 F6000
G1 X162.000 Y146.000 E1.4967 F6000
;LAYER_CHANGE
;Z:48.80
G1 Z48.80 F300
G1 X162.450 Y146.450 F6000
G1 X201.550 Y146.450 E1.4630 F3600
G1 X201.550 Y185.550 E1.4630 F3600
G1 X162.450 Y185.550 E1.4630 F3600
G1 X162.450 Y146.450 E1.4630 F3600
G1 X162.000 Y146.000 F6000
G1 X202.000 Y146.000 E1.4967 F6000
G1 X202.000 Y186.000 E1.4967 F6000
G1 X162.000 Y186.000 E1.4967 F6000
G1 X162.000 Y146.000 E1.4967 F6000
;LAYER_CHANGE
;Z:49.00
G1 Z49.00 F300
G1 X162.450 Y146.450 F6000
G1 X201.550 Y146.450 E1.4630 F3600
G1 X201.550 Y185.550 E1.4630 F3600
G1 X162.450 Y185.550 E1.4630 F3600
G1 X162.450 Y146.450 E1.4630 F3600
G1 X162.000 Y146.000 F6000
G1 X202.000 Y146.000 E1.4967 F6000
G1 X202.000 Y186.000 E1.4967 F6000
G1 X162.000 Y186.000 E1.4967 F6000
G1 X162.000 Y146.000 E1.4967 F6000
;LAYER_CHANGE
;Z:49.20
G1 Z49.20 F300
G1 X162.450 Y146.450 F6000
G1 X201.550 Y146.450 E1.4630 F3600
G1 X201.550 Y185.550 E1.4630 F3600
G1 X162.450 Y185.550 E1.4630 F3600
G1 X162.450 Y146.450 E1.4630 F3600
G1 X162.000 Y146.000 F6000
G1 X202.000 Y146.000 E1.4967 F6000
G1 X202.000 Y186.000 E1.4967 F6000
G1 X162.000 Y186.000 E1.4967 F6000
G1 X162.000 Y146.000 E1.4967 F6000
;LAYER_CHANGE
;Z:49.40
G1 Z49.40 F300
G1 X162.450 Y146.450 F6000
G1 X201.550 Y146.450 E1.4630 F3600
G1 X201.550 Y185.550 E1.4630 F3600
G1 X162.450 Y185.550 E1.4630 F3600
G1 X162.450 Y146.450 E1.4630 F3600
G1 X162.000 Y146.000 F6000
G1 X202.000 Y146.000 E1.4967 F6000
G1 X202.000 Y186.000 E1.4967 F6000
G1 X162.000 Y186.000 E1.4967 F6000
G1 X162.000 Y146.000 E1.4967 F6000
;LAYER_CHANGE
;Z:49.60
G1 Z49.60 F300
G1 X162.450 Y146.450 F6000
G1 X201.550 Y146.450 E1.4630 F3600
G1 X201.550 Y185.550 E1.4630 F3600
G1 X162.450 Y185.550 E1.4630 F3600
G1 X162.450 Y146.450 E1.4630 F3600
G1 X162.000 Y146.000 F6000
G1 X202.000 Y146.000 E1.4967 F6000
G1 X202.000 Y186.000 E1.4967 F6000
G1 X162.000 Y186.000 E1.4967 F6000
G1 X162.000 Y146.000 E1.4967 F6000
;LAYER_CHANGE
;Z:49.80
G1 Z49.80 F300
G1 X162.450 Y146.450 F6000
G1 X201.550 Y146.450 E1.4630 F3600
G1 X201.550 Y185.550 E1.4630 F3600
G1 X162.450 Y185.550 E1.4630 F3600
G1 X162.450 Y146.450 E1.4630 F3600
G1 X162.000 Y146.000 F6000
G1 X202.000 Y146.000 E1.4967 F6000
G1 X202.000 Y186.000 E1.4967 F6000
G1 X162.000 Y186.000 E1.4967 F6000
G1 X162.000 Y146.000 E1.4967 F6000
;LAYER_CHANGE
;Z:50.00
G1 Z50.00 F300
G1 X162.450 Y146.450 F6000
G1 X201.550 Y146.450 E1.4630 F3600
G1 X201.550 Y185.550 E1.4630 F3600
G1 X162.450 Y185.550 E1.4630 F3600
G1 X162.450 Y146.450 E1.4630 F3600
G1 X162.000 Y146.000 F6000
G1 X202.000 Y146.000 E1.4967 F6000
G1 X202.000 Y186.000 E1.4967 F6000
G1 X162.000 Y186.000 E1.4967 F6000
G1 X162.000 Y146.000 E1.4967 F6000
;LAYER_CHANGE
;Z:50.20
G1 Z50.20 F300
M572 D0 S0.100 ; band 10 from Z 50.2
G1 X162.450 Y146.450 F6000
G1 X201.550 Y146.450 E1.4630 F3600
G1 X201.550 Y185.550 E1.4630 F3600
G1 X162.450 Y185.550 E1.4630 F3600
G1 X162.450 Y146.450 E1.4630 F3600
G1 X162.000 Y146.000 F6000
G1 X202.000 Y146.000 E1.4967 F6000
G1 X202.000 Y186.000 E1.4967 F6000
G1 X162.000 Y186.000 E1.4967 F6000
G1 X162.000 Y146.000 E1.4967 F6000
;LAYER_CHANGE
;Z:50.40
G1 Z50.40 F300
G1 X162.450 Y146.450 F6000
G1 X201.550 Y146.450 E1.4630 F3600
G1 X201.550 Y185.550 E1.4630 F3600
G1 X162.450 Y185.550 E1.4630 F3600
G1 X162.450 Y146.450 E1.4630 F3600
G1 X162.000 Y146.000 F6000
G1 X202.000 Y146.000 E1.4967 F6000
G1 X202.000 Y186.000 E1.4967 F6000
G1 X162.000 Y186.000 E1.4967 F6000
G1 X162.000 Y146.000 E1.4967 F6000
;LAYER_CHANGE
;Z:50.60
G1 Z50.60 F300
G1 X162.450 Y146.450 F6000
G1 X201.550 Y146.450 E1.4630 F3600
G1 X201.550 Y185.550 E1.4630 F3600
G1 X162.450 Y185.550 E1.4630 F3600
G1 X162.450 Y146.450 E1.4630 F3600
G1 X162.000 Y146.000 F6000
G1 X202.000 Y146.000 E1.4967 F6000
G1 X202.000 Y186.000 E1.4967 F6000
G1 X162.000 Y186.000 E1.4967 F6000
G1 X162.000 Y146.000 E1.4967 F6000
;LAYER_CHANGE
;Z:50.80
G1 Z50.80 F300
G1 X162.450 Y146.450 F6000
G1 X201.550 Y146.450 E1.4630 F3600
G1 X201.550 Y185.550 E1.4630 F3600
G1 X162.450 Y185.550 E1.4630 F3600
G1 X162.450 Y146.450 E1.4630 F3600
G1 X162.000 Y146.000 F6000
G1 X202.000 Y146.000 E1.4967 F6000
G1 X202.000 Y186.000 E1.4967 F6000
G1 X162.000 Y186.000 E1.4967 F6000
G1 X162.000 Y146.000 E1.4967 F6000
;LAYER_CHANGE
;Z:51.00
G1 Z51.00 F300
G1 X162.450 Y146.450 F6000
G1 X201.550 Y146.450 E1.4630 F3600
G1 X201.550 Y185.550 E1.4630 F3600
G1 X162.450 Y185.550 E1.4630 F3600
G1 X162.450 Y146.450 E1.4630 F3600
G1 X162.000 Y146.000 F6000
G1 X202.000 Y146.000 E1.4967 F6000
G1 X202.000 Y186.000 E1.4967 F6000
G1 X162.000 Y186.000 E1.4967 F6000
G1 X162.000 Y146.000 E1.4967 F6000
;LAYER_CHANGE
;Z:51.20
G1 Z51.20 F300
G1 X162.450 Y146.450 F6000
G1 X201.550 Y146.450 E1.4630 F3600
G1 X201.550 Y185.550 E1.4630 F3600
G1 X162.450 Y185.550 E1.4630 F3600
G1 X162.450 Y146.450 E1.4630 F3600
G1 X162.000 Y146.000 F6000
G1 X202.000 Y146.000 E1.4967 F6000
G1 X202.000 Y186.000 E1.4967 F6000
G1 X162.000 Y186.000 E1.4967 F6000
G1 X162.000 Y146.000 E1.4967 F6000
;LAYER_CHANGE
;Z:51.40
G1 Z51.40 F300
G1 X162.450 Y146.450 F6000
G1 X201.550 Y146.450 E1.4630 F3600
G1 X201.550 Y185.550 E1.4630 F3600
G1 X162.450 Y185.550 E1.4630 F3600
G1 X162.450 Y146.450 E1.4630 F3600
G1 X162.000 Y146.000 F6000
G1 X202.000 Y146.000 E1.4967 F6000
G1 X202.000 Y186.000 E1.4967 F6000
G1 X162.000 Y186.000 E1.4967 F6000
G1 X162.000 Y146.000 E1.4967 F6000
;LAYER_CHANGE
;Z:51.60
G1 Z51.60 F300
G1 X162.450 Y146.450 F6000
G1 X201.550 Y146.450 E1.4630 F3600
G1 X201.550 Y185.550 E1.4630 F3600
G1 X162.450 Y185.550 E1.4630 F3600
G1 X162.450 Y146.450 E1.4630 F3600
G1 X162.000 Y146.000 F6000
G1 X202.000 Y146.000 E1.4967 F6000
G1 X202.000 Y186.000 E1.4967 F6000
G1 X162.000 Y186.000 E1.4967 F6000
G1 X162.000 Y146.000 E1.4967 F6000
;LAYER_CHANGE
;Z:51.80
G1 Z51.80 F300
G1 X162.450 Y146.450 F6000
G1 X201.550 Y146.450 E1.4630 F3600
G1 X201.550 Y185.550 E1.4630 F3600
G1 X162.450 Y185.550 E1.4630 F3600
G1 X162.450 Y146.450 E1.4630 F3600
G1 X162.000 Y146.000 F6000
G1 X202.000 Y146.000 E1.4967 F6000
G1 X202.000 Y186.000 E1.4967 F6000
G1 X162.000 Y186.000 E1.4967 F6000
G1 X162.000 Y146.000 E1.4967 F6000
;LAYER_CHANGE
;Z:52.00
G1 Z52.00 F300
G1 X162.450 Y146.450 F6000
G1 X201.550 Y146.450 E1.4630 F3600
G1 X201.550 Y185.550 E1.4630 F3600
G1 X162.450 Y185.550 E1.4630 F3600
G1 X162.450 Y146.450 E1.4630 F3600
G1 X162.000 Y146.000 F6000
G1 X202.000 Y146.000 E1.4967 F6000
G1 X202.000 Y186.000 E1.4967 F6000
G1 X162.000 Y186.000 E1.4967 F6000
G1 X162.000 Y146.000 E1.4967 F6000
;LAYER_CHANGE
;Z:52.20
G1 Z52.20 F300
G1 X162.450 Y146.450 F6000
G1 X201.550 Y146.450 E1.4630 F3600
G1 X201.550 Y185.550 E1.4630 F3600
G1 X162.450 Y185.550 E1.4630 F3600
G1 X162.450 Y146.450 E1.4630 F3600
G1 X162.000 Y146.000 F6000
G1 X202.000 Y146.000 E1.4967 F6000
G1 X202.000 Y186.000 E1.4967 F6000
G1 X162.000 Y186.000 E1.4967 F6000
G1 X162.000 Y146.000 E1.4967 F6000
;LAYER_CHANGE
;Z:52.40
G1 Z52.40 F300
G1 X162.450 Y146.450 F6000
G1 X201.550 Y146.450 E1.4630 F3600
G1 X201.550 Y185.550 E1.4630 F3600
G1 X162.450 Y185.550 E1.4630 F3600
G1 X162.450 Y146.450 E1.4630 F3600
G1 X162.000 Y146.000 F6000
G1 X202.000 Y146.000 E1.4967 F6000
G1 X202.000 Y186.000 E1.4967 F6000
G1 X162.000 Y186.000 E1.4967 F6000
G1 X162.000 Y146.000 E1.4967 F6000
;LAYER_CHANGE
;Z:52.60
G1 Z52.60 F300
G1 X162.450 Y146.450 F6000
G1 X201.550 Y146.450 E1.4630 F3600
G1 X201.550 Y185.550 E1.4630 F3600
G1 X162.450 Y185.550 E1.4630 F3600
G1 X162.450 Y146.450 E1.4630 F3600
G1 X162.000 Y146.000 F6000
G1 X202.000 Y146.000 E1.4967 F6000
G1 X202.000 Y186.000 E1.4967 F6000
G1 X162.000 Y186.000 E1.4967 F6000
G1 X162.000 Y146.000 E1.4967 F6000
;LAYER_CHANGE
;Z:52.80
G1 Z52.80 F300
G1 X162.450 Y146.450 F6000
G1 X201.550 Y146.450 E1.4630 F3600
G1 X201.550 Y185.550 E1.4630 F3600
G1 X162.450 Y185.550 E1.4630 F3600
G1 X162.450 Y146.450 E1.4630 F3600
G1 X162.000 Y146.000 F6000
G1 X202.000 Y146.000 E1.4967 F6000
G1 X202.000 Y186.000 E1.4967 F6000
G1 X162.000 Y186.000 E1.4967 F6000
G1 X162.000 Y146.000 E1.4967 F6000
;LAYER_CHANGE
;Z:53.00
G1 Z53.00 F300
G1 X162.450 Y146.450 F6000
G1 X201.550 Y146.450 E1.4630 F3600
G1 X201.550 Y185.550 E1.4630 F3600
G1 X162.450 Y185.550 E1.4630 F3600
G1 X162.450 Y146.450 E1.4630 F3600
G1 X162.000 Y146.000 F6000
G1 X202.000 Y146.000 E1.4967 F6000
G1 X202.000 Y186.000 E1.4967 F6000
G1 X162.000 Y186.000 E1.4967 F6000
G1 X162.000 Y146.000 E1.4967 F6000
;LAYER_CHANGE
;Z:53.20
G1 Z53.20 F300
G1 X162.450 Y146.450 F6000
G1 X201.550 Y146.450 E1.4630 F3600
G1 X201.550 Y185.550 E1.4630 F3600
G1 X162.450 Y185.550 E1.4630 F3600
G1 X162.450 Y146.450 E1.4630 F3600
G1 X162.000 Y146.000 F6000
G1 X202.000 Y146.000 E1.4967 F6000
G1 X202.000 Y186.000 E1.4967 F6000
G1 X162.000 Y186.000 E1.4967 F6000
G1 X162.000 Y146.000 E1.4967 F6000
;LAYER_CHANGE
;Z:53.40
G1 Z53.40 F300
G1 X162.450 Y146.450 F6000
G1 X201.550 Y146.450 E1.4630 F3600
G1 X201.550 Y185.550 E1.4630 F3600
G1 X162.450 Y185.550 E1.4630 F3600
G1 X162.450 Y146.450 E1.4630 F3600
G1 X162.000 Y146.000 F6000
G1 X202.000 Y146.000 E1.4967 F6000
G1 X202.000 Y186.000 E1.4967 F6000
G1 X162.000 Y186.000 E1.4967 F6000
G1 X162.000 Y146.000 E1.4967 F6000
;LAYER_CHANGE
;Z:53.60
G1 Z53.60 F300
G1 X162.450 Y146.450 F6000
G1 X201.550 Y146.450 E1.4630 F3600
G1 X201.550 Y185.550 E1.4630 F3600
G1 X162.450 Y185.550 E1.4630 F3600
G1 X162.450 Y146.450 E1.4630 F3600
G1 X162.000 Y146.000 F6000
G1 X202.000 Y146.000 E1.4967 F6000
G1 X202.000 Y186.000 E1.4967 F6000
G1 X162.000 Y186.000 E1.4967 F6000
G1 X162.000 Y146.000 E1.4967 F6000
;LAYER_CHANGE
;Z:53.80
G1 Z53.80 F300
G1 X162.450 Y146.450 F6000
G1 X201.550 Y146.450 E1.4630 F3600
G1 X201.550 Y185.550 E1.4630 F3600
G1 X162.450 Y185.550 E1.4630 F3600
G1 X162.450 Y146.450 E1.4630 F3600
G1 X162.000 Y146.000 F6000
G1 X202.000 Y146.000 E1.4967 F6000
G1 X202.000 Y186.000 E1.4967 F6000
G1 X162.000 Y186.000 E1.4967 F6000
G1 X162.000 Y146.000 E1.4967 F6000
;LAYER_CHANGE
;Z:54.00
G1 Z54.00 F300
G1 X162.450 Y146.450 F6000
G1 X201.550 Y146.450 E1.4630 F3600
G1 X201.550 Y185.550 E1.4630 F3600
G1 X162.450 Y185.550 E1.4630 F3600
G1 X162.450 Y146.450 E1.4630 F3600
G1 X162.000 Y146.000 F6000
G1 X202.000 Y146.000 E1.4967 F6000
G1 X202.000 Y186.000 E1.4967 F6000
G1 X162.000 Y186.000 E1.4967 F6000
G1 X162.000 Y146.000 E1.4967 F6000
;LAYER_CHANGE
;Z:54.20
G1 Z54.20 F300
G1 X162.450 Y146.450 F6000
G1 X201.550 Y146.450 E1.4630 F3600
G1 X201.550 Y185.550 E1.4630 F3600
G1 X162.450 Y185.550 E1.4630 F3600
G1 X162.450 Y146.450 E1.4630 F3600
G1 X162.000 Y146.000 F6000
G1 X202.000 Y146.000 E1.4967 F6000
G1 X202.000 Y186.000 E1.4967 F6000
G1 X162.000 Y186.000 E1.4967 F6000
G1 X162.000 Y146.000 E1.4967 F6000
;LAYER_CHANGE
;Z:54.40
G1 Z54.40 F300
G1 X162.450 Y146.450 F6000
G1 X201.550 Y146.450 E1.4630 F3600
G1 X201.550 Y185.550 E1.4630 F3600
G1 X162.450 Y185.550 E1.4630 F3600
G1 X162.450 Y146.450 E1.4630 F3600
G1 X162.000 Y146.000 F6000
G1 X202.000 Y146.000 E1.4967 F6000
G1 X202.000 Y186.000 E1.4967 F6000
G1 X162.000 Y186.000 E1.4967 F6000
G1 X162.000 Y146.000 E1.4967 F6000
;LAYER_CHANGE
;Z:54.60
G1 Z54.60 F300
G1 X162.450 Y146.450 F6000
G1 X201.550 Y146.450 E1.4630 F3600
G1 X201.550 Y185.550 E1.4630 F3600
G1 X162.450 Y185.550 E1.4630 F3600
G1 X162.450 Y146.450 E1.4630 F3600
G1 X162.000 Y146.000 F6000
G1 X202.000 Y146.000 E1.4967 F6000
G1 X202.000 Y186.000 E1.4967 F6000
G1 X162.000 Y186.000 E1.4967 F6000
G1 X162.000 Y146.000 E1.4967 F6000
;LAYER_CHANGE
;Z:54.80
G1 Z54.80 F300
G1 X162.450 Y146.450 F6000
G1 X201.550 Y146.450 E1.4630 F3600
G1 X201.550 Y185.550 E1.4630 F3600
G1 X162.450 Y185.550 E1.4630 F3600
G1 X162.450 Y146.450 E1.4630 F3600
G1 X162.000 Y146.000 F6000
G1 X202.000 Y146.000 E1.4967 F6000
G1 X202.000 Y186.000 E1.4967 F6000
G1 X162.000 Y186.000 E1.4967 F6000
G1 X162.000 Y146.000 E1.4967 F6000
;LAYER_CHANGE
;Z:55.00
G1 Z55.00 F300
G1 X162.450 Y146.450 F6000
G1 X201.550 Y146.450 E1.4630 F3600
G1 X201.550 Y185.550 E1.4630 F3600
G1 X162.450 Y185.550 E1.4630 F3600
G1 X162.450 Y146.450 E1.4630 F3600
G1 X162.000 Y146.000 F6000
G1 X202.000 Y146.000 E1.4967 F6000
G1 X202.000 Y186.000 E1.4967 F6000
G1 X162.000 Y186.000 E1.4967 F6000
G1 X162.000 Y146.000 E1.4967 F6000
;LAYER_CHANGE
;Z:55.20
G1 Z55.20 F300
M572 D0 S0.110 ; band 11 from Z 55.2
G1 X162.450 Y146.450 F6000
G1 X201.550 Y146.450 E1.4630 F3600
G1 X201.550 Y185.550 E1.4630 F3600
G1 X162.450 Y185.550 E1.4630 F3600
G1 X162.450 Y146.450 E1.4630 F3600
G1 X162.000 Y146.000 F6000
G1 X202.000 Y146.000 E1.4967 F6000
G1 X202.000 Y186.000 E1.4967 F6000
G1 X162.000 Y186.000 E1.4967 F6000
G1 X162.000 Y146.000 E1.4967 F6000
;LAYER_CHANGE
;Z:55.40
G1 Z55.40 F300
G1 X162.450 Y146.450 F6000
G1 X201.550 Y146.450 E1.4630 F3600
G1 X201.550 Y185.550 E1.4630 F3600
G1 X162.450 Y185.550 E1.4630 F3600
G1 X162.450 Y146.450 E1.4630 F3600
G1 X162.000 Y146.000 F6000
G1 X202.000 Y146.000 E1.4967 F6000
G1 X202.000 Y186.000 E1.4967 F6000
G1 X162.000 Y186.000 E1.4967 F6000
G1 X162.000 Y146.000 E1.4967 F6000
;LAYER_CHANGE
;Z:55.60
G1 Z55.60 F300
G1 X162.450 Y146.450 F6000
G1 X201.550 Y146.450 E1.4630 F3600
G1 X201.550 Y185.550 E1.4630 F3600
G1 X162.450 Y185.550 E1.4630 F3600
G1 X162.450 Y146.450 E1.4630 F3600
G1 X162.000 Y146.000 F6000
G1 X202.000 Y146.000 E1.4967 F6000
G1 X202.000 Y186.000 E1.4967 F6000
G1 X162.000 Y186.000 E1.4967 F6000
G1 X162.000 Y146.000 E1.4967 F6000
;LAYER_CHANGE
;Z:55.80
G1 Z55.80 F300
G1 X162.450 Y146.450 F6000
G1 X201.550 Y146.450 E1.4630 F3600
G1 X201.550 Y185.550 E1.4630 F3600
G1 X162.450 Y185.550 E1.4630 F3600
G1 X162.450 Y146.450 E1.4630 F3600
G1 X162.000 Y146.000 F6000
G1 X202.000 Y146.000 E1.4967 F6000
G1 X202.000 Y186.000 E1.4967 F6000
G1 X162.000 Y186.000 E1.4967 F6000
G1 X162.000 Y146.000 E1.4967 F6000
;LAYER_CHANGE
;Z:56.00
G1 Z56.00 F300
G1 X162.450 Y146.450 F6000
G1 X201.550 Y146.450 E1.4630 F3600
G1 X201.550 Y185.550 E1.4630 F3600
G1 X162.450 Y185.550 E1.4630 F3600
G1 X162.450 Y146.450 E1.4630 F3600
G1 X162.000 Y146.000 F6000
G1 X202.000 Y146.000 E1.4967 F6000
G1 X202.000 Y186.000 E1.4967 F6000
G1 X162.000 Y186.000 E1.4967 F6000
G1 X162.000 Y146.000 E1.4967 F6000
;LAYER_CHANGE
;Z:56.20
G1 Z56.20 F300
G1 X162.450 Y146.450 F6000
G1 X201.550 Y146.450 E1.4630 F3600
G1 X201.550 Y185.550 E1.4630 F3600
G1 X162.450 Y185.550 E1.4630 F3600
G1 X162.450 Y146.450 E1.4630 F3600
G1 X162.000 Y146.000 F6000
G1 X202.000 Y146.000 E1.4967 F6000
G1 X202.000 Y186.000 E1.4967 F6000
G1 X162.000 Y186.000 E1.4967 F6000
G1 X162.000 Y146.000 E1.4967 F6000
;LAYER_CHANGE
;Z:56.40
G1 Z56.40 F300
G1 X162.450 Y146.450 F6000
G1 X201.550 Y146.450 E1.4630 F3600
G1 X201.550 Y185.550 E1.4630 F3600
G1 X162.450 Y185.550 E1.4630 F3600
G1 X162.450 Y146.450 E1.4630 F3600
G1 X162.000 Y146.000 F6000
G1 X202.000 Y146.000 E1.4967 F6000
G1 X202.000 Y186.000 E1.4967 F6000
G1 X162.000 Y186.000 E1.4967 F6000
G1 X162.000 Y146.000 E1.4967 F6000
;LAYER_CHANGE
;Z:56.60
G1 Z56.60 F300
G1 X162.450 Y146.450 F6000
G1 X201.550 Y146.450 E1.4630 F3600
G1 X201.550 Y185.550 E1.4630 F3600
G1 X162.450 Y185.550 E1.4630 F3600
G1 X162.450 Y146.450 E1.4630 F3600
G1 X162.000 Y146.000 F6000
G1 X202.000 Y146.000 E1.4967 F6000
G1 X202.000 Y186.000 E1.4967 F6000
G1 X162.000 Y186.000 E1.4967 F6000
G1 X162.000 Y146.000 E1.4967 F6000
;LAYER_CHANGE
;Z:56.80
G1 Z56.80 F300
G1 X162.450 Y146.450 F6000
G1 X201.550 Y146.450 E1.4630 F3600
G1 X201.550 Y185.550 E1.4630 F3600
G1 X162.450 Y185.550 E1.4630 F3600
G1 X162.450 Y146.450 E1.4630 F3600
G1 X162.000 Y146.000 F6000
G1 X202.000 Y146.000 E1.4967 F6000
G1 X202.000 Y186.000 E1.4967 F6000
G1 X162.000 Y186.000 E1.4967 F6000
G1 X162.000 Y146.000 E1.4967 F6000
;LAYER_CHANGE
;Z:57.00
G1 Z57.00 F300
G1 X162.450 Y146.450 F6000
G1 X201.550 Y146.450 E1.4630 F3600
G1 X201.550 Y185.550 E1.4630 F3600
G1 X162.450 Y185.550 E1.4630 F3600
G1 X162.450 Y146.450 E1.4630 F3600
G1 X162.000 Y146.000 F6000
G1 X202.000 Y146.000 E1.4967 F6000
G1 X202.000 Y186.000 E1.4967 F6000
G1 X162.000 Y186.000 E1.4967 F6000
G1 X162.000 Y146.000 E1.4967 F6000
;LAYER_CHANGE
;Z:57.20
G1 Z57.20 F300
G1 X162.450 Y146.450 F6000
G1 X201.550 Y146.450 E1.4630 F3600
G1 X201.550 Y185.550 E1.4630 F3600
G1 X162.450 Y185.550 E1.4630 F3600
G1 X162.450 Y146.450 E1.4630 F3600
G1 X162.000 Y146.000 F6000
G1 X202.000 Y146.000 E1.4967 F6000
G1 X202.000 Y186.000 E1.4967 F6000
G1 X162.000 Y186.000 E1.4967 F6000
G1 X162.000 Y146.000 E1.4967 F6000
;LAYER_CHANGE
;Z:57.40
G1 Z57.40 F300
G1 X162.450 Y146.450 F6000
G1 X201.550 Y146.450 E1.4630 F3600
G1 X201.550 Y185.550 E1.4630 F3600
G1 X162.450 Y185.550 E1.4630 F3600
G1 X162.450 Y146.450 E1.4630 F3600
G1 X162.000 Y146.000 F6000
G1 X202.000 Y146.000 E1.4967 F6000
G1 X202.000 Y186.000 E1.4967 F6000
G1 X162.000 Y186.000 E1.4967 F6000
G1 X162.000 Y146.000 E1.4967 F6000
;LAYER_CHANGE
;Z:57.60
G1 Z57.60 F300
G1 X162.450 Y146.450 F6000
G1 X201.550 Y146.450 E1.4630 F3600
G1 X201.550 Y185.550 E1.4630 F3600
G1 X162.450 Y185.550 E1.4630 F3600
G1 X162.450 Y146.450 E1.4630 F3600
G1 X162.000 Y146.000 F6000
G1 X202.000 Y146.000 E1.4967 F6000
G1 X202.000 Y186.000 E1.4967 F6000
G1 X162.000 Y186.000 E1.4967 F6000
G1 X162.000 Y146.000 E1.4967 F6000
;LAYER_CHANGE
;Z:57.80
G1 Z57.80 F300
G1 X162.450 Y146.450 F6000
G1 X201.550 Y146.450 E1.4630 F3600
G1 X201.550 Y185.550 E1.4630 F3600
G1 X162.450 Y185.550 E1.4630 F3600
G1 X162.450 Y146.450 E1.4630 F3600
G1 X162.000 Y146.000 F6000
G1 X202.000 Y146.000 E1.4967 F6000
G1 X202.000 Y186.000 E1.4967 F6000
G1 X162.000 Y186.000 E1.4967 F6000
G1 X162.000 Y146.000 E1.4967 F6000
;LAYER_CHANGE
;Z:58.00
G1 Z58.00 F300
G1 X162.450 Y146.450 F6000
G1 X201.550 Y146.450 E1.4630 F3600
G1 X201.550 Y185.550 E1.4630 F3600
G1 X162.450 Y185.550 E1.4630 F3600
G1 X162.450 Y146.450 E1.4630 F3600
G1 X162.000 Y146.000 F6000
G1 X202.000 Y146.000 E1.4967 F6000
G1 X202.000 Y186.000 E1.4967 F6000
G1 X162.000 Y186.000 E1.4967 F6000
G1 X162.000 Y146.000 E1.4967 F6000
;LAYER_CHANGE
;Z:58.20
G1 Z58.20 F300
G1 X162.450 Y146.450 F6000
G1 X201.550 Y146.450 E1.4630 F3600
G1 X201.550 Y185.550 E1.4630 F3600
G1 X162.450 Y185.550 E1.4630 F3600
G1 X162.450 Y146.450 E1.4630 F3600
G1 X162.000 Y146.000 F6000
G1 X202.000 Y146.000 E1.4967 F6000
G1 X202.000 Y186.000 E1.4967 F6000
G1 X162.000 Y186.000 E1.4967 F6000
G1 X162.000 Y146.000 E1.4967 F6000
;LAYER_CHANGE
;Z:58.40
G1 Z58.40 F300
G1 X162.450 Y146.450 F6000
G1 X201.550 Y146.450 E1.4630 F3600
G1 X201.550 Y185.550 E1.4630 F3600
G1 X162.450 Y185.550 E1.4630 F3600
G1 X162.450 Y146.450 E1.4630 F3600
G1 X162.000 Y146.000 F6000
G1 X202.000 Y146.000 E1.4967 F6000
G1 X202.000 Y186.000 E1.4967 F6000
G1 X162.000 Y186.000 E1.4967 F6000
G1 X162.000 Y146.000 E1.4967 F6000
;LAYER_CHANGE
;Z:58.60
G1 Z58.60 F300
G1 X162.450 Y146.450 F6000
G1 X201.550 Y146.450 E1.4630 F3600
G1 X201.550 Y185.550 E1.4630 F3600
G1 X162.450 Y185.550 E1.4630 F3600
G1 X162.450 Y146.450 E1.4630 F3600
G1 X162.000 Y146.000 F6000
G1 X202.000 Y146.000 E1.4967 F6000
G1 X202.000 Y186.000 E1.4967 F6000
G1 X162.000 Y186.000 E1.4967 F6000
G1 X162.000 Y146.000 E1.4967 F6000
;LAYER_CHANGE
;Z:58.80
G1 Z58.80 F300
G1 X162.450 Y146.450 F6000
G1 X201.550 Y146.450 E1.4630 F3600
G1 X201.550 Y185.550 E1.4630 F3600
G1 X162.450 Y185.550 E1.4630 F3600
G1 X162.450 Y146.450 E1.4630 F3600
G1 X162.000 Y146.000 F6000
G1 X202.000 Y146.000 E1.4967 F6000
G1 X202.000 Y186.000 E1.4967 F6000
G1 X162.000 Y186.000 E1.4967 F6000
G1 X162.000 Y146.000 E1.4967 F6000
;LAYER_CHANGE
;Z:59.00
G1 Z59.00 F300
G1 X162.450 Y146.450 F6000
G1 X201.550 Y146.450 E1.4630 F3600
G1 X201.550 Y185.550 E1.4630 F3600
G1 X162.450 Y185.550 E1.4630 F3600
G1 X162.450 Y146.450 E1.4630 F3600
G1 X162.000 Y146.000 F6000
G1 X202.000 Y146.000 E1.4967 F6000
G1 X202.000 Y186.000 E1.4967 F6000
G1 X162.000 Y186.000 E1.4967 F6000
G1 X162.000 Y146.000 E1.4967 F6000
;LAYER_CHANGE
;Z:59.20
G1 Z59.20 F300
G1 X162.450 Y146.450 F6000
G1 X201.550 Y146.450 E1.4630 F3600
G1 X201.550 Y185.550 E1.4630 F3600
G1 X162.450 Y185.550 E1.4630 F3600
G1 X162.450 Y146.450 E1.4630 F3600
G1 X162.000 Y146.000 F6000
G1 X202.000 Y146.000 E1.4967 F6000
G1 X202.000 Y186.000 E1.4967 F6000
G1 X162.000 Y186.000 E1.4967 F6000
G1 X162.000 Y146.000 E1.4967 F6000
;LAYER_CHANGE
;Z:59.40
G1 Z59.40 F300
G1 X162.450 Y146.450 F6000
G1 X201.550 Y146.450 E1.4630 F3600
G1 X201.550 Y185.550 E1.4630 F3600
G1 X162.450 Y185.550 E1.4630 F3600
G1 X162.450 Y146.450 E1.4630 F3600
G1 X162.000 Y146.000 F6000
G1 X202.000 Y146.000 E1.4967 F6000
G1 X202.000 Y186.000 E1.4967 F6000
G1 X162.000 Y186.000 E1.4967 F6000
G1 X162.000 Y146.000 E1.4967 F6000
;LAYER_CHANGE
;Z:59.60
G1 Z59.60 F300
G1 X162.450 Y146.450 F6000
G1 X201.550 Y146.450 E1.4630 F3600
G1 X201.550 Y185.550 E1.4630 F3600
G1 X162.450 Y185.550 E1.4630 F3600
G1 X162.450 Y146.450 E1.4630 F3600
G1 X162.000 Y146.000 F6000
G1 X202.000 Y146.000 E1.4967 F6000
G1 X202.000 Y186.000 E1.4967 F6000
G1 X162.000 Y186.000 E1.4967 F6000
G1 X162.000 Y146.000 E1.4967 F6000
;LAYER_CHANGE
;Z:59.80
G1 Z59.80 F300
G1 X162.450 Y146.450 F6000
G1 X201.550 Y146.450 E1.4630 F3600
G1 X201.550 Y185.550 E1.4630 F3600
G1 X162.450 Y185.550 E1.4630 F3600
G1 X162.450 Y146.450 E1.4630 F3600
G1 X162.000 Y146.000 F6000
G1 X202.000 Y146.000 E1.4967 F6000
G1 X202.000 Y186.000 E1.4967 F6000
G1 X162.000 Y186.000 E1.4967 F6000
G1 X162.000 Y146.000 E1.4967 F6000
;LAYER_CHANGE
;Z:60.00
G1 Z60.00 F300
G1 X162.450 Y146.450 F6000
G1 X201.550 Y146.450 E1.4630 F3600
G1 X201.550 Y185.550 E1.4630 F3600
G1 X162.450 Y185.550 E1.4630 F3600
G1 X162.450 Y146.450 E1.4630 F3600
G1 X162.000 Y146.000 F6000
G1 X202.000 Y146.000 E1.4967 F6000
G1 X202.000 Y186.000 E1.4967 F6000
G1 X162.000 Y186.000 E1.4967 F6000
G1 X162.000 Y146.000 E1.4967 F6000
M572 D0 S0
M104 S0
M140 S0
M83
G1 E-3 F1800
G91
G1 Z10 F300
G90
G1 X5 Y325 F6000
M106 S0
M84
