t,ax,ay,az,gx,gy,gz
0.05512,-403,321,-28,7,-5,-1
0.05523,-402,321,-23,7,-5,-1
0.05528,-402,321,-23,7,-5,-1
0.05542,-401,320,-21,7,-5,-1
0.05550,-401,320,-21,7,-5,-1
0.05552,-401,320,-21,7,-5,-1
0.05571,-401,319,-24,7,-5,-1
0.05580,-401,319,-24,7,-5,-1
0.05761,-401,320,-27,7,-5,-1
0.05777,-401,320,-27,7,-5,-1
0.05782,-401,320,-27,7,-5,-1
0.05798,-403,320,-31,7,-5,-1
0.05802,-403,320,-31,7,-5,-1
0.05872,-407,319,-32,7,-5,-1
0.05887,-407,319,-32,7,-5,-1
0.05889,-407,318,-31,7,-5,-1
0.11348,-408,319,-31,7,-5,-1
0.11354,-408,319,-31,7,-5,-1
0.11367,-407,320,-32,7,-5,-1
0.11374,-407,320,-32,7,-5,-1
0.11378,-407,320,-32,7,-5,-1
0.11380,-404,320,-30,7,-5,-1
0.11387,-404,320,-30,7,-5,-1
0.11393,-402,322,-26,7,-5,-1
0.11399,-402,322,-26,7,-5,-1
0.11408,-402,322,-26,7,-5,-1
0.11415,-402,322,-24,7,-5,-1
0.11419,-402,322,-24,7,-5,-1
0.11426,-402,320,-23,7,-5,-1
0.11429,-402,320,-23,7,-5,-1
0.11431,-402,320,-23,7,-5,-1
0.11438,-400,320,-25,7,-5,-1
0.16825,-405,320,-31,7,-5,-1
0.16830,-405,320,-31,7,-5,-1
0.16838,-405,320,-31,7,-5,-1
0.16841,-406,319,-32,7,-5,-1
0.16843,-406,319,-32,7,-5,-1
0.16844,-406,319,-32,7,-5,-1
0.16846,-406,319,-32,7,-5,-1
0.16856,-406,319,-32,7,-5,-1
0.16859,-404,319,-32,7,-5,-1
0.16861,-404,319,-32,7,-5,-1
0.16862,-402,320,-31,7,-5,-1
0.16865,-402,320,-31,7,-5,-1
0.16875,-402,320,-31,7,-5,-1
0.16877,-401,320,-27,7,-5,-1
0.16878,-401,320,-27,7,-5,-1
0.16886,-400,320,-24,7,-5,-1
0.22144,-402,321,-26,7,-5,-1
0.22155,-402,321,-26,7,-5,-1
0.22201,-400,321,-23,7,-5,-1
0.22210,-400,321,-23,7,-5,-1
0.22215,-400,321,-23,7,-5,-1
0.22323,-400,320,-23,7,-5,-1
0.22343,-400,320,-23,7,-5,-1
0.22364,-400,320,-24,7,-5,-1
0.22367,-400,320,-24,7,-5,-1
0.22393,-400,320,-24,7,-5,-1
0.22437,-401,319,-26,7,-5,-1
0.22447,-401,319,-26,7,-5,-1
0.22449,-405,319,-27,7,-5,-1
0.22450,-405,319,-27,7,-5,-1
0.22452,-407,320,-29,7,-5,-1
0.22453,-407,320,-29,7,-5,-1
0.27682,-404,319,-30,7,-5,-1
0.27689,-404,319,-30,7,-5,-1
0.27695,-404,318,-33,7,-5,-1
0.27712,-404,318,-33,7,-5,-1
0.27722,-404,318,-33,7,-5,-1
0.27726,-406,318,-33,7,-5,-1
0.27734,-406,318,-33,7,-5,-1
0.27735,-406,318,-31,7,-5,-1
0.27736,-406,318,-31,7,-5,-1
0.27737,-405,320,-30,7,-5,-1
0.27739,-405,320,-30,7,-5,-1
0.27739,-405,320,-30,7,-5,-1
0.27745,-402,321,-30,7,-5,-1
0.27747,-402,321,-30,7,-5,-1
0.27750,-401,320,-28,7,-5,-1
0.27751,-401,320,-28,7,-5,-1
0.33263,-401,320,-25,7,-5,-1
0.33270,-401,320,-25,7,-5,-1
0.33280,-401,320,-25,7,-5,-1
0.33289,-400,320,-23,7,-5,-1
0.33297,-400,320,-23,7,-5,-1
0.33304,-400,319,-23,7,-5,-1
0.33306,-400,319,-23,7,-5,-1
0.33308,-399,319,-25,7,-5,-1
0.33324,-399,319,-25,7,-5,-1
0.33327,-399,319,-25,7,-5,-1
0.33329,-402,319,-28,7,-5,-1
0.33343,-402,319,-28,7,-5,-1
0.33346,-405,319,-29,7,-5,-1
0.33359,-405,319,-29,7,-5,-1
0.33364,-405,319,-29,7,-5,-1
0.33383,-408,319,-30,7,-5,-1
0.38899,-408,318,-32,7,-5,-1
0.38906,-408,318,-32,7,-5,-1
0.38922,-408,319,-31,7,-5,-1
0.38932,-408,319,-31,7,-5,-1
0.38942,-408,319,-31,7,-5,-1
0.38959,-405,320,-29,7,-5,-1
0.38966,-405,320,-29,7,-5,-1
0.38979,-402,321,-27,7,-5,-1
0.38982,-402,321,-27,7,-5,-1
0.38984,-402,321,-27,7,-5,-1
0.38986,-399,322,-23,7,-5,-1
0.39000,-399,322,-23,7,-5,-1
0.39007,-399,322,-21,7,-5,-1
0.39020,-399,322,-21,7,-5,-1
0.39062,-399,322,-21,7,-5,-1
0.39082,-400,321,-22,7,-5,-1
0.44598,-399,321,-25,7,-5,-1
0.44606,-399,321,-25,7,-5,-1
0.44614,-400,320,-26,7,-5,-1
0.44616,-400,320,-26,7,-5,-1
0.44624,-403,318,-26,7,-5,-1
0.44631,-403,318,-26,7,-5,-1
0.44635,-403,318,-26,7,-5,-1
0.44637,-405,320,-28,7,-5,-1
0.44640,-405,320,-28,7,-5,-1
0.44644,-406,320,-32,7,-5,-1
0.44653,-406,320,-32,7,-5,-1
0.44659,-406,320,-32,7,-5,-1
0.44662,-405,320,-34,7,-5,-1
0.44664,-405,320,-34,7,-5,-1
0.44672,-402,321,-32,7,-5,-1
0.44678,-402,321,-32,7,-5,-1
0.49912,-400,321,-27,7,-5,-1
0.49918,-400,321,-27,7,-5,-1
0.49931,-400,320,-24,7,-5,-1
0.49933,-400,320,-24,7,-5,-1
0.49935,-402,320,-23,7,-5,-1
0.49936,-402,320,-23,7,-5,-1
0.49947,-402,320,-23,7,-5,-1
0.49951,-402,320,-25,7,-5,-1
0.49958,-402,320,-25,7,-5,-1
0.49962,-403,320,-29,7,-5,-1
0.49965,-403,320,-29,7,-5,-1
0.49972,-403,320,-29,7,-5,-1
0.49979,-404,319,-31,7,-5,-1
0.49982,-404,319,-31,7,-5,-1
0.49985,-405,319,-31,7,-5,-1
0.49995,-405,319,-31,7,-5,-1
0.55470,-402,319,-26,7,-5,-1
0.55476,-402,319,-26,7,-5,-1
0.55488,-404,319,-29,7,-5,-1
0.55492,-404,319,-29,7,-5,-1
0.55496,-404,319,-29,7,-5,-1
0.55522,-406,319,-30,7,-5,-1
0.55524,-406,319,-30,7,-5,-1
0.55526,-407,319,-30,7,-5,-1
0.55528,-407,319,-30,7,-5,-1
0.55539,-407,319,-30,7,-5,-1
0.55542,-405,320,-32,7,-5,-1
0.55544,-405,320,-32,7,-5,-1
0.55553,-402,320,-31,7,-5,-1
0.55556,-402,320,-31,7,-5,-1
0.55560,-400,319,-28,7,-5,-1
0.55566,-400,319,-28,7,-5,-1
0.60668,-400,321,-26,7,-5,-1
0.60678,-400,321,-26,7,-5,-1
0.60681,-400,321,-24,7,-5,-1
0.60692,-400,321,-24,7,-5,-1
0.60694,-401,321,-23,7,-5,-1
0.60696,-401,321,-23,7,-5,-1
0.60698,-401,321,-23,7,-5,-1
0.60700,-402,320,-24,7,-5,-1
0.60711,-402,320,-24,7,-5,-1
0.60714,-405,320,-29,7,-5,-1
0.60724,-405,320,-29,7,-5,-1
0.60732,-405,320,-29,7,-5,-1
0.60735,-408,320,-33,7,-5,-1
0.60740,-408,320,-33,7,-5,-1
0.60745,-407,320,-35,7,-5,-1
0.60747,-407,320,-35,7,-5,-1
0.65927,-401,319,-24,7,-5,-1
0.65933,-403,318,-26,7,-5,-1
0.65940,-403,318,-26,7,-5,-1
0.65942,-405,319,-28,7,-5,-1
0.65947,-405,319,-28,7,-5,-1
0.65952,-405,319,-28,7,-5,-1
0.65953,-407,320,-31,7,-5,-1
0.65954,-407,320,-31,7,-5,-1
0.65956,-407,320,-33,7,-5,-1
0.65964,-407,320,-33,7,-5,-1
0.65965,-407,320,-33,7,-5,-1
0.65966,-403,321,-34,7,-5,-1
0.65968,-403,321,-34,7,-5,-1
0.65969,-401,321,-32,7,-5,-1
0.65973,-401,321,-32,7,-5,-1
0.65975,-401,321,-32,7,-5,-1
0.71428,-407,319,-32,7,-5,-1
0.71433,-406,318,-30,7,-5,-1
0.71449,-406,318,-30,7,-5,-1
0.71454,-406,318,-30,7,-5,-1
0.71465,-404,318,-29,7,-5,-1
0.71470,-404,318,-29,7,-5,-1
0.71478,-402,319,-28,7,-5,-1
0.71480,-402,319,-28,7,-5,-1
0.71481,-402,319,-28,7,-5,-1
0.71483,-399,319,-27,7,-5,-1
0.71484,-399,319,-27,7,-5,-1
0.71485,-397,318,-24,7,-5,-1
0.71490,-397,318,-24,7,-5,-1
0.71497,-397,318,-24,7,-5,-1
0.71501,-399,318,-21,7,-5,-1
0.71502,-399,318,-21,7,-5,-1
0.76938,-400,319,-25,7,-5,-1
0.76949,-400,319,-25,7,-5,-1
0.76953,-402,317,-26,7,-5,-1
0.76957,-402,317,-26,7,-5,-1
0.76961,-403,318,-27,7,-5,-1
0.76962,-403,318,-27,7,-5,-1
0.76963,-403,318,-27,7,-5,-1
0.76970,-405,320,-30,7,-5,-1
0.76971,-405,320,-30,7,-5,-1
0.76972,-406,320,-32,7,-5,-1
0.76974,-406,320,-32,7,-5,-1
0.76975,-406,320,-32,7,-5,-1
0.76978,-404,320,-33,7,-5,-1
0.76979,-404,320,-33,7,-5,-1
0.76981,-401,320,-31,7,-5,-1
0.76982,-401,320,-31,7,-5,-1
0.82401,-406,321,-31,7,-5,-1
0.82415,-406,321,-31,7,-5,-1
0.82428,-404,322,-31,7,-5,-1
0.82442,-404,322,-31,7,-5,-1
0.82455,-404,322,-31,7,-5,-1
0.82466,-401,321,-29,7,-5,-1
0.82468,-401,321,-29,7,-5,-1
0.82471,-401,320,-24,7,-5,-1
0.82473,-401,320,-24,7,-5,-1
0.82486,-401,320,-24,7,-5,-1
0.82496,-400,319,-21,7,-5,-1
0.82513,-400,319,-21,7,-5,-1
0.82516,-401,319,-22,7,-5,-1
0.82523,-401,319,-22,7,-5,-1
0.82524,-401,319,-22,7,-5,-1
0.82526,-402,319,-27,7,-5,-1
0.87636,-403,319,-28,7,-5,-1
0.87671,-403,319,-28,7,-5,-1
0.87686,-403,319,-28,7,-5,-1
0.87689,-404,318,-30,7,-5,-1
0.87700,-404,318,-30,7,-5,-1
0.87704,-406,317,-32,7,-5,-1
0.87708,-406,317,-32,7,-5,-1
0.87714,-406,317,-32,7,-5,-1
0.87721,-404,318,-32,7,-5,-1
0.87726,-404,318,-32,7,-5,-1
0.87728,-401,319,-30,7,-5,-1
0.87735,-401,319,-30,7,-5,-1
0.87739,-401,319,-30,7,-5,-1
0.87749,-401,319,-27,7,-5,-1
0.87758,-401,319,-27,7,-5,-1
0.87764,-400,319,-22,7,-5,-1
0.93068,-405,319,-30,7,-5,-1
0.93079,-405,319,-30,7,-5,-1
0.93085,-403,319,-30,7,-5,-1
0.93092,-403,319,-30,7,-5,-1
0.93095,-401,320,-27,7,-5,-1
0.93112,-401,320,-27,7,-5,-1
0.93115,-401,320,-27,7,-5,-1
0.93125,-400,320,-24,7,-5,-1
0.93134,-400,320,-24,7,-5,-1
0.93144,-400,318,-21,7,-5,-1
0.93153,-400,318,-21,7,-5,-1
0.93156,-400,318,-21,7,-5,-1
0.93163,-399,318,-21,7,-5,-1
0.93165,-399,318,-21,7,-5,-1
0.93171,-401,317,-24,7,-5,-1
0.93183,-401,317,-24,7,-5,-1
0.98465,-402,320,-25,7,-5,-1
0.98501,-402,318,-25,7,-5,-1
0.98506,-402,318,-25,7,-5,-1
0.98508,-404,318,-25,7,-5,-1
0.98515,-404,318,-25,7,-5,-1
0.98523,-404,318,-25,7,-5,-1
0.98528,-407,318,-28,7,-5,-1
0.98532,-407,318,-28,7,-5,-1
0.98543,-408,319,-33,7,-5,-1
0.98545,-408,319,-33,7,-5,-1
0.98547,-408,319,-33,7,-5,-1
0.98549,-406,319,-36,7,-5,-1
0.98550,-406,319,-36,7,-5,-1
0.98554,-404,318,-34,7,-5,-1
0.98564,-404,318,-34,7,-5,-1
0.98566,-404,318,-34,7,-5,-1
1.04064,-403,318,-32,7,-5,-1
1.04088,-403,318,-32,7,-5,-1
1.04093,-403,318,-32,7,-5,-1
1.04095,-402,318,-29,7,-5,-1
1.04099,-402,318,-29,7,-5,-1
1.04109,-402,319,-26,7,-5,-1
1.04113,-402,319,-26,7,-5,-1
1.04120,-402,319,-26,7,-5,-1
1.04146,-401,319,-24,7,-5,-1
1.04148,-401,319,-24,7,-5,-1
1.04149,-400,319,-22,7,-5,-1
1.04151,-400,319,-22,7,-5,-1
1.04152,-400,319,-22,7,-5,-1
1.04154,-402,318,-23,7,-5,-1
1.04156,-402,318,-23,7,-5,-1
1.04157,-405,318,-26,7,-5,-1
1.09654,-401,318,-24,7,-5,-1
1.09657,-401,318,-24,7,-5,-1
1.09664,-404,318,-26,7,-5,-1
1.09675,-404,318,-26,7,-5,-1
1.09676,-404,318,-26,7,-5,-1
1.09677,-406,319,-29,7,-5,-1
1.09678,-406,319,-29,7,-5,-1
1.09679,-407,319,-32,7,-5,-1
1.09680,-407,319,-32,7,-5,-1
1.09688,-407,319,-32,7,-5,-1
1.09690,-405,318,-33,7,-5,-1
1.09691,-405,318,-33,7,-5,-1
1.09692,-401,319,-30,7,-5,-1
1.09692,-401,319,-30,7,-5,-1
1.09693,-401,319,-30,7,-5,-1
1.09701,-399,320,-25,7,-5,-1
1.14816,-402,320,-27,7,-5,-1
1.14819,-400,321,-23,7,-5,-1
1.14820,-400,321,-23,7,-5,-1
1.14826,-399,320,-21,7,-5,-1
1.14828,-399,320,-21,7,-5,-1
1.14865,-399,320,-21,7,-5,-1
1.14868,-400,319,-20,7,-5,-1
1.14869,-400,319,-20,7,-5,-1
1.14870,-401,319,-21,7,-5,-1
1.14870,-401,319,-21,7,-5,-1
1.14871,-401,319,-21,7,-5,-1
1.14872,-403,320,-26,7,-5,-1
1.14882,-403,320,-26,7,-5,-1
1.14884,-404,319,-32,7,-5,-1
1.14884,-404,319,-32,7,-5,-1
1.14885,-404,319,-32,7,-5,-1
1.20393,-401,319,-27,7,-5,-1
1.20397,-401,319,-27,7,-5,-1
1.20403,-401,319,-27,7,-5,-1
1.20408,-404,319,-27,7,-5,-1
1.20409,-404,319,-27,7,-5,-1
1.20411,-405,320,-28,7,-5,-1
1.20412,-405,320,-28,7,-5,-1
1.20413,-405,320,-28,7,-5,-1
1.20414,-405,321,-32,7,-5,-1
1.20415,-405,321,-32,7,-5,-1
1.20422,-405,321,-35,7,-5,-1
1.20429,-405,321,-35,7,-5,-1
1.20431,-405,321,-35,7,-5,-1
1.20432,-404,321,-34,7,-5,-1
1.20436,-404,321,-34,7,-5,-1
1.20437,-402,320,-29,7,-5,-1
1.25584,-402,321,-29,7,-5,-1
1.25606,-401,322,-27,7,-5,-1
1.25739,-401,322,-27,7,-5,-1
1.25761,-401,322,-27,7,-5,-1
1.25798,-401,322,-25,7,-5,-1
1.25815,-401,322,-25,7,-5,-1
1.25820,-401,321,-24,7,-5,-1
1.25838,-401,321,-24,7,-5,-1
1.25841,-401,321,-24,7,-5,-1
1.25843,-401,319,-24,7,-5,-1
1.25845,-401,319,-24,7,-5,-1
1.25866,-402,319,-26,7,-5,-1
1.25869,-402,319,-26,7,-5,-1
1.25871,-402,319,-26,7,-5,-1
1.25873,-404,319,-28,7,-5,-1
1.25876,-404,319,-28,7,-5,-1
1.31353,-400,321,-24,7,-5,-1
1.31364,-400,321,-24,7,-5,-1
1.31374,-401,320,-24,7,-5,-1
1.31392,-401,320,-24,7,-5,-1
1.31396,-403,319,-27,7,-5,-1
1.31398,-403,319,-27,7,-5,-1
1.31408,-403,319,-27,7,-5,-1
1.31412,-406,319,-31,7,-5,-1
1.31415,-406,319,-31,7,-5,-1
1.31423,-408,319,-34,7,-5,-1
1.31426,-408,319,-34,7,-5,-1
1.31433,-408,319,-34,7,-5,-1
1.31446,-407,320,-35,7,-5,-1
1.31448,-407,320,-35,7,-5,-1
1.31450,-403,320,-32,7,-5,-1
1.31455,-403,320,-32,7,-5,-1
1.36648,-402,321,-26,7,-5,-1
1.36651,-399,321,-23,7,-5,-1
1.36655,-399,321,-23,7,-5,-1
1.36656,-398,319,-21,7,-5,-1
1.36662,-398,319,-21,7,-5,-1
1.36662,-398,319,-21,7,-5,-1
1.36663,-400,318,-22,7,-5,-1
1.36667,-400,318,-22,7,-5,-1
1.36667,-404,318,-27,7,-5,-1
1.36668,-404,318,-27,7,-5,-1
1.36669,-404,318,-27,7,-5,-1
1.36669,-406,320,-34,7,-5,-1
1.36671,-406,320,-34,7,-5,-1
1.36671,-407,321,-38,7,-5,-1
1.36672,-407,321,-38,7,-5,-1
1.36673,-407,321,-38,7,-5,-1
1.41930,-404,319,-30,7,-5,-1
1.41936,-404,319,-30,7,-5,-1
1.41948,-404,319,-30,7,-5,-1
1.41962,-406,321,-32,7,-5,-1
1.41972,-406,321,-32,7,-5,-1
1.41978,-406,322,-33,7,-5,-1
1.41979,-406,322,-33,7,-5,-1
1.41980,-406,322,-33,7,-5,-1
1.41986,-404,322,-34,7,-5,-1
1.41986,-404,322,-34,7,-5,-1
1.41986,-403,320,-30,7,-5,-1
1.41987,-403,320,-30,7,-5,-1
1.41991,-403,320,-30,7,-5,-1
1.41991,-402,319,-26,7,-5,-1
1.41991,-402,319,-26,7,-5,-1
1.41992,-401,319,-23,7,-5,-1
1.47227,-403,319,-30,7,-5,-1
1.47230,-403,319,-30,7,-5,-1
1.47237,-403,319,-30,7,-5,-1
1.47238,-401,320,-28,7,-5,-1
1.47239,-401,320,-28,7,-5,-1
1.47255,-400,320,-24,7,-5,-1
1.47259,-400,320,-24,7,-5,-1
1.47260,-400,320,-24,7,-5,-1
1.47262,-400,319,-21,7,-5,-1
1.47263,-400,319,-21,7,-5,-1
1.47263,-399,318,-21,7,-5,-1
1.47264,-399,318,-21,7,-5,-1
1.47264,-399,318,-21,7,-5,-1
1.47266,-402,317,-24,7,-5,-1
1.47267,-402,317,-24,7,-5,-1
1.47271,-406,318,-29,7,-5,-1
1.52644,-400,320,-23,7,-5,-1
1.52646,-400,320,-23,7,-5,-1
1.52646,-400,320,-21,7,-5,-1
1.52652,-400,320,-21,7,-5,-1
1.52653,-400,320,-21,7,-5,-1
1.52661,-402,320,-22,7,-5,-1
1.52661,-402,320,-22,7,-5,-1
1.52662,-404,320,-28,7,-5,-1
1.52669,-404,320,-28,7,-5,-1
1.52670,-404,320,-28,7,-5,-1
1.52670,-407,319,-33,7,-5,-1
1.52670,-407,319,-33,7,-5,-1
1.52672,-406,318,-34,7,-5,-1
1.52680,-406,318,-34,7,-5,-1
1.52680,-406,318,-34,7,-5,-1
1.52681,-404,319,-31,7,-5,-1
1.57744,-406,320,-32,7,-5,-1
1.57746,-406,320,-32,7,-5,-1
1.57747,-405,319,-31,7,-5,-1
1.57747,-405,319,-31,7,-5,-1
1.57755,-403,319,-29,7,-5,-1
1.57756,-403,319,-29,7,-5,-1
1.57757,-403,319,-29,7,-5,-1
1.57758,-401,319,-27,7,-5,-1
1.57759,-401,319,-27,7,-5,-1
1.57771,-400,319,-25,7,-5,-1
1.57771,-400,319,-25,7,-5,-1
1.57772,-400,319,-25,7,-5,-1
1.57772,-400,318,-23,7,-5,-1
1.57781,-400,318,-23,7,-5,-1
1.57781,-404,319,-23,7,-5,-1
1.57781,-404,319,-23,7,-5,-1
1.63256,-400,319,-31,7,-5,-1
1.63259,-400,319,-31,7,-5,-1
1.63266,-400,319,-31,7,-5,-1
1.63267,-397,320,-24,7,-5,-1
1.63268,-397,320,-24,7,-5,-1
1.63269,-405,318,-18,7,-5,-1
1.63273,-405,318,-18,7,-5,-1
1.63275,-405,318,-18,7,-5,-1
1.63276,-401,318,-21,7,-5,-1
1.63283,-401,318,-21,7,-5,-1
1.63284,-398,318,-30,7,-5,-1
1.63289,-398,318,-30,7,-5,-1
1.63291,-398,318,-30,7,-5,-1
1.63293,-407,319,-35,7,-5,-1
1.63293,-407,319,-35,7,-5,-1
1.63295,-407,322,-33,7,-5,-1
1.68770,-371,392,11,7,-5,-1
1.68772,-371,392,11,7,-5,-1
1.68778,-470,282,-42,7,-5,-1
1.68781,-470,282,-42,7,-5,-1
1.68787,-470,282,-42,7,-5,-1
1.68788,-433,256,-25,7,-5,-1
1.68788,-433,256,-25,7,-5,-1
1.68789,-318,387,69,7,-5,-1
1.68790,-318,387,69,7,-5,-1
1.68792,-318,387,69,7,-5,-1
1.68796,-371,392,37,7,-5,-1
1.68805,-371,392,37,7,-5,-1
1.68806,-493,270,-133,7,-5,-1
1.68806,-493,270,-133,7,-5,-1
1.68807,-493,270,-133,7,-5,-1
1.68809,-394,276,-190,7,-5,-1
1.73893,-306,349,35,7,-5,-1
1.73896,-306,349,35,7,-5,-1
1.73902,-306,349,35,7,-5,-1
1.73904,-463,328,6,7,-5,-1
1.73904,-463,328,6,7,-5,-1
1.73905,-495,296,-92,7,-5,-1
1.73911,-495,296,-92,7,-5,-1
1.73912,-495,296,-92,7,-5,-1
1.73913,-367,301,-154,7,-5,-1
1.73914,-367,301,-154,7,-5,-1
1.73914,-324,336,-117,7,-5,-1
1.73921,-324,336,-117,7,-5,-1
1.73925,-324,336,-117,7,-5,-1
1.73926,-437,331,-64,7,-5,-1
1.73926,-437,331,-64,7,-5,-1
1.73926,-495,280,-65,7,-5,-1
1.79362,-396,287,-169,7,-5,-1
1.79364,-279,369,-165,7,-5,-1
1.79371,-279,369,-165,7,-5,-1
1.79379,-279,369,-165,7,-5,-1
1.79380,-411,364,-99,7,-5,-1
1.79384,-411,364,-99,7,-5,-1
1.79387,-502,291,-35,7,-5,-1
1.79394,-502,291,-35,7,-5,-1
1.79395,-502,291,-35,7,-5,-1
1.79396,-384,287,61,7,-5,-1
1.79397,-384,287,61,7,-5,-1
1.79398,-304,351,144,7,-5,-1
1.79398,-304,351,144,7,-5,-1
1.79403,-304,351,144,7,-5,-1
1.79404,-417,363,111,7,-5,-1
1.79412,-417,363,111,7,-5,-1
1.84920,-401,292,-75,7,-5,-1
1.84924,-288,313,-44,7,-5,-1
1.84930,-288,313,-44,7,-5,-1
1.84931,-288,313,-44,7,-5,-1
1.84932,-383,317,-18,7,-5,-1
1.84939,-383,317,-18,7,-5,-1
1.84942,-528,289,-54,7,-5,-1
1.84947,-528,289,-54,7,-5,-1
1.84948,-528,289,-54,7,-5,-1
1.84949,-468,281,-105,7,-5,-1
1.84955,-468,281,-105,7,-5,-1
1.84956,-335,317,-73,7,-5,-1
1.84957,-335,317,-73,7,-5,-1
1.84964,-335,317,-73,7,-5,-1
1.84965,-368,356,56,7,-5,-1
1.84966,-368,356,56,7,-5,-1
1.90173,-409,376,-219,7,-5,-1
1.90176,-434,338,-168,7,-5,-1
1.90181,-434,338,-168,7,-5,-1
1.90182,-351,329,77,7,-5,-1
1.90183,-351,329,77,7,-5,-1
1.90183,-351,329,77,7,-5,-1
1.90184,-322,367,408,7,-5,-1
1.90184,-322,367,408,7,-5,-1
1.90184,-429,353,558,7,-5,-1
1.90191,-429,353,558,7,-5,-1
1.90192,-429,353,558,7,-5,-1
1.90194,-480,302,385,7,-5,-1
1.90195,-480,302,385,7,-5,-1
1.90196,-376,282,31,7,-5,-1
1.90202,-376,282,31,7,-5,-1
1.90202,-376,282,31,7,-5,-1
1.95559,-497,304,274,7,-5,-1
1.95562,-344,301,172,7,-5,-1
1.95562,-344,301,172,7,-5,-1
1.95569,-344,301,172,7,-5,-1
1.95572,-278,335,53,7,-5,-1
1.95572,-278,335,53,7,-5,-1
1.95573,-440,332,-70,7,-5,-1
1.95574,-440,332,-70,7,-5,-1
1.95585,-440,332,-70,7,-5,-1
1.95586,-529,296,-203,7,-5,-1
1.95586,-529,296,-203,7,-5,-1
1.95591,-403,273,-284,7,-5,-1
1.95591,-403,273,-284,7,-5,-1
1.95598,-403,273,-284,7,-5,-1
1.95603,-316,302,-280,7,-5,-1
1.95612,-316,302,-280,7,-5,-1
2.01077,-382,262,-451,7,-5,-1
2.01086,-373,304,-510,7,-5,-1
2.01087,-373,304,-510,7,-5,-1
2.01096,-373,304,-510,7,-5,-1
2.01098,-443,300,-415,7,-5,-1
2.01101,-443,300,-415,7,-5,-1
2.01104,-504,230,-340,7,-5,-1
2.01110,-504,230,-340,7,-5,-1
2.01111,-504,230,-340,7,-5,-1
2.01113,-435,241,-275,7,-5,-1
2.01119,-435,241,-275,7,-5,-1
2.01122,-333,346,-147,7,-5,-1
2.01123,-333,346,-147,7,-5,-1
2.01130,-333,346,-147,7,-5,-1
2.01133,-391,371,-9,7,-5,-1
2.01136,-391,371,-9,7,-5,-1
2.06637,-421,322,-87,7,-5,-1
2.06643,-319,320,141,7,-5,-1
2.06651,-319,320,141,7,-5,-1
2.06659,-319,320,141,7,-5,-1
2.06663,-333,349,379,7,-5,-1
2.06669,-333,349,379,7,-5,-1
2.06671,-480,349,427,7,-5,-1
2.06678,-480,349,427,7,-5,-1
2.06682,-480,349,427,7,-5,-1
2.06687,-498,316,252,7,-5,-1
2.06689,-498,316,252,7,-5,-1
2.06692,-365,301,23,7,-5,-1
2.06695,-365,301,23,7,-5,-1
2.06698,-365,301,23,7,-5,-1
2.06701,-328,324,-89,7,-5,-1
2.06707,-328,324,-89,7,-5,-1
2.12136,-425,333,208,7,-5,-1
2.12141,-495,310,118,7,-5,-1
2.12152,-495,310,118,7,-5,-1
2.12154,-423,288,-57,7,-5,-1
2.12155,-423,288,-57,7,-5,-1
2.12157,-423,288,-57,7,-5,-1
2.12160,-322,321,-194,7,-5,-1
2.12167,-322,321,-194,7,-5,-1
2.12171,-358,348,-263,7,-5,-1
2.12176,-358,348,-263,7,-5,-1
2.12179,-358,348,-263,7,-5,-1
2.12185,-426,322,-324,7,-5,-1
2.12190,-426,322,-324,7,-5,-1
2.12265,-397,287,-344,7,-5,-1
2.12271,-397,287,-344,7,-5,-1
2.12292,-397,287,-344,7,-5,-1
2.17684,-354,263,-343,7,-5,-1
2.17687,-354,311,-331,7,-5,-1
2.17692,-354,311,-331,7,-5,-1
2.17693,-354,311,-331,7,-5,-1
2.17693,-470,338,-261,7,-5,-1
2.17694,-470,338,-261,7,-5,-1
2.17700,-502,288,-199,7,-5,-1
2.17701,-502,288,-199,7,-5,-1
2.17704,-502,288,-199,7,-5,-1
2.17707,-384,280,-52,7,-5,-1
2.17707,-384,280,-52,7,-5,-1
2.17708,-322,340,189,7,-5,-1
2.17708,-322,340,189,7,-5,-1
2.17709,-322,340,189,7,-5,-1
2.17709,-430,355,309,7,-5,-1
2.17710,-430,355,309,7,-5,-1
2.23218,-474,331,178,7,-5,-1
2.23222,-374,333,232,7,-5,-1
2.23228,-374,333,232,7,-5,-1
2.23229,-336,344,237,7,-5,-1
2.23231,-336,344,237,7,-5,-1
2.23238,-336,344,237,7,-5,-1
2.23242,-406,363,188,7,-5,-1
2.23244,-406,363,188,7,-5,-1
2.23247,-406,352,67,7,-5,-1
2.23251,-406,352,67,7,-5,-1
2.23252,-406,352,67,7,-5,-1
2.23254,-361,305,-52,7,-5,-1
2.23258,-361,305,-52,7,-5,-1
2.23262,-382,299,-79,7,-5,-1
2.23274,-382,299,-79,7,-5,-1
2.23275,-382,299,-79,7,-5,-1
2.28761,-417,348,124,7,-5,-1
2.28768,-451,349,137,7,-5,-1
2.28774,-451,349,137,7,-5,-1
2.28784,-451,349,137,7,-5,-1
2.28786,-381,325,72,7,-5,-1
2.28792,-381,325,72,7,-5,-1
2.28799,-325,316,30,7,-5,-1
2.28803,-325,316,30,7,-5,-1
2.28810,-325,316,30,7,-5,-1
2.28812,-389,329,15,7,-5,-1
2.28819,-389,329,15,7,-5,-1
2.28823,-456,338,-70,7,-5,-1
2.28834,-456,338,-70,7,-5,-1
2.28837,-456,338,-70,7,-5,-1
2.28844,-411,320,-206,7,-5,-1
2.28847,-411,320,-206,7,-5,-1
2.34068,-365,324,-117,7,-5,-1
2.34070,-435,325,-135,7,-5,-1
2.34071,-435,325,-135,7,-5,-1
2.34071,-428,296,-179,7,-5,-1
2.34076,-428,296,-179,7,-5,-1
2.34077,-428,296,-179,7,-5,-1
2.34078,-377,293,-155,7,-5,-1
2.34078,-377,293,-155,7,-5,-1
2.34079,-393,327,-39,7,-5,-1
2.34079,-393,327,-39,7,-5,-1
2.34084,-393,327,-39,7,-5,-1
2.34086,-449,334,44,7,-5,-1
2.34091,-449,334,44,7,-5,-1
2.34092,-430,318,34,7,-5,-1
2.34093,-430,318,34,7,-5,-1
2.34094,-430,318,34,7,-5,-1
2.39600,-428,333,-100,7,-5,-1
2.39604,-428,333,-100,7,-5,-1
2.39609,-428,333,-100,7,-5,-1
2.39610,-399,283,-174,7,-5,-1
2.39612,-399,283,-174,7,-5,-1
2.39621,-388,281,-74,7,-5,-1
2.39623,-388,281,-74,7,-5,-1
2.39627,-388,281,-74,7,-5,-1
2.39629,-446,314,88,7,-5,-1
2.39632,-446,314,88,7,-5,-1
2.39633,-478,317,99,7,-5,-1
2.39636,-478,317,99,7,-5,-1
2.39641,-478,317,99,7,-5,-1
2.39647,-430,279,-22,7,-5,-1
2.39681,-430,279,-22,7,-5,-1
2.39684,-378,281,-84,7,-5,-1
2.44732,-373,364,166,7,-5,-1
2.44737,-373,364,166,7,-5,-1
2.44743,-410,362,150,7,-5,-1
2.44744,-410,362,150,7,-5,-1
2.44745,-396,299,6,7,-5,-1
2.44756,-396,299,6,7,-5,-1
2.44758,-396,299,6,7,-5,-1
2.44759,-374,300,-50,7,-5,-1
2.44761,-374,300,-50,7,-5,-1
2.44769,-398,360,13,7,-5,-1
2.44771,-398,360,13,7,-5,-1
2.44772,-398,360,13,7,-5,-1
2.44774,-428,353,5,7,-5,-1
2.44775,-428,353,5,7,-5,-1
2.44783,-395,297,-91,7,-5,-1
2.44784,-395,297,-91,7,-5,-1
2.50107,-436,298,-64,7,-5,-1
2.50111,-436,298,-64,7,-5,-1
2.50119,-471,301,-137,7,-5,-1
2.50123,-471,301,-137,7,-5,-1
2.50124,-448,290,-205,7,-5,-1
2.50125,-448,290,-205,7,-5,-1
2.50127,-448,290,-205,7,-5,-1
2.50128,-382,289,-169,7,-5,-1
2.50138,-382,289,-169,7,-5,-1
2.50140,-413,295,-35,7,-5,-1
2.50148,-413,295,-35,7,-5,-1
2.50150,-413,295,-35,7,-5,-1
2.50153,-462,323,48,7,-5,-1
2.50155,-462,323,48,7,-5,-1
2.50161,-398,344,-13,7,-5,-1
2.50164,-398,344,-13,7,-5,-1
2.55394,-427,341,76,7,-5,-1
2.55396,-427,341,76,7,-5,-1
2.55396,-427,341,76,7,-5,-1
2.55402,-402,306,-97,7,-5,-1
2.55403,-402,306,-97,7,-5,-1
2.55404,-373,314,-166,7,-5,-1
2.55410,-373,314,-166,7,-5,-1
2.55412,-373,314,-166,7,-5,-1
2.55412,-380,352,-108,7,-5,-1
2.55413,-380,352,-108,7,-5,-1
2.55414,-415,331,-55,7,-5,-1
2.55414,-415,331,-55,7,-5,-1
2.55420,-415,331,-55,7,-5,-1
2.55424,-428,276,-27,7,-5,-1
2.55425,-428,276,-27,7,-5,-1
2.55426,-410,273,50,7,-5,-1
2.60933,-380,308,-218,7,-5,-1
2.60935,-380,308,-218,7,-5,-1
2.60935,-387,312,-138,7,-5,-1
2.60936,-387,312,-138,7,-5,-1
2.60941,-387,312,-138,7,-5,-1
2.60946,-400,337,32,7,-5,-1
2.60946,-400,337,32,7,-5,-1
2.60954,-414,330,100,7,-5,-1
2.60954,-414,330,100,7,-5,-1
2.60955,-414,330,100,7,-5,-1
2.60956,-397,294,31,7,-5,-1
2.60958,-397,294,31,7,-5,-1
2.60958,-400,282,-56,7,-5,-1
2.60959,-400,282,-56,7,-5,-1
2.60960,-400,282,-56,7,-5,-1
2.60960,-425,342,-80,7,-5,-1
2.66455,-434,332,-81,7,-5,-1
2.66461,-434,332,-81,7,-5,-1
2.66472,-427,326,-339,7,-5,-1
2.66476,-427,326,-339,7,-5,-1
2.66478,-386,320,-407,7,-5,-1
2.66479,-386,320,-407,7,-5,-1
2.66487,-386,320,-407,7,-5,-1
2.66488,-360,344,-155,7,-5,-1
2.66494,-360,344,-155,7,-5,-1
2.66500,-399,345,208,7,-5,-1
2.66505,-399,345,208,7,-5,-1
2.66507,-399,345,208,7,-5,-1
2.66511,-438,304,382,7,-5,-1
2.66513,-438,304,382,7,-5,-1
2.66524,-410,285,312,7,-5,-1
2.66528,-410,285,312,7,-5,-1
2.71831,-363,383,550,7,-5,-1
2.71836,-363,383,550,7,-5,-1
2.71844,-359,409,547,7,-5,-1
2.71848,-359,409,547,7,-5,-1
2.71859,-372,387,318,7,-5,-1
2.71862,-372,387,318,7,-5,-1
2.71867,-372,387,318,7,-5,-1
2.71876,-338,377,41,7,-5,-1
2.71880,-338,377,41,7,-5,-1
2.71888,-342,380,-150,7,-5,-1
2.71896,-342,380,-150,7,-5,-1
2.71901,-342,380,-150,7,-5,-1
2.71911,-398,367,-198,7,-5,-1
2.71915,-398,367,-198,7,-5,-1
2.71927,-360,373,-97,7,-5,-1
2.71929,-360,373,-97,7,-5,-1
2.77356,-378,307,-141,7,-5,-1
2.77363,-378,307,-141,7,-5,-1
2.77388,-441,296,-201,7,-5,-1
2.77392,-441,296,-201,7,-5,-1
2.77411,-441,296,-201,7,-5,-1
2.77413,-433,320,-152,7,-5,-1
2.77418,-433,320,-152,7,-5,-1
2.77420,-397,327,-37,7,-5,-1
2.77425,-397,327,-37,7,-5,-1
2.77432,-397,327,-37,7,-5,-1
2.77434,-411,304,69,7,-5,-1
2.77435,-411,304,69,7,-5,-1
2.77436,-435,303,127,7,-5,-1
2.77437,-435,303,127,7,-5,-1
2.77439,-435,303,127,7,-5,-1
2.77442,-413,337,118,7,-5,-1
2.82704,-404,316,-54,7,-5,-1
2.82712,-404,316,-54,7,-5,-1
2.82721,-380,321,-73,7,-5,-1
2.82727,-380,321,-73,7,-5,-1
2.82730,-398,310,-68,7,-5,-1
2.82733,-398,310,-68,7,-5,-1
2.82743,-398,310,-68,7,-5,-1
2.82748,-425,304,-47,7,-5,-1
2.82750,-425,304,-47,7,-5,-1
2.82763,-417,316,-27,7,-5,-1
2.82767,-417,316,-27,7,-5,-1
2.82770,-417,316,-27,7,-5,-1
2.82773,-398,326,-15,7,-5,-1
2.82781,-398,326,-15,7,-5,-1
2.82784,-398,324,-7,7,-5,-1
2.82791,-398,324,-7,7,-5,-1
2.88264,-409,319,-37,7,-5,-1
2.88269,-409,319,-37,7,-5,-1
2.88270,-406,316,-47,7,-5,-1
2.88277,-406,316,-47,7,-5,-1
2.88281,-404,314,-45,7,-5,-1
2.88285,-404,314,-45,7,-5,-1
2.88290,-404,314,-45,7,-5,-1
2.88293,-404,317,-34,7,-5,-1
2.88293,-404,317,-34,7,-5,-1
2.88294,-406,319,-30,7,-5,-1
2.88298,-406,319,-30,7,-5,-1
2.88304,-406,319,-30,7,-5,-1
2.88307,-405,317,-29,7,-5,-1
2.88309,-405,317,-29,7,-5,-1
2.88312,-401,315,-23,7,-5,-1
2.88323,-401,315,-23,7,-5,-1
2.93601,-408,316,-23,7,-5,-1
2.93608,-408,316,-23,7,-5,-1
2.93622,-404,317,-29,7,-5,-1
2.93630,-404,317,-29,7,-5,-1
2.93634,-405,317,-29,7,-5,-1
2.93638,-405,317,-29,7,-5,-1
2.93653,-405,317,-29,7,-5,-1
2.93662,-412,318,-27,7,-5,-1
2.93664,-412,318,-27,7,-5,-1
2.93667,-410,321,-28,7,-5,-1
2.93676,-410,321,-28,7,-5,-1
2.93681,-410,321,-28,7,-5,-1
2.93684,-404,322,-23,7,-5,-1
2.93695,-404,322,-23,7,-5,-1
2.93702,-404,322,-17,7,-5,-1
2.93709,-404,322,-17,7,-5,-1
2.99126,-408,319,-29,7,-5,-1
2.99132,-404,319,-31,7,-5,-1
2.99134,-404,319,-31,7,-5,-1
2.99136,-403,320,-35,7,-5,-1
2.99142,-403,320,-35,7,-5,-1
2.99148,-403,320,-35,7,-5,-1
2.99150,-399,322,-38,7,-5,-1
2.99156,-399,322,-38,7,-5,-1
2.99158,-396,321,-35,7,-5,-1
2.99159,-396,321,-35,7,-5,-1
2.99160,-396,321,-35,7,-5,-1
2.99162,-399,318,-31,7,-5,-1
2.99168,-399,318,-31,7,-5,-1
2.99169,-401,319,-30,7,-5,-1
2.99170,-401,319,-30,7,-5,-1
2.99172,-401,319,-30,7,-5,-1
3.04679,-404,316,-22,7,-5,-1
3.04686,-403,316,-21,7,-5,-1
3.04695,-403,316,-21,7,-5,-1
3.04699,-403,316,-21,7,-5,-1
3.04701,-407,319,-23,7,-5,-1
3.04703,-407,319,-23,7,-5,-1
3.04705,-406,319,-29,7,-5,-1
3.04707,-406,319,-29,7,-5,-1
3.04721,-406,319,-29,7,-5,-1
3.04724,-403,320,-30,7,-5,-1
3.04729,-403,320,-30,7,-5,-1
3.04736,-404,321,-31,7,-5,-1
3.04746,-404,321,-31,7,-5,-1
3.04755,-404,321,-31,7,-5,-1
3.04763,-401,321,-34,7,-5,-1
3.04766,-401,321,-34,7,-5,-1
3.09986,-401,319,-37,7,-5,-1
3.10000,-398,320,-32,7,-5,-1
3.10010,-398,320,-32,7,-5,-1
3.10015,-400,322,-30,7,-5,-1
3.10019,-400,322,-30,7,-5,-1
3.10029,-400,322,-30,7,-5,-1
3.10037,-399,321,-28,7,-5,-1
3.10043,-399,321,-28,7,-5,-1
3.10050,-397,320,-24,7,-5,-1
3.10057,-397,320,-24,7,-5,-1
3.10061,-397,320,-24,7,-5,-1
3.10064,-400,318,-26,7,-5,-1
3.10066,-400,318,-26,7,-5,-1
3.10070,-403,317,-32,7,-5,-1
3.10072,-403,317,-32,7,-5,-1
3.10075,-403,317,-32,7,-5,-1
3.15582,-402,321,-25,7,-5,-1
3.15589,-402,321,-25,7,-5,-1
3.15599,-402,321,-25,7,-5,-1
3.15607,-405,318,-28,7,-5,-1
3.15610,-405,318,-28,7,-5,-1
3.15614,-403,317,-28,7,-5,-1
3.15616,-403,317,-28,7,-5,-1
3.15624,-403,317,-28,7,-5,-1
3.15626,-403,318,-31,7,-5,-1
3.15634,-403,318,-31,7,-5,-1
3.15637,-404,318,-34,7,-5,-1
3.15646,-404,318,-34,7,-5,-1
3.15665,-404,318,-34,7,-5,-1
3.15689,-403,319,-30,7,-5,-1
3.15703,-403,319,-30,7,-5,-1
3.15709,-402,321,-25,7,-5,-1
3.21065,-401,320,-36,7,-5,-1
3.21074,-400,319,-29,7,-5,-1
3.21077,-400,319,-29,7,-5,-1
3.21081,-400,319,-29,7,-5,-1
3.21087,-401,319,-22,7,-5,-1
3.21092,-401,319,-22,7,-5,-1
3.21097,-402,320,-21,7,-5,-1
3.21103,-402,320,-21,7,-5,-1
3.21106,-402,320,-21,7,-5,-1
3.21108,-404,319,-24,7,-5,-1
3.21123,-404,319,-24,7,-5,-1
3.21130,-404,316,-26,7,-5,-1
3.21137,-404,316,-26,7,-5,-1
3.21142,-404,316,-26,7,-5,-1
3.21147,-403,316,-30,7,-5,-1
3.21155,-403,316,-30,7,-5,-1
3.26648,-404,319,-22,7,-5,-1
3.26655,-404,319,-22,7,-5,-1
3.26671,-403,320,-26,7,-5,-1
3.26680,-403,320,-26,7,-5,-1
3.26691,-404,322,-27,7,-5,-1
3.26694,-404,322,-27,7,-5,-1
3.26697,-404,322,-27,7,-5,-1
3.26706,-405,320,-31,7,-5,-1
3.26710,-405,320,-31,7,-5,-1
3.26712,-403,320,-33,7,-5,-1
3.26725,-403,320,-33,7,-5,-1
3.26731,-403,320,-33,7,-5,-1
3.26738,-400,321,-27,7,-5,-1
3.26752,-400,321,-27,7,-5,-1
3.26763,-399,321,-21,7,-5,-1
3.26766,-399,321,-21,7,-5,-1
3.32233,-400,318,-21,7,-5,-1
3.32239,-400,318,-21,7,-5,-1
3.32252,-400,318,-21,7,-5,-1
3.32257,-403,316,-22,7,-5,-1
3.32263,-403,316,-22,7,-5,-1
3.32266,-408,313,-24,7,-5,-1
3.32269,-408,313,-24,7,-5,-1
3.32270,-408,313,-24,7,-5,-1
3.32310,-406,316,-27,7,-5,-1
3.32319,-406,316,-27,7,-5,-1
3.32322,-407,319,-34,7,-5,-1
3.32328,-407,319,-34,7,-5,-1
3.32331,-407,319,-34,7,-5,-1
3.32335,-409,316,-40,7,-5,-1
3.32336,-409,316,-40,7,-5,-1
3.32337,-405,317,-38,7,-5,-1
3.37667,-406,320,-32,7,-5,-1
3.37678,-406,320,-32,7,-5,-1
3.37683,-399,322,-31,7,-5,-1
3.37688,-399,322,-31,7,-5,-1
3.37696,-399,322,-31,7,-5,-1
3.37698,-399,323,-30,7,-5,-1
3.37699,-399,323,-30,7,-5,-1
3.37701,-398,324,-26,7,-5,-1
3.37707,-398,324,-26,7,-5,-1
3.37710,-398,324,-26,7,-5,-1
3.37712,-398,325,-22,7,-5,-1
3.37715,-398,325,-22,7,-5,-1
3.37716,-400,321,-23,7,-5,-1
3.37733,-400,321,-23,7,-5,-1
3.37735,-400,321,-23,7,-5,-1
3.37737,-401,318,-26,7,-5,-1
3.42773,-400,319,-22,7,-5,-1
3.42782,-404,318,-22,7,-5,-1
3.42787,-404,318,-22,7,-5,-1
3.42800,-406,318,-28,7,-5,-1
3.42810,-406,318,-28,7,-5,-1
3.42819,-406,318,-28,7,-5,-1
3.42824,-406,318,-35,7,-5,-1
3.42826,-406,318,-35,7,-5,-1
3.42830,-407,317,-37,7,-5,-1
3.42834,-407,317,-37,7,-5,-1
3.42836,-407,317,-37,7,-5,-1
3.42837,-405,317,-35,7,-5,-1
3.42840,-405,317,-35,7,-5,-1
3.42846,-402,318,-31,7,-5,-1
3.42852,-402,318,-31,7,-5,-1
3.42854,-402,318,-31,7,-5,-1
3.48265,-402,321,-27,7,-5,-1
3.48269,-402,321,-27,7,-5,-1
3.48273,-405,322,-30,7,-5,-1
3.48276,-405,322,-30,7,-5,-1
3.48284,-406,322,-34,7,-5,-1
3.48286,-406,322,-34,7,-5,-1
3.48291,-406,322,-34,7,-5,-1
3.48299,-402,321,-38,7,-5,-1
3.48303,-402,321,-38,7,-5,-1
3.48305,-400,321,-34,7,-5,-1
3.48306,-400,321,-34,7,-5,-1
3.48308,-400,321,-34,7,-5,-1
3.48310,-400,320,-26,7,-5,-1
3.48311,-400,320,-26,7,-5,-1
3.48313,-400,320,-20,7,-5,-1
3.48315,-400,320,-20,7,-5,-1
3.53780,-399,321,-26,7,-5,-1
3.53785,-399,321,-26,7,-5,-1
3.53791,-400,320,-22,7,-5,-1
3.53803,-400,320,-22,7,-5,-1
3.53805,-400,320,-22,7,-5,-1
3.53806,-403,320,-22,7,-5,-1
3.53807,-403,320,-22,7,-5,-1
3.53811,-404,320,-23,7,-5,-1
3.53813,-404,320,-23,7,-5,-1
3.53815,-404,320,-23,7,-5,-1
3.53819,-405,319,-29,7,-5,-1
3.53824,-405,319,-29,7,-5,-1
3.53826,-407,318,-34,7,-5,-1
3.53832,-407,318,-34,7,-5,-1
3.53834,-407,318,-34,7,-5,-1
3.53836,-407,319,-32,7,-5,-1
3.59134,-404,321,-33,7,-5,-1
3.59139,-404,321,-33,7,-5,-1
3.59145,-404,321,-33,7,-5,-1
3.59150,-406,321,-37,7,-5,-1
3.59152,-406,321,-37,7,-5,-1
3.59159,-404,320,-37,7,-5,-1
3.59163,-404,320,-37,7,-5,-1
3.59164,-404,320,-37,7,-5,-1
3.59166,-403,321,-29,7,-5,-1
3.59167,-403,321,-29,7,-5,-1
3.59170,-403,322,-22,7,-5,-1
3.59174,-403,322,-22,7,-5,-1
3.59175,-403,322,-22,7,-5,-1
3.59181,-402,319,-18,7,-5,-1
3.59182,-402,319,-18,7,-5,-1
3.59185,-402,318,-19,7,-5,-1
3.64420,-397,322,-31,7,-5,-1
3.64427,-398,321,-27,7,-5,-1
3.64435,-398,321,-27,7,-5,-1
3.64439,-398,321,-27,7,-5,-1
3.64441,-403,321,-22,7,-5,-1
3.64444,-403,321,-22,7,-5,-1
3.64445,-403,320,-20,7,-5,-1
3.64449,-403,320,-20,7,-5,-1
3.64456,-403,320,-20,7,-5,-1
3.64458,-400,319,-23,7,-5,-1
3.64460,-400,319,-23,7,-5,-1
3.64464,-403,318,-28,7,-5,-1
3.64472,-403,318,-28,7,-5,-1
3.64476,-403,318,-28,7,-5,-1
3.64479,-405,319,-33,7,-5,-1
3.64484,-405,319,-33,7,-5,-1
3.69693,-401,320,-24,7,-5,-1
3.69700,-406,317,-26,7,-5,-1
3.69711,-406,317,-26,7,-5,-1
3.69716,-406,317,-33,7,-5,-1
3.69717,-406,317,-33,7,-5,-1
3.69725,-406,317,-33,7,-5,-1
3.69726,-405,319,-35,7,-5,-1
3.69733,-405,319,-35,7,-5,-1
3.69738,-405,321,-33,7,-5,-1
3.69743,-405,321,-33,7,-5,-1
3.69748,-405,321,-33,7,-5,-1
3.69749,-402,322,-30,7,-5,-1
3.69752,-402,322,-30,7,-5,-1
3.69756,-401,323,-25,7,-5,-1
3.69757,-401,323,-25,7,-5,-1
3.69759,-401,323,-25,7,-5,-1
3.74941,-402,318,-32,7,-5,-1
3.74945,-400,319,-28,7,-5,-1
3.74951,-400,319,-28,7,-5,-1
3.74956,-400,319,-28,7,-5,-1
3.74958,-400,320,-22,7,-5,-1
3.74961,-400,320,-22,7,-5,-1
3.74966,-402,320,-18,7,-5,-1
3.74969,-402,320,-18,7,-5,-1
3.74971,-402,320,-18,7,-5,-1
3.74972,-402,318,-20,7,-5,-1
3.74973,-402,318,-20,7,-5,-1
3.74974,-400,318,-23,7,-5,-1
3.74980,-400,318,-23,7,-5,-1
3.74981,-400,318,-23,7,-5,-1
3.74982,-404,319,-27,7,-5,-1
3.74983,-404,319,-27,7,-5,-1
3.80471,-402,319,-19,7,-5,-1
3.80476,-402,319,-19,7,-5,-1
3.80483,-402,317,-18,7,-5,-1
3.80486,-402,317,-18,7,-5,-1
3.80495,-400,317,-23,7,-5,-1
3.80502,-400,317,-23,7,-5,-1
3.80507,-400,317,-23,7,-5,-1
3.80509,-404,317,-30,7,-5,-1
3.80510,-404,317,-30,7,-5,-1
3.80514,-406,317,-34,7,-5,-1
3.80515,-406,317,-34,7,-5,-1
3.80527,-406,317,-34,7,-5,-1
3.80529,-404,318,-35,7,-5,-1
3.80531,-404,318,-35,7,-5,-1
3.80549,-403,321,-33,7,-5,-1
3.80552,-403,321,-33,7,-5,-1
3.85913,-404,318,-35,7,-5,-1
3.85919,-401,322,-35,7,-5,-1
3.85926,-401,322,-35,7,-5,-1
3.85928,-401,322,-35,7,-5,-1
3.85937,-403,323,-30,7,-5,-1
3.85939,-403,323,-30,7,-5,-1
3.85940,-401,322,-24,7,-5,-1
3.85942,-401,322,-24,7,-5,-1
3.85949,-401,322,-24,7,-5,-1
3.85952,-399,320,-20,7,-5,-1
3.85956,-399,320,-20,7,-5,-1
3.85958,-402,318,-20,7,-5,-1
3.85962,-402,318,-20,7,-5,-1
3.85966,-402,318,-20,7,-5,-1
3.85967,-403,319,-23,7,-5,-1
3.85968,-403,319,-23,7,-5,-1
3.91046,-402,318,-21,7,-5,-1
3.91053,-402,318,-21,7,-5,-1
3.91065,-402,318,-21,7,-5,-1
3.91068,-403,319,-26,7,-5,-1
3.91072,-403,319,-26,7,-5,-1
3.91074,-406,317,-32,7,-5,-1
3.91084,-406,317,-32,7,-5,-1
3.91096,-406,317,-32,7,-5,-1
3.91099,-406,318,-34,7,-5,-1
3.91101,-406,318,-34,7,-5,-1
3.91105,-403,319,-35,7,-5,-1
3.91115,-403,319,-35,7,-5,-1
3.91121,-403,319,-35,7,-5,-1
3.91129,-402,318,-33,7,-5,-1
3.91130,-402,318,-33,7,-5,-1
3.91132,-401,318,-28,7,-5,-1
3.96592,-404,320,-27,7,-5,-1
3.96596,-404,320,-27,7,-5,-1
3.96602,-404,320,-27,7,-5,-1
3.96605,-405,320,-33,7,-5,-1
3.96611,-405,320,-33,7,-5,-1
3.96613,-404,320,-36,7,-5,-1
3.96614,-404,320,-36,7,-5,-1
3.96621,-404,320,-36,7,-5,-1
3.96622,-401,321,-34,7,-5,-1
3.96623,-401,321,-34,7,-5,-1
3.96624,-400,321,-29,7,-5,-1
3.96625,-400,321,-29,7,-5,-1
3.96631,-400,321,-29,7,-5,-1
3.96632,-400,321,-23,7,-5,-1
3.96637,-400,321,-23,7,-5,-1
3.96639,-399,320,-20,7,-5,-1
4.01759,-399,320,-24,7,-5,-1
4.01769,-400,320,-20,7,-5,-1
4.01779,-400,320,-20,7,-5,-1
4.01786,-402,320,-21,7,-5,-1
4.01793,-402,320,-21,7,-5,-1
4.01803,-402,320,-21,7,-5,-1
4.01808,-404,318,-25,7,-5,-1
4.01813,-404,318,-25,7,-5,-1
4.01826,-405,319,-28,7,-5,-1
4.01852,-405,319,-28,7,-5,-1
4.01859,-405,319,-28,7,-5,-1
4.01868,-405,319,-31,7,-5,-1
4.01875,-405,319,-31,7,-5,-1
4.01877,-405,319,-35,7,-5,-1
4.01879,-405,319,-35,7,-5,-1
4.01882,-405,319,-35,7,-5,-1
4.07362,-402,319,-25,7,-5,-1
4.07369,-402,319,-25,7,-5,-1
4.07394,-405,319,-29,7,-5,-1
4.07397,-405,319,-29,7,-5,-1
4.07399,-405,319,-29,7,-5,-1
4.07401,-406,319,-31,7,-5,-1
4.07411,-406,319,-31,7,-5,-1
4.07425,-403,321,-34,7,-5,-1
4.07430,-403,321,-34,7,-5,-1
4.07437,-403,321,-34,7,-5,-1
4.07439,-403,321,-34,7,-5,-1
4.07443,-403,321,-34,7,-5,-1
4.07445,-401,321,-31,7,-5,-1
4.07451,-401,321,-31,7,-5,-1
4.07456,-401,321,-31,7,-5,-1
4.07459,-399,320,-24,7,-5,-1
4.12617,-399,320,-22,7,-5,-1
4.12622,-400,319,-21,7,-5,-1
4.12629,-400,319,-21,7,-5,-1
4.12631,-400,319,-21,7,-5,-1
4.12634,-401,317,-20,7,-5,-1
4.12636,-401,317,-20,7,-5,-1
4.12638,-402,316,-24,7,-5,-1
4.12648,-402,316,-24,7,-5,-1
4.12650,-402,316,-24,7,-5,-1
4.12655,-406,317,-29,7,-5,-1
4.12658,-406,317,-29,7,-5,-1
4.12659,-406,319,-34,7,-5,-1
4.12661,-406,319,-34,7,-5,-1
4.12664,-406,319,-34,7,-5,-1
4.12666,-405,320,-36,7,-5,-1
4.12669,-405,320,-36,7,-5,-1
4.18032,-403,320,-24,7,-5,-1
4.18038,-403,320,-24,7,-5,-1
4.18045,-404,319,-29,7,-5,-1
4.18048,-404,319,-29,7,-5,-1
4.18056,-401,320,-32,7,-5,-1
4.18059,-401,320,-32,7,-5,-1
4.18061,-401,320,-32,7,-5,-1
4.18068,-402,320,-33,7,-5,-1
4.18072,-402,320,-33,7,-5,-1
4.18074,-403,319,-32,7,-5,-1
4.18080,-403,319,-32,7,-5,-1
4.18085,-403,319,-32,7,-5,-1
4.18088,-401,319,-28,7,-5,-1
4.18089,-401,319,-28,7,-5,-1
4.18095,-400,320,-23,7,-5,-1
4.18099,-400,320,-23,7,-5,-1
4.23114,-403,322,-31,7,-5,-1
4.23122,-403,322,-31,7,-5,-1
4.23131,-399,322,-25,7,-5,-1
4.23146,-399,322,-25,7,-5,-1
4.23151,-400,321,-20,7,-5,-1
4.23160,-400,321,-20,7,-5,-1
4.23167,-400,321,-20,7,-5,-1
4.23169,-402,318,-19,7,-5,-1
4.23171,-402,318,-19,7,-5,-1
4.23173,-404,318,-20,7,-5,-1
4.23175,-404,318,-20,7,-5,-1
4.23188,-404,318,-20,7,-5,-1
4.23206,-407,319,-25,7,-5,-1
4.23211,-407,319,-25,7,-5,-1
4.23213,-408,318,-32,7,-5,-1
4.23217,-408,318,-32,7,-5,-1
4.28634,-399,320,-24,7,-5,-1
4.28640,-399,320,-24,7,-5,-1
4.28648,-399,320,-24,7,-5,-1
4.28651,-401,318,-25,7,-5,-1
4.28654,-401,318,-25,7,-5,-1
4.28655,-405,317,-26,7,-5,-1
4.28657,-405,317,-26,7,-5,-1
4.28658,-405,317,-26,7,-5,-1
4.28660,-406,318,-29,7,-5,-1
4.28672,-406,318,-29,7,-5,-1
4.28675,-408,319,-32,7,-5,-1
4.28677,-408,319,-32,7,-5,-1
4.28683,-408,319,-32,7,-5,-1
4.28687,-407,319,-35,7,-5,-1
4.28688,-407,319,-35,7,-5,-1
4.28696,-403,319,-35,7,-5,-1
4.34096,-403,320,-33,7,-5,-1
4.34102,-405,320,-35,7,-5,-1
4.34105,-405,320,-35,7,-5,-1
4.34108,-404,321,-34,7,-5,-1
4.34111,-404,321,-34,7,-5,-1
4.34113,-404,321,-34,7,-5,-1
4.34115,-399,323,-28,7,-5,-1
4.34122,-399,323,-28,7,-5,-1
4.34126,-400,322,-22,7,-5,-1
4.34127,-400,322,-22,7,-5,-1
4.34129,-400,322,-22,7,-5,-1
4.34134,-402,320,-18,7,-5,-1
4.34140,-402,320,-18,7,-5,-1
4.34141,-401,319,-19,7,-5,-1
4.34143,-401,319,-19,7,-5,-1
4.34144,-401,319,-19,7,-5,-1
4.39624,-400,319,-21,7,-5,-1
4.39630,-400,319,-21,7,-5,-1
4.39639,-403,318,-23,7,-5,-1
4.39648,-403,318,-23,7,-5,-1
4.39659,-403,318,-23,7,-5,-1
4.39665,-406,317,-26,7,-5,-1
4.39669,-406,317,-26,7,-5,-1
4.39677,-407,317,-30,7,-5,-1
4.39681,-407,317,-30,7,-5,-1
4.39689,-407,317,-30,7,-5,-1
4.39694,-406,318,-33,7,-5,-1
4.39698,-406,318,-33,7,-5,-1
4.39703,-406,319,-36,7,-5,-1
4.39712,-406,319,-36,7,-5,-1
4.39717,-406,319,-36,7,-5,-1
4.39721,-404,321,-34,7,-5,-1
4.45094,-405,321,-33,7,-5,-1
4.45101,-405,321,-33,7,-5,-1
4.45121,-404,322,-32,7,-5,-1
4.45124,-404,322,-32,7,-5,-1
4.45126,-403,322,-28,7,-5,-1
4.45127,-403,322,-28,7,-5,-1
4.45132,-403,322,-28,7,-5,-1
4.45140,-402,323,-22,7,-5,-1
4.45142,-402,323,-22,7,-5,-1
4.45149,-402,322,-20,7,-5,-1
4.45151,-402,322,-20,7,-5,-1
4.45158,-402,322,-20,7,-5,-1
4.45161,-405,319,-21,7,-5,-1
4.45166,-405,319,-21,7,-5,-1
4.45169,-405,319,-23,7,-5,-1
4.45170,-405,319,-23,7,-5,-1
4.50647,-404,320,-24,7,-5,-1
4.50655,-405,320,-26,7,-5,-1
4.50658,-405,320,-26,7,-5,-1
4.50659,-406,320,-30,7,-5,-1
4.50661,-406,320,-30,7,-5,-1
4.50670,-406,320,-30,7,-5,-1
4.50672,-406,320,-34,7,-5,-1
4.50673,-406,320,-34,7,-5,-1
4.50674,-405,319,-34,7,-5,-1
4.50675,-405,319,-34,7,-5,-1
4.50681,-405,319,-34,7,-5,-1
4.50683,-402,321,-31,7,-5,-1
4.50684,-402,321,-31,7,-5,-1
4.50687,-401,323,-28,7,-5,-1
4.50688,-401,323,-28,7,-5,-1
4.50695,-401,323,-28,7,-5,-1
4.55957,-399,320,-26,7,-5,-1
4.55965,-399,320,-26,7,-5,-1
4.55975,-399,320,-26,7,-5,-1
4.55980,-398,320,-23,7,-5,-1
4.55982,-398,320,-23,7,-5,-1
4.55984,-399,320,-21,7,-5,-1
4.55987,-399,320,-21,7,-5,-1
4.55990,-399,320,-21,7,-5,-1
4.55992,-401,319,-22,7,-5,-1
4.56001,-401,319,-22,7,-5,-1
4.56003,-404,317,-27,7,-5,-1
4.56009,-404,317,-27,7,-5,-1
4.56011,-404,317,-27,7,-5,-1
4.56013,-406,317,-32,7,-5,-1
4.56020,-406,317,-32,7,-5,-1
4.56022,-405,319,-37,7,-5,-1
4.61233,-404,317,-26,7,-5,-1
4.61235,-405,318,-28,7,-5,-1
4.61240,-405,318,-28,7,-5,-1
4.61242,-405,318,-28,7,-5,-1
4.61242,-406,320,-31,7,-5,-1
4.61243,-406,320,-31,7,-5,-1
4.61247,-406,320,-35,7,-5,-1
4.61247,-406,320,-35,7,-5,-1
4.61250,-406,320,-35,7,-5,-1
4.61250,-402,321,-36,7,-5,-1
4.61252,-402,321,-36,7,-5,-1
4.61252,-399,322,-32,7,-5,-1
4.61253,-399,322,-32,7,-5,-1
4.61254,-399,322,-32,7,-5,-1
4.61257,-400,322,-25,7,-5,-1
4.61257,-400,322,-25,7,-5,-1
4.66396,-403,321,-34,7,-5,-1
4.66398,-403,321,-34,7,-5,-1
4.66399,-401,321,-32,7,-5,-1
4.66406,-401,321,-32,7,-5,-1
4.66406,-402,320,-28,7,-5,-1
4.66407,-402,320,-28,7,-5,-1
4.66408,-402,320,-28,7,-5,-1
4.66414,-403,320,-24,7,-5,-1
4.66414,-403,320,-24,7,-5,-1
4.66423,-402,320,-21,7,-5,-1
4.66423,-402,320,-21,7,-5,-1
4.66430,-402,320,-21,7,-5,-1
4.66431,-400,319,-20,7,-5,-1
4.66432,-400,319,-20,7,-5,-1
4.66433,-403,318,-24,7,-5,-1
4.66434,-403,318,-24,7,-5,-1
4.71784,-400,321,-26,7,-5,-1
4.71786,-402,320,-21,7,-5,-1
4.71787,-402,320,-21,7,-5,-1
4.71787,-401,320,-20,7,-5,-1
4.71795,-401,320,-20,7,-5,-1
4.71796,-401,320,-20,7,-5,-1
4.71797,-401,320,-23,7,-5,-1
4.71799,-401,320,-23,7,-5,-1
4.71799,-406,319,-25,7,-5,-1
4.71800,-406,319,-25,7,-5,-1
4.71801,-406,319,-25,7,-5,-1
4.71816,-407,320,-29,7,-5,-1
4.71818,-407,320,-29,7,-5,-1
4.71819,-406,321,-34,7,-5,-1
4.71824,-406,321,-34,7,-5,-1
4.71824,-406,321,-34,7,-5,-1
4.77225,-406,319,-27,7,-5,-1
4.77228,-406,319,-27,7,-5,-1
4.77233,-404,321,-31,7,-5,-1
4.77235,-404,321,-31,7,-5,-1
4.77249,-404,321,-34,7,-5,-1
4.77251,-404,321,-34,7,-5,-1
4.77252,-404,321,-34,7,-5,-1
4.77253,-404,321,-34,7,-5,-1
4.77254,-404,321,-34,7,-5,-1
4.77254,-401,322,-30,7,-5,-1
4.77255,-401,322,-30,7,-5,-1
4.77256,-401,322,-30,7,-5,-1
4.77257,-400,322,-25,7,-5,-1
4.77263,-400,322,-25,7,-5,-1
4.77264,-400,321,-20,7,-5,-1
4.77264,-400,321,-20,7,-5,-1
4.82511,-396,354,426,7,-5,-1
4.82514,-396,354,426,7,-5,-1
4.82514,-396,354,426,7,-5,-1
4.82515,-391,367,164,7,-5,-1
4.82523,-391,367,164,7,-5,-1
4.82524,-389,344,-122,7,-5,-1
4.82525,-389,344,-122,7,-5,-1
4.82526,-389,344,-122,7,-5,-1
4.82542,-375,320,-288,7,-5,-1
4.82542,-375,320,-288,7,-5,-1
4.82550,-374,338,-249,7,-5,-1
4.82550,-374,338,-249,7,-5,-1
4.82551,-374,338,-249,7,-5,-1
4.82553,-406,336,-97,7,-5,-1
4.82553,-406,336,-97,7,-5,-1
4.82553,-445,308,23,7,-5,-1
4.88062,-390,365,232,7,-5,-1
4.88065,-390,365,232,7,-5,-1
4.88065,-340,350,174,7,-5,-1
4.88072,-340,350,174,7,-5,-1
4.88076,-340,350,174,7,-5,-1
4.88077,-392,316,56,7,-5,-1
4.88079,-392,316,56,7,-5,-1
4.88088,-452,306,-163,7,-5,-1
4.88088,-452,306,-163,7,-5,-1
4.88090,-452,306,-163,7,-5,-1
4.88095,-371,358,-363,7,-5,-1
4.88096,-371,358,-363,7,-5,-1
4.88098,-331,402,-423,7,-5,-1
4.88104,-331,402,-423,7,-5,-1
4.88104,-331,402,-423,7,-5,-1
4.88110,-385,361,-258,7,-5,-1
4.93299,-410,331,510,7,-5,-1
4.93304,-410,331,510,7,-5,-1
4.93311,-417,309,778,7,-5,-1
4.93312,-417,309,778,7,-5,-1
4.93320,-417,309,778,7,-5,-1
4.93323,-411,292,479,7,-5,-1
4.93331,-411,292,479,7,-5,-1
4.93332,-456,241,-257,7,-5,-1
4.93334,-456,241,-257,7,-5,-1
4.93340,-456,241,-257,7,-5,-1
4.93342,-442,252,-937,7,-5,-1
4.93351,-442,252,-937,7,-5,-1
4.93353,-358,338,-1101,7,-5,-1
4.93354,-358,338,-1101,7,-5,-1
4.93356,-358,338,-1101,7,-5,-1
4.93359,-363,359,-677,7,-5,-1
4.98804,-351,334,-566,7,-5,-1
4.98816,-351,334,-566,7,-5,-1
4.98825,-351,334,-566,7,-5,-1
4.98827,-326,369,-606,7,-5,-1
4.98835,-326,369,-606,7,-5,-1
4.98841,-385,355,-230,7,-5,-1
4.98844,-385,355,-230,7,-5,-1
4.98859,-385,355,-230,7,-5,-1
4.98865,-425,330,300,7,-5,-1
4.98910,-425,330,300,7,-5,-1
4.98937,-421,319,620,7,-5,-1
4.98960,-421,319,620,7,-5,-1
4.98964,-421,319,620,7,-5,-1
4.98966,-434,290,508,7,-5,-1
4.98991,-434,290,508,7,-5,-1
4.98995,-456,266,25,7,-5,-1
5.04508,-386,335,-20,7,-5,-1
5.04514,-398,333,77,7,-5,-1
5.04523,-398,333,77,7,-5,-1
5.04537,-427,303,102,7,-5,-1
5.04545,-427,303,102,7,-5,-1
5.04548,-427,303,102,7,-5,-1
5.04555,-436,284,32,7,-5,-1
5.04557,-436,284,32,7,-5,-1
5.04559,-429,305,-74,7,-5,-1
5.04566,-429,305,-74,7,-5,-1
5.04569,-429,305,-74,7,-5,-1
5.04570,-392,331,-167,7,-5,-1
5.04581,-392,331,-167,7,-5,-1
5.04583,-383,324,-204,7,-5,-1
5.04585,-383,324,-204,7,-5,-1
5.04586,-383,324,-204,7,-5,-1
5.09856,-443,294,37,7,-5,-1
5.09864,-443,294,37,7,-5,-1
5.09879,-414,325,51,7,-5,-1
5.09883,-414,325,51,7,-5,-1
5.09886,-395,338,-32,7,-5,-1
5.09902,-395,338,-32,7,-5,-1
5.09905,-395,338,-32,7,-5,-1
5.09907,-398,312,-151,7,-5,-1
5.09918,-398,312,-151,7,-5,-1
5.09921,-401,289,-186,7,-5,-1
5.09923,-401,289,-186,7,-5,-1
5.09935,-401,289,-186,7,-5,-1
5.09942,-377,307,-115,7,-5,-1
5.09946,-377,307,-115,7,-5,-1
5.09957,-404,324,-22,7,-5,-1
5.09960,-404,324,-22,7,-5,-1
5.15475,-374,330,-52,7,-5,-1
5.15497,-374,330,-52,7,-5,-1
5.15504,-374,330,-52,7,-5,-1
5.15596,-377,328,26,7,-5,-1
5.15606,-377,328,26,7,-5,-1
5.15609,-405,332,114,7,-5,-1
5.15611,-405,332,114,7,-5,-1
5.15643,-405,332,114,7,-5,-1
5.15660,-440,323,168,7,-5,-1
5.15673,-440,323,168,7,-5,-1
5.15682,-419,333,165,7,-5,-1
5.15683,-419,333,165,7,-5,-1
5.15685,-419,333,165,7,-5,-1
5.15686,-382,319,68,7,-5,-1
5.15688,-382,319,68,7,-5,-1
5.15696,-417,269,-137,7,-5,-1
5.20786,-372,353,234,7,-5,-1
5.20791,-383,344,177,7,-5,-1
5.20817,-383,344,177,7,-5,-1
5.20823,-383,344,177,7,-5,-1
5.20829,-435,312,65,7,-5,-1
5.20839,-435,312,65,7,-5,-1
5.20842,-440,304,-60,7,-5,-1
5.20853,-440,304,-60,7,-5,-1
5.20856,-440,304,-60,7,-5,-1
5.20857,-427,307,-124,7,-5,-1
5.20862,-427,307,-124,7,-5,-1
5.20864,-423,310,-88,7,-5,-1
5.20866,-423,310,-88,7,-5,-1
5.20869,-423,310,-88,7,-5,-1
5.20873,-418,314,-34,7,-5,-1
5.20875,-418,314,-34,7,-5,-1
5.26134,-343,380,-33,7,-5,-1
5.26142,-343,380,-33,7,-5,-1
5.26147,-343,380,-33,7,-5,-1
5.26149,-422,342,119,7,-5,-1
5.26157,-422,342,119,7,-5,-1
5.26161,-425,318,299,7,-5,-1
5.26162,-425,318,299,7,-5,-1
5.26164,-425,318,299,7,-5,-1
5.26164,-400,319,339,7,-5,-1
5.26171,-400,319,339,7,-5,-1
5.26172,-442,284,148,7,-5,-1
5.26173,-442,284,148,7,-5,-1
5.26176,-442,284,148,7,-5,-1
5.26178,-499,260,-184,7,-5,-1
5.26183,-499,260,-184,7,-5,-1
5.26184,-436,289,-402,7,-5,-1
5.31695,-339,346,33,7,-5,-1
5.31699,-339,346,33,7,-5,-1
5.31705,-358,351,-94,7,-5,-1
5.31718,-358,351,-94,7,-5,-1
5.31720,-430,307,-159,7,-5,-1
5.31722,-430,307,-159,7,-5,-1
5.31723,-430,307,-159,7,-5,-1
5.31725,-421,333,-61,7,-5,-1
5.31727,-421,333,-61,7,-5,-1
5.31735,-375,370,146,7,-5,-1
5.31741,-375,370,146,7,-5,-1
5.31743,-375,370,146,7,-5,-1
5.31746,-410,326,280,7,-5,-1
5.31750,-410,326,280,7,-5,-1
5.31752,-467,284,232,7,-5,-1
5.31754,-467,284,232,7,-5,-1
5.37247,-429,313,-159,7,-5,-1
5.37267,-351,356,-207,7,-5,-1
5.37271,-351,356,-207,7,-5,-1
5.37277,-357,356,-126,7,-5,-1
5.37279,-357,356,-126,7,-5,-1
5.37281,-357,356,-126,7,-5,-1
5.37296,-458,319,72,7,-5,-1
5.37299,-458,319,72,7,-5,-1
5.37302,-450,317,256,7,-5,-1
5.37306,-450,317,256,7,-5,-1
5.37308,-450,317,256,7,-5,-1
5.37311,-369,327,277,7,-5,-1
5.37312,-369,327,277,7,-5,-1
5.37314,-395,299,103,7,-5,-1
5.37316,-395,299,103,7,-5,-1
5.37319,-395,299,103,7,-5,-1
5.42436,-435,267,21,7,-5,-1
5.42441,-435,267,21,7,-5,-1
5.42448,-435,267,21,7,-5,-1
5.42450,-405,292,-112,7,-5,-1
5.42451,-405,292,-112,7,-5,-1
5.42453,-390,313,-176,7,-5,-1
5.42454,-390,313,-176,7,-5,-1
5.42459,-390,313,-176,7,-5,-1
5.42461,-407,291,-232,7,-5,-1
5.42463,-407,291,-232,7,-5,-1
5.42464,-396,305,-333,7,-5,-1
5.42472,-396,305,-333,7,-5,-1
5.42474,-396,305,-333,7,-5,-1
5.42475,-328,345,-393,7,-5,-1
5.42477,-328,345,-393,7,-5,-1
5.42478,-347,327,-307,7,-5,-1
5.47958,-457,266,-199,7,-5,-1
5.47964,-457,266,-199,7,-5,-1
5.47969,-448,252,-332,7,-5,-1
5.47971,-448,252,-332,7,-5,-1
5.47981,-371,313,-289,7,-5,-1
5.47982,-371,313,-289,7,-5,-1
5.47991,-371,313,-289,7,-5,-1
5.47995,-344,335,-204,7,-5,-1
5.47996,-344,335,-204,7,-5,-1
5.47998,-427,277,-183,7,-5,-1
5.48001,-427,277,-183,7,-5,-1
5.48006,-427,277,-183,7,-5,-1
5.48008,-446,265,-162,7,-5,-1
5.48011,-446,265,-162,7,-5,-1
5.48016,-371,322,-125,7,-5,-1
5.48019,-371,322,-125,7,-5,-1
5.53238,-376,327,-90,7,-5,-1
5.53245,-414,313,-16,7,-5,-1
5.53255,-414,313,-16,7,-5,-1
5.53260,-414,313,-16,7,-5,-1
5.53263,-448,300,9,7,-5,-1
5.53265,-448,300,9,7,-5,-1
5.53267,-417,310,-36,7,-5,-1
5.53279,-417,310,-36,7,-5,-1
5.53289,-417,310,-36,7,-5,-1
5.53296,-380,330,-72,7,-5,-1
5.53303,-380,330,-72,7,-5,-1
5.53311,-387,327,-63,7,-5,-1
5.53315,-387,327,-63,7,-5,-1
5.53319,-387,327,-63,7,-5,-1
5.53326,-400,318,-27,7,-5,-1
5.53331,-400,318,-27,7,-5,-1
5.58804,-408,321,-31,7,-5,-1
5.58809,-395,326,-47,7,-5,-1
5.58816,-395,326,-47,7,-5,-1
5.58820,-395,326,-47,7,-5,-1
5.58828,-386,329,-35,7,-5,-1
5.58830,-386,329,-35,7,-5,-1
5.58834,-405,320,-18,7,-5,-1
5.58835,-405,320,-18,7,-5,-1
5.58842,-405,320,-18,7,-5,-1
5.58845,-418,312,-23,7,-5,-1
5.58846,-418,312,-23,7,-5,-1
5.58848,-411,316,-43,7,-5,-1
5.58858,-411,316,-43,7,-5,-1
5.58862,-411,316,-43,7,-5,-1
5.58863,-407,322,-56,7,-5,-1
5.58864,-407,322,-56,7,-5,-1
5.64197,-404,321,-29,7,-5,-1
5.64202,-403,322,-30,7,-5,-1
5.64215,-403,322,-30,7,-5,-1
5.64217,-406,321,-21,7,-5,-1
5.64219,-406,321,-21,7,-5,-1
5.64220,-406,321,-21,7,-5,-1
5.64227,-409,319,-18,7,-5,-1
5.64228,-409,319,-18,7,-5,-1
5.64231,-406,317,-27,7,-5,-1
5.64237,-406,317,-27,7,-5,-1
5.64243,-406,317,-27,7,-5,-1
5.64246,-401,318,-36,7,-5,-1
5.64248,-401,318,-36,7,-5,-1
5.64249,-402,317,-33,7,-5,-1
5.64254,-402,317,-33,7,-5,-1
5.64256,-402,317,-33,7,-5,-1
5.69702,-398,324,-20,7,-5,-1
5.69707,-400,321,-25,7,-5,-1
5.69714,-400,321,-25,7,-5,-1
5.69719,-398,318,-27,7,-5,-1
5.69720,-398,318,-27,7,-5,-1
5.69721,-398,318,-27,7,-5,-1
5.69724,-407,315,-31,7,-5,-1
5.69729,-407,315,-31,7,-5,-1
5.69734,-415,315,-38,7,-5,-1
5.69739,-415,315,-38,7,-5,-1
5.69740,-415,315,-38,7,-5,-1
5.69744,-412,317,-42,7,-5,-1
5.69749,-412,317,-42,7,-5,-1
5.69750,-407,318,-37,7,-5,-1
5.69752,-407,318,-37,7,-5,-1
5.69758,-407,318,-37,7,-5,-1
5.75900,-408,320,-27,7,-5,-1
5.75910,-411,317,-27,7,-5,-1
5.75920,-411,317,-27,7,-5,-1
5.75924,-411,317,-27,7,-5,-1
5.75932,-403,320,-30,7,-5,-1
5.75936,-403,320,-30,7,-5,-1
5.75943,-400,321,-28,7,-5,-1
5.75948,-400,321,-28,7,-5,-1
5.75957,-400,321,-28,7,-5,-1
5.75960,-401,318,-25,7,-5,-1
5.75966,-401,318,-25,7,-5,-1
5.75969,-403,317,-27,7,-5,-1
5.75973,-403,317,-27,7,-5,-1
5.75976,-403,317,-27,7,-5,-1
5.75983,-404,320,-31,7,-5,-1
5.75986,-404,320,-31,7,-5,-1
5.81502,-400,319,-28,7,-5,-1
5.81506,-400,319,-28,7,-5,-1
5.81510,-397,321,-22,7,-5,-1
5.81514,-397,321,-22,7,-5,-1
5.81517,-397,321,-22,7,-5,-1
5.81520,-398,323,-20,7,-5,-1
5.81521,-398,323,-20,7,-5,-1
5.81523,-398,322,-20,7,-5,-1
5.81524,-398,322,-20,7,-5,-1
5.81526,-398,322,-20,7,-5,-1
5.81532,-398,320,-21,7,-5,-1
5.81533,-398,320,-21,7,-5,-1
5.81534,-404,318,-25,7,-5,-1
5.81538,-404,318,-25,7,-5,-1
5.81542,-404,318,-25,7,-5,-1
5.81545,-406,317,-32,7,-5,-1
5.86971,-401,320,-27,7,-5,-1
5.86979,-406,319,-29,7,-5,-1
5.86986,-406,319,-29,7,-5,-1
5.86999,-401,321,-34,7,-5,-1
5.87007,-401,321,-34,7,-5,-1
5.87010,-401,321,-34,7,-5,-1
5.87013,-398,324,-34,7,-5,-1
5.87020,-398,324,-34,7,-5,-1
5.87025,-403,322,-31,7,-5,-1
5.87032,-403,322,-31,7,-5,-1
5.87037,-403,322,-31,7,-5,-1
5.87039,-403,320,-31,7,-5,-1
5.87048,-403,320,-31,7,-5,-1
5.87059,-401,319,-29,7,-5,-1
5.87062,-401,319,-29,7,-5,-1
5.87064,-401,319,-29,7,-5,-1
5.92488,-404,319,-24,7,-5,-1
5.92494,-404,319,-24,7,-5,-1
5.92502,-401,320,-27,7,-5,-1
5.92504,-401,320,-27,7,-5,-1
5.92509,-401,320,-27,7,-5,-1
5.92511,-403,319,-25,7,-5,-1
5.92516,-403,319,-25,7,-5,-1
5.92518,-408,316,-24,7,-5,-1
5.92520,-408,316,-24,7,-5,-1
5.92530,-408,316,-24,7,-5,-1
5.92532,-408,316,-28,7,-5,-1
5.92534,-408,316,-28,7,-5,-1
5.92537,-409,320,-35,7,-5,-1
5.92544,-409,320,-35,7,-5,-1
5.92546,-409,320,-35,7,-5,-1
5.92550,-407,321,-36,7,-5,-1
5.97578,-402,321,-33,7,-5,-1
5.97584,-402,321,-33,7,-5,-1
5.97603,-403,320,-31,7,-5,-1
5.97607,-403,320,-31,7,-5,-1
5.97610,-408,317,-31,7,-5,-1
5.97614,-408,317,-31,7,-5,-1
5.97620,-408,317,-31,7,-5,-1
5.97626,-403,319,-32,7,-5,-1
5.97632,-403,319,-32,7,-5,-1
5.97640,-398,320,-31,7,-5,-1
5.97651,-398,320,-31,7,-5,-1
5.97657,-398,320,-31,7,-5,-1
5.97659,-402,317,-28,7,-5,-1
5.97663,-402,317,-28,7,-5,-1
5.97676,-405,317,-24,7,-5,-1
5.97698,-405,317,-24,7,-5,-1
6.02932,-401,321,-24,7,-5,-1
6.02937,-402,320,-24,7,-5,-1
6.02944,-402,320,-24,7,-5,-1
6.02950,-402,320,-24,7,-5,-1
6.02954,-397,321,-28,7,-5,-1
6.02957,-397,321,-28,7,-5,-1
6.02958,-394,321,-28,7,-5,-1
6.02961,-394,321,-28,7,-5,-1
6.02963,-394,321,-28,7,-5,-1
6.02969,-402,317,-26,7,-5,-1
6.02970,-402,317,-26,7,-5,-1
6.02972,-407,316,-29,7,-5,-1
6.02974,-407,316,-29,7,-5,-1
6.02983,-407,316,-29,7,-5,-1
6.02986,-404,320,-32,7,-5,-1
6.02991,-404,320,-32,7,-5,-1
6.08265,-396,319,-26,7,-5,-1
6.08270,-396,319,-26,7,-5,-1
6.08286,-406,319,-26,7,-5,-1
6.08288,-406,319,-26,7,-5,-1
6.08290,-407,320,-29,7,-5,-1
6.08292,-407,320,-29,7,-5,-1
6.08307,-407,320,-29,7,-5,-1
6.08312,-406,320,-34,7,-5,-1
6.08325,-406,320,-34,7,-5,-1
6.08329,-408,317,-36,7,-5,-1
6.08331,-408,317,-36,7,-5,-1
6.08333,-408,317,-36,7,-5,-1
6.08344,-406,318,-35,7,-5,-1
6.08346,-406,318,-35,7,-5,-1
6.08348,-400,322,-32,7,-5,-1
6.08363,-400,322,-32,7,-5,-1
6.13394,-406,319,-27,7,-5,-1
6.13401,-406,319,-27,7,-5,-1
6.13409,-406,319,-27,7,-5,-1
6.13415,-405,319,-27,7,-5,-1
6.13417,-405,319,-27,7,-5,-1
6.13419,-398,320,-28,7,-5,-1
6.13426,-398,320,-28,7,-5,-1
6.13432,-398,320,-28,7,-5,-1
6.13434,-397,320,-26,7,-5,-1
6.13443,-397,320,-26,7,-5,-1
6.13446,-404,318,-24,7,-5,-1
6.13448,-404,318,-24,7,-5,-1
6.13449,-404,318,-24,7,-5,-1
6.13461,-404,319,-26,7,-5,-1
6.13469,-404,319,-26,7,-5,-1
6.13471,-404,319,-26,7,-5,-1
6.18523,-400,321,-27,7,-5,-1
6.18528,-398,321,-24,7,-5,-1
6.18537,-398,321,-24,7,-5,-1
6.18547,-398,321,-24,7,-5,-1
6.18550,-403,317,-23,7,-5,-1
6.18555,-403,317,-23,7,-5,-1
6.18557,-401,319,-25,7,-5,-1
6.18565,-401,319,-25,7,-5,-1
6.18569,-401,319,-25,7,-5,-1
6.18572,-397,322,-28,7,-5,-1
6.18574,-397,322,-28,7,-5,-1
6.18581,-404,320,-28,7,-5,-1
6.18584,-404,320,-28,7,-5,-1
6.18592,-404,320,-28,7,-5,-1
6.18594,-411,317,-30,7,-5,-1
6.18596,-411,317,-30,7,-5,-1
6.24104,-402,320,-23,7,-5,-1
6.24109,-404,321,-28,7,-5,-1
6.24120,-404,321,-28,7,-5,-1
6.24122,-404,321,-28,7,-5,-1
6.24124,-402,320,-30,7,-5,-1
6.24125,-402,320,-30,7,-5,-1
6.24126,-405,319,-30,7,-5,-1
6.24127,-405,319,-30,7,-5,-1
6.24127,-405,319,-30,7,-5,-1
6.24139,-409,319,-31,7,-5,-1
6.24141,-409,319,-31,7,-5,-1
6.24145,-404,322,-32,7,-5,-1
6.24146,-404,322,-32,7,-5,-1
6.24147,-404,322,-32,7,-5,-1
6.24147,-401,322,-27,7,-5,-1
6.24154,-401,322,-27,7,-5,-1
6.29401,-404,319,-27,7,-5,-1
6.29407,-404,320,-25,7,-5,-1
6.29414,-404,320,-25,7,-5,-1
6.29416,-400,323,-27,7,-5,-1
6.29426,-400,323,-27,7,-5,-1
6.29430,-400,323,-27,7,-5,-1
6.29441,-398,322,-27,7,-5,-1
6.29448,-402,319,-24,7,-5,-1
6.29452,-402,319,-24,7,-5,-1
6.29454,-402,319,-24,7,-5,-1
6.29461,-406,317,-24,7,-5,-1
6.29464,-406,317,-24,7,-5,-1
6.29472,-405,318,-28,7,-5,-1
6.29476,-405,318,-28,7,-5,-1
6.29485,-405,318,-28,7,-5,-1
6.29489,-406,318,-30,7,-5,-1
6.34987,-404,319,-27,7,-5,-1
6.34992,-404,319,-27,7,-5,-1
6.34998,-404,319,-27,7,-5,-1
6.35004,-403,321,-29,7,-5,-1
6.35005,-403,321,-29,7,-5,-1
6.35011,-403,321,-30,7,-5,-1
6.35017,-403,321,-30,7,-5,-1
6.35021,-403,321,-30,7,-5,-1
6.35022,-405,319,-29,7,-5,-1
6.35026,-405,319,-29,7,-5,-1
6.35027,-405,320,-28,7,-5,-1
6.35030,-405,320,-28,7,-5,-1
6.35035,-405,320,-28,7,-5,-1
6.35036,-402,322,-28,7,-5,-1
6.35038,-402,322,-28,7,-5,-1
6.35042,-400,321,-26,7,-5,-1
6.40279,-402,320,-28,7,-5,-1
6.40287,-399,321,-22,7,-5,-1
6.40290,-399,321,-22,7,-5,-1
6.40292,-399,321,-22,7,-5,-1
6.40302,-401,320,-20,7,-5,-1
6.40307,-401,320,-20,7,-5,-1
6.40311,-403,319,-25,7,-5,-1
6.40325,-403,319,-25,7,-5,-1
6.40329,-403,319,-25,7,-5,-1
6.40332,-399,320,-29,7,-5,-1
6.40343,-399,320,-29,7,-5,-1
6.40346,-402,319,-28,7,-5,-1
6.40348,-402,319,-28,7,-5,-1
6.40354,-402,319,-28,7,-5,-1
6.40362,-414,316,-29,7,-5,-1
6.40366,-414,316,-29,7,-5,-1
6.45710,-402,320,-25,7,-5,-1
6.45732,-402,320,-26,7,-5,-1
6.45746,-402,320,-26,7,-5,-1
6.45758,-406,319,-28,7,-5,-1
6.45808,-406,319,-28,7,-5,-1
6.45814,-406,319,-28,7,-5,-1
6.45820,-409,318,-32,7,-5,-1
6.45825,-409,318,-32,7,-5,-1
6.45829,-405,319,-33,7,-5,-1
6.45839,-405,319,-33,7,-5,-1
6.45843,-405,319,-33,7,-5,-1
6.45847,-400,321,-28,7,-5,-1
6.45851,-400,321,-28,7,-5,-1
6.45854,-405,320,-26,7,-5,-1
6.45857,-405,320,-26,7,-5,-1
6.45859,-405,320,-26,7,-5,-1
6.51111,-406,319,-29,7,-5,-1
6.51116,-406,319,-29,7,-5,-1
6.51123,-403,319,-27,7,-5,-1
6.51125,-403,319,-27,7,-5,-1
6.51135,-403,319,-27,7,-5,-1
6.51139,-398,321,-28,7,-5,-1
6.51141,-399,320,-25,7,-5,-1
6.51145,-399,320,-25,7,-5,-1
6.51146,-399,320,-25,7,-5,-1
6.51147,-403,318,-24,7,-5,-1
6.51149,-403,318,-24,7,-5,-1
6.51155,-403,319,-27,7,-5,-1
6.51156,-403,319,-27,7,-5,-1
6.51163,-403,319,-27,7,-5,-1
6.51170,-403,321,-31,7,-5,-1
6.51173,-403,321,-31,7,-5,-1
6.56341,-403,318,-26,7,-5,-1
6.56353,-403,318,-26,7,-5,-1
6.56359,-403,318,-26,7,-5,-1
6.56371,-403,318,-29,7,-5,-1
6.56372,-403,318,-29,7,-5,-1
6.56374,-403,320,-29,7,-5,-1
6.56376,-403,320,-29,7,-5,-1
6.56390,-403,320,-29,7,-5,-1
6.56392,-407,319,-30,7,-5,-1
6.56393,-407,319,-30,7,-5,-1
6.56395,-408,320,-31,7,-5,-1
6.56398,-408,320,-31,7,-5,-1
6.56411,-408,320,-31,7,-5,-1
6.56413,-405,321,-31,7,-5,-1
6.56419,-405,321,-31,7,-5,-1
6.56424,-403,320,-29,7,-5,-1
6.61928,-406,316,-31,7,-5,-1
6.61937,-408,318,-33,7,-5,-1
6.61958,-408,318,-33,7,-5,-1
6.61963,-408,319,-34,7,-5,-1
6.61965,-408,319,-34,7,-5,-1
6.61971,-408,319,-34,7,-5,-1
6.61975,-401,320,-31,7,-5,-1
6.61982,-401,320,-31,7,-5,-1
6.61986,-399,320,-25,7,-5,-1
6.61990,-399,320,-25,7,-5,-1
6.61991,-399,320,-25,7,-5,-1
6.61994,-403,320,-23,7,-5,-1
6.61996,-403,320,-23,7,-5,-1
6.62000,-400,320,-27,7,-5,-1
6.62003,-400,320,-27,7,-5,-1
6.62006,-400,320,-27,7,-5,-1
6.67219,-398,321,-26,7,-5,-1
6.67229,-398,321,-26,7,-5,-1
6.67252,-401,319,-28,7,-5,-1
6.67284,-401,319,-28,7,-5,-1
6.67332,-401,319,-28,7,-5,-1
6.67371,-403,319,-31,7,-5,-1
6.67390,-403,319,-31,7,-5,-1
6.67393,-407,321,-33,7,-5,-1
6.67413,-407,321,-33,7,-5,-1
6.67417,-407,321,-33,7,-5,-1
6.67419,-405,322,-32,7,-5,-1
6.67422,-405,322,-32,7,-5,-1
6.67428,-401,321,-29,7,-5,-1
6.67439,-401,321,-29,7,-5,-1
6.67444,-401,321,-29,7,-5,-1
6.67452,-406,319,-25,7,-5,-1
6.72586,-402,322,-35,7,-5,-1
6.72592,-402,322,-35,7,-5,-1
6.72600,-405,320,-30,7,-5,-1
6.72611,-405,320,-30,7,-5,-1
6.72614,-405,320,-27,7,-5,-1
6.72616,-405,320,-27,7,-5,-1
6.72617,-405,320,-27,7,-5,-1
6.72619,-398,321,-26,7,-5,-1
6.72620,-398,321,-26,7,-5,-1
6.72623,-397,321,-25,7,-5,-1
6.72633,-397,321,-25,7,-5,-1
6.72637,-397,321,-25,7,-5,-1
6.72639,-404,318,-25,7,-5,-1
6.72648,-404,318,-25,7,-5,-1
6.72650,-405,319,-26,7,-5,-1
6.72651,-405,319,-26,7,-5,-1
6.78158,-399,320,-24,7,-5,-1
6.78161,-399,320,-24,7,-5,-1
6.78162,-399,320,-24,7,-5,-1
6.78168,-402,318,-24,7,-5,-1
6.78169,-402,318,-24,7,-5,-1
6.78170,-406,318,-29,7,-5,-1
6.78171,-406,318,-29,7,-5,-1
6.78172,-406,318,-29,7,-5,-1
6.78184,-404,320,-32,7,-5,-1
6.78185,-404,320,-32,7,-5,-1
6.78185,-405,320,-28,7,-5,-1
6.78190,-405,320,-28,7,-5,-1
6.78190,-405,320,-28,7,-5,-1
6.78191,-409,318,-29,7,-5,-1
6.78191,-409,318,-29,7,-5,-1
6.78191,-404,319,-32,7,-5,-1
6.83383,-405,320,-35,7,-5,-1
6.83390,-400,323,-32,7,-5,-1
6.83390,-400,323,-32,7,-5,-1
6.83396,-400,323,-32,7,-5,-1
6.83397,-404,321,-26,7,-5,-1
6.83403,-404,321,-26,7,-5,-1
6.83404,-404,320,-22,7,-5,-1
6.83405,-404,320,-22,7,-5,-1
6.83407,-404,320,-22,7,-5,-1
6.83415,-400,322,-23,7,-5,-1
6.83416,-400,322,-23,7,-5,-1
6.83417,-400,322,-25,7,-5,-1
6.83418,-400,322,-25,7,-5,-1
6.83419,-400,322,-25,7,-5,-1
6.83419,-403,319,-26,7,-5,-1
6.83420,-403,319,-26,7,-5,-1
6.88659,-399,320,-23,7,-5,-1
6.88662,-399,320,-23,7,-5,-1
6.88663,-399,320,-23,7,-5,-1
6.88671,-398,320,-26,7,-5,-1
6.88674,-398,320,-26,7,-5,-1
6.88675,-399,320,-26,7,-5,-1
6.88684,-399,320,-26,7,-5,-1
6.88684,-399,320,-26,7,-5,-1
6.88685,-405,319,-26,7,-5,-1
6.88694,-405,319,-26,7,-5,-1
6.88695,-409,318,-29,7,-5,-1
6.88698,-409,318,-29,7,-5,-1
6.88698,-409,318,-29,7,-5,-1
6.88699,-407,321,-32,7,-5,-1
6.88700,-407,321,-32,7,-5,-1
6.88701,-405,321,-31,7,-5,-1
6.94194,-408,319,-25,7,-5,-1
6.94196,-408,319,-25,7,-5,-1
6.94202,-410,318,-31,7,-5,-1
6.94205,-410,318,-31,7,-5,-1
6.94206,-410,318,-31,7,-5,-1
6.94209,-403,322,-34,7,-5,-1
6.94210,-403,322,-34,7,-5,-1
6.94211,-406,320,-31,7,-5,-1
6.94211,-406,320,-31,7,-5,-1
6.94212,-406,320,-31,7,-5,-1
6.94212,-407,316,-30,7,-5,-1
6.94218,-407,316,-30,7,-5,-1
6.94219,-399,320,-28,7,-5,-1
6.94220,-399,320,-28,7,-5,-1
6.94220,-399,320,-28,7,-5,-1
6.94221,-399,323,-25,7,-5,-1
6.99625,-401,321,-26,7,-5,-1
6.99627,-401,321,-26,7,-5,-1
6.99635,-401,321,-26,7,-5,-1
6.99639,-396,322,-28,7,-5,-1
6.99639,-396,322,-28,7,-5,-1
6.99649,-399,318,-27,7,-5,-1
6.99649,-399,318,-27,7,-5,-1
6.99650,-399,318,-27,7,-5,-1
6.99650,-404,317,-27,7,-5,-1
6.99651,-404,317,-27,7,-5,-1
6.99651,-404,320,-31,7,-5,-1
6.99651,-404,320,-31,7,-5,-1
6.99653,-404,320,-31,7,-5,-1
6.99657,-404,320,-32,7,-5,-1
6.99657,-404,320,-32,7,-5,-1
6.99659,-408,317,-29,7,-5,-1
7.04905,-407,320,-31,7,-5,-1
7.04907,-407,320,-31,7,-5,-1
7.04908,-404,322,-30,7,-5,-1
7.04915,-404,322,-30,7,-5,-1
7.04920,-405,321,-29,7,-5,-1
7.04921,-405,321,-29,7,-5,-1
7.04929,-405,321,-29,7,-5,-1
7.04938,-405,320,-28,7,-5,-1
7.04939,-405,320,-28,7,-5,-1
7.04939,-401,320,-26,7,-5,-1
7.04947,-401,320,-26,7,-5,-1
7.04948,-401,320,-26,7,-5,-1
7.04948,-398,318,-24,7,-5,-1
7.04949,-398,318,-24,7,-5,-1
7.04950,-399,317,-24,7,-5,-1
7.04962,-399,317,-24,7,-5,-1
7.10105,-471,261,-226,7,-5,-1
7.10110,-380,278,-239,7,-5,-1
7.10117,-380,278,-239,7,-5,-1
7.10119,-380,278,-239,7,-5,-1
7.10133,-327,311,-212,7,-5,-1
7.10142,-327,311,-212,7,-5,-1
7.10145,-386,323,-223,7,-5,-1
7.10148,-386,323,-223,7,-5,-1
7.10164,-386,323,-223,7,-5,-1
7.10187,-448,295,-281,7,-5,-1
7.10194,-448,295,-281,7,-5,-1
7.10206,-395,290,-265,7,-5,-1
7.10209,-395,290,-265,7,-5,-1
7.10211,-395,290,-265,7,-5,-1
7.10215,-351,313,-143,7,-5,-1
7.10217,-351,313,-143,7,-5,-1
7.15738,-443,308,-112,7,-5,-1
7.15754,-443,308,-112,7,-5,-1
7.15760,-433,288,-63,7,-5,-1
7.15766,-433,288,-63,7,-5,-1
7.15774,-433,288,-63,7,-5,-1
7.15779,-400,290,-17,7,-5,-1
7.15785,-400,290,-17,7,-5,-1
7.15787,-388,314,-47,7,-5,-1
7.15796,-388,314,-47,7,-5,-1
7.15800,-388,314,-47,7,-5,-1
7.15804,-399,321,-156,7,-5,-1
7.15808,-399,321,-156,7,-5,-1
7.15813,-399,321,-191,7,-5,-1
7.15815,-399,321,-191,7,-5,-1
7.15819,-399,321,-191,7,-5,-1
7.15825,-381,354,-54,7,-5,-1
7.20856,-417,298,-156,7,-5,-1
7.20860,-434,306,-74,7,-5,-1
7.20867,-434,306,-74,7,-5,-1
7.20875,-409,300,-41,7,-5,-1
7.20877,-409,300,-41,7,-5,-1
7.20879,-409,300,-41,7,-5,-1
7.20884,-416,296,-78,7,-5,-1
7.20889,-416,296,-78,7,-5,-1
7.20891,-436,302,-173,7,-5,-1
7.20893,-436,302,-173,7,-5,-1
7.20894,-436,302,-173,7,-5,-1
7.20898,-391,311,-258,7,-5,-1
7.20900,-391,311,-258,7,-5,-1
7.20902,-362,346,-256,7,-5,-1
7.20904,-362,346,-256,7,-5,-1
7.20906,-362,346,-256,7,-5,-1
7.26068,-438,317,96,7,-5,-1
7.26074,-414,296,-15,7,-5,-1
7.26080,-414,296,-15,7,-5,-1
7.26083,-413,314,-104,7,-5,-1
7.26095,-413,314,-104,7,-5,-1
7.26098,-413,314,-104,7,-5,-1
7.26100,-440,312,-180,7,-5,-1
7.26110,-440,312,-180,7,-5,-1
7.26114,-413,305,-207,7,-5,-1
7.26119,-413,305,-207,7,-5,-1
7.26123,-413,305,-207,7,-5,-1
7.26129,-359,317,-153,7,-5,-1
7.26131,-359,317,-153,7,-5,-1
7.26135,-340,321,-77,7,-5,-1
7.26142,-340,321,-77,7,-5,-1
7.26146,-340,321,-77,7,-5,-1
7.31209,-372,305,-126,7,-5,-1
7.31216,-372,305,-126,7,-5,-1
7.31225,-386,337,-381,7,-5,-1
7.31235,-386,337,-381,7,-5,-1
7.31241,-386,337,-381,7,-5,-1
7.31254,-388,334,-475,7,-5,-1
7.31258,-388,334,-475,7,-5,-1
7.31260,-368,333,-282,7,-5,-1
7.31266,-368,333,-282,7,-5,-1
7.31268,-368,333,-282,7,-5,-1
7.31280,-420,320,66,7,-5,-1
7.31282,-420,320,66,7,-5,-1
7.31285,-467,284,318,7,-5,-1
7.31287,-467,284,318,7,-5,-1
7.31291,-467,284,318,7,-5,-1
7.31299,-425,296,335,7,-5,-1
7.36771,-337,362,74,7,-5,-1
7.36778,-337,362,74,7,-5,-1
7.36781,-397,332,114,7,-5,-1
7.36782,-397,332,114,7,-5,-1
7.36789,-397,332,114,7,-5,-1
7.36793,-449,305,80,7,-5,-1
7.36795,-449,305,80,7,-5,-1
7.36803,-385,319,-4,7,-5,-1
7.36809,-385,319,-4,7,-5,-1
7.36811,-385,319,-4,7,-5,-1
7.36812,-360,323,-120,7,-5,-1
7.36814,-360,323,-120,7,-5,-1
7.36828,-408,305,-219,7,-5,-1
7.36832,-408,305,-219,7,-5,-1
7.36835,-408,305,-219,7,-5,-1
7.36836,-432,303,-225,7,-5,-1
7.42196,-413,306,54,7,-5,-1
7.42250,-413,306,54,7,-5,-1
7.42270,-376,314,74,7,-5,-1
7.42289,-376,314,74,7,-5,-1
7.42291,-413,294,-22,7,-5,-1
7.42293,-413,294,-22,7,-5,-1
7.42294,-471,278,-255,7,-5,-1
7.42295,-471,278,-255,7,-5,-1
7.42310,-415,310,-480,7,-5,-1
7.42311,-415,310,-480,7,-5,-1
7.42313,-355,320,-500,7,-5,-1
7.42317,-355,320,-500,7,-5,-1
7.42319,-355,320,-500,7,-5,-1
7.42320,-376,314,-270,7,-5,-1
7.42329,-376,314,-270,7,-5,-1
7.42333,-409,309,85,7,-5,-1
7.47463,-382,322,-166,7,-5,-1
7.47468,-372,317,-141,7,-5,-1
7.47474,-372,317,-141,7,-5,-1
7.47476,-438,270,-159,7,-5,-1
7.47484,-438,270,-159,7,-5,-1
7.47486,-435,254,-282,7,-5,-1
7.47488,-435,254,-282,7,-5,-1
7.47489,-435,254,-282,7,-5,-1
7.47492,-396,277,-436,7,-5,-1
7.47493,-396,277,-436,7,-5,-1
7.47496,-404,296,-540,7,-5,-1
7.47497,-404,296,-540,7,-5,-1
7.47504,-404,296,-540,7,-5,-1
7.47508,-410,316,-522,7,-5,-1
7.47509,-410,316,-522,7,-5,-1
7.47511,-385,325,-291,7,-5,-1
7.53010,-373,331,-218,7,-5,-1
7.53015,-416,304,12,7,-5,-1
7.53029,-416,304,12,7,-5,-1
7.53031,-493,262,160,7,-5,-1
7.53040,-493,262,160,7,-5,-1
7.53045,-493,262,160,7,-5,-1
7.53046,-446,299,181,7,-5,-1
7.53059,-446,299,181,7,-5,-1
7.53062,-329,369,67,7,-5,-1
7.53064,-329,369,67,7,-5,-1
7.53072,-329,369,67,7,-5,-1
7.53079,-354,359,-142,7,-5,-1
7.53081,-354,359,-142,7,-5,-1
7.53087,-431,296,-229,7,-5,-1
7.53090,-431,296,-229,7,-5,-1
7.53092,-431,296,-229,7,-5,-1
7.58194,-460,296,-59,7,-5,-1
7.58199,-460,296,-59,7,-5,-1
7.58207,-460,296,-59,7,-5,-1
7.58210,-460,293,-21,7,-5,-1
7.58213,-460,293,-21,7,-5,-1
7.58222,-416,315,61,7,-5,-1
7.58225,-416,315,61,7,-5,-1
7.58229,-416,315,61,7,-5,-1
7.58234,-386,345,137,7,-5,-1
7.58236,-386,345,137,7,-5,-1
7.58237,-352,362,138,7,-5,-1
7.58239,-352,362,138,7,-5,-1
7.58241,-352,362,138,7,-5,-1
7.58250,-361,352,48,7,-5,-1
7.58252,-361,352,48,7,-5,-1
7.58254,-396,335,-54,7,-5,-1
7.63767,-391,316,-112,7,-5,-1
7.63774,-391,316,-112,7,-5,-1
7.63784,-391,316,-112,7,-5,-1
7.63791,-408,303,-79,7,-5,-1
7.63818,-408,303,-79,7,-5,-1
7.63823,-427,280,-23,7,-5,-1
7.63825,-427,280,-23,7,-5,-1
7.63827,-427,280,-23,7,-5,-1
7.63832,-440,304,36,7,-5,-1
7.63841,-440,304,36,7,-5,-1
7.63843,-420,328,35,7,-5,-1
7.63845,-420,328,35,7,-5,-1
7.63852,-420,328,35,7,-5,-1
7.63855,-404,317,-39,7,-5,-1
7.63860,-404,317,-39,7,-5,-1
7.63864,-403,335,-64,7,-5,-1
7.69117,-379,339,152,7,-5,-1
7.69122,-428,337,50,7,-5,-1
7.69123,-428,337,50,7,-5,-1
7.69129,-389,369,11,7,-5,-1
7.69134,-389,369,11,7,-5,-1
7.69140,-389,369,11,7,-5,-1
7.69141,-337,382,60,7,-5,-1
7.69148,-337,382,60,7,-5,-1
7.69153,-400,351,148,7,-5,-1
7.69157,-400,351,148,7,-5,-1
7.69158,-400,351,148,7,-5,-1
7.69159,-442,327,220,7,-5,-1
7.69171,-442,327,220,7,-5,-1
7.69180,-360,363,240,7,-5,-1
7.69182,-360,363,240,7,-5,-1
7.69189,-360,363,240,7,-5,-1
7.74397,-432,299,-45,7,-5,-1
7.74402,-432,299,-45,7,-5,-1
7.74408,-473,292,-8,7,-5,-1
7.74410,-473,292,-8,7,-5,-1
7.74412,-390,324,37,7,-5,-1
7.74414,-390,324,37,7,-5,-1
7.74422,-390,324,37,7,-5,-1
7.74424,-351,342,40,7,-5,-1
7.74427,-351,342,40,7,-5,-1
7.74431,-425,314,-31,7,-5,-1
7.74433,-425,314,-31,7,-5,-1
7.74434,-425,314,-31,7,-5,-1
7.74435,-443,306,-103,7,-5,-1
7.74436,-443,306,-103,7,-5,-1
7.74437,-354,355,-85,7,-5,-1
7.74443,-354,355,-85,7,-5,-1
7.79770,-409,323,28,7,-5,-1
7.79776,-409,323,28,7,-5,-1
7.79793,-419,314,13,7,-5,-1
7.79796,-419,314,13,7,-5,-1
7.79799,-409,315,-34,7,-5,-1
7.79800,-409,315,-34,7,-5,-1
7.79812,-409,315,-34,7,-5,-1
7.79819,-383,324,-68,7,-5,-1
7.79821,-383,324,-68,7,-5,-1
7.79824,-384,325,-73,7,-5,-1
7.79831,-384,325,-73,7,-5,-1
7.79835,-384,325,-73,7,-5,-1
7.79836,-411,317,-59,7,-5,-1
7.79837,-411,317,-59,7,-5,-1
7.79842,-415,316,-29,7,-5,-1
7.79848,-415,316,-29,7,-5,-1
7.85165,-400,322,-18,7,-5,-1
7.85170,-400,322,-18,7,-5,-1
7.85177,-413,313,-38,7,-5,-1
7.85180,-413,313,-38,7,-5,-1
7.85190,-396,320,-47,7,-5,-1
7.85192,-396,320,-47,7,-5,-1
7.85198,-396,320,-47,7,-5,-1
7.85200,-386,326,-42,7,-5,-1
7.85208,-386,326,-42,7,-5,-1
7.85212,-409,315,-36,7,-5,-1
7.85213,-409,315,-36,7,-5,-1
7.85226,-409,315,-36,7,-5,-1
7.85229,-420,309,-28,7,-5,-1
7.85231,-420,309,-28,7,-5,-1
7.85234,-402,318,-15,7,-5,-1
7.85236,-402,318,-15,7,-5,-1
7.90545,-403,322,-26,7,-5,-1
7.90551,-403,322,-26,7,-5,-1
7.90552,-403,322,-26,7,-5,-1
7.90553,-404,325,-22,7,-5,-1
7.90564,-404,325,-22,7,-5,-1
7.90615,-406,321,-21,7,-5,-1
7.90629,-406,321,-21,7,-5,-1
7.90632,-399,320,-24,7,-5,-1
7.90636,-399,320,-24,7,-5,-1
7.90642,-393,320,-30,7,-5,-1
7.90655,-393,320,-30,7,-5,-1
7.90660,-393,320,-30,7,-5,-1
7.90678,-400,318,-32,7,-5,-1
7.90688,-400,318,-32,7,-5,-1
7.90690,-407,320,-31,7,-5,-1
7.90692,-407,320,-31,7,-5,-1
7.95726,-400,321,-26,7,-5,-1
7.95733,-400,321,-26,7,-5,-1
7.95740,-400,321,-26,7,-5,-1
7.95745,-402,323,-20,7,-5,-1
7.95749,-402,323,-20,7,-5,-1
7.95751,-402,323,-24,7,-5,-1
7.95752,-402,323,-24,7,-5,-1
7.95753,-402,323,-24,7,-5,-1
7.95759,-400,321,-31,7,-5,-1
7.95764,-400,321,-37,7,-5,-1
7.95765,-400,321,-37,7,-5,-1
7.95766,-400,321,-37,7,-5,-1
7.95768,-403,320,-38,7,-5,-1
7.95768,-403,320,-38,7,-5,-1
7.95775,-409,316,-33,7,-5,-1
7.95778,-409,316,-33,7,-5,-1
8.01012,-401,323,-31,7,-5,-1
8.01023,-401,323,-31,7,-5,-1
8.01035,-395,325,-20,7,-5,-1
8.01039,-395,325,-20,7,-5,-1
8.01042,-401,321,-16,7,-5,-1
8.01045,-401,321,-16,7,-5,-1
8.01048,-409,318,-23,7,-5,-1
8.01058,-409,318,-23,7,-5,-1
8.01071,-404,321,-30,7,-5,-1
8.01076,-404,321,-30,7,-5,-1
8.01082,-404,321,-30,7,-5,-1
8.01085,-401,322,-35,7,-5,-1
8.01087,-401,322,-35,7,-5,-1
8.01089,-402,319,-36,7,-5,-1
8.01089,-402,319,-36,7,-5,-1
8.01093,-402,319,-36,7,-5,-1
8.06586,-406,321,-23,7,-5,-1
8.06592,-406,321,-23,7,-5,-1
8.06603,-408,321,-19,7,-5,-1
8.06606,-408,321,-19,7,-5,-1
8.06609,-408,321,-19,7,-5,-1
8.06618,-404,322,-25,7,-5,-1
8.06624,-404,322,-25,7,-5,-1
8.06632,-396,323,-35,7,-5,-1
8.06640,-396,323,-35,7,-5,-1
8.06649,-396,323,-35,7,-5,-1
8.06654,-399,322,-42,7,-5,-1
8.06667,-399,322,-42,7,-5,-1
8.06671,-402,319,-40,7,-5,-1
8.06677,-402,319,-40,7,-5,-1
8.06684,-402,319,-40,7,-5,-1
8.06686,-397,321,-29,7,-5,-1
8.11874,-402,317,-31,7,-5,-1
8.11878,-400,319,-31,7,-5,-1
8.11884,-400,319,-31,7,-5,-1
8.11890,-400,319,-31,7,-5,-1
8.11894,-403,319,-27,7,-5,-1
8.11896,-403,319,-27,7,-5,-1
8.11897,-408,318,-19,7,-5,-1
8.11898,-408,318,-19,7,-5,-1
8.11903,-408,318,-19,7,-5,-1
8.11905,-407,318,-15,7,-5,-1
8.11909,-407,318,-15,7,-5,-1
8.11911,-405,320,-19,7,-5,-1
8.11917,-405,320,-19,7,-5,-1
8.11918,-405,320,-19,7,-5,-1
8.11921,-404,320,-26,7,-5,-1
8.11922,-404,320,-26,7,-5,-1
8.17345,-405,319,-28,7,-5,-1
8.17365,-403,321,-30,7,-5,-1
8.17372,-403,321,-30,7,-5,-1
8.17375,-403,320,-31,7,-5,-1
8.17391,-403,320,-31,7,-5,-1
8.17396,-403,320,-31,7,-5,-1
8.17399,-399,320,-30,7,-5,-1
8.17409,-399,320,-30,7,-5,-1
8.17412,-396,320,-26,7,-5,-1
8.17434,-396,320,-26,7,-5,-1
8.17442,-396,320,-26,7,-5,-1
8.17465,-401,316,-24,7,-5,-1
8.17467,-401,316,-24,7,-5,-1
8.17473,-403,315,-27,7,-5,-1
8.17486,-403,315,-27,7,-5,-1
8.17489,-403,315,-27,7,-5,-1
8.22956,-404,319,-35,7,-5,-1
8.22962,-404,319,-28,7,-5,-1
8.22969,-404,319,-28,7,-5,-1
8.22973,-404,319,-28,7,-5,-1
8.22983,-402,320,-20,7,-5,-1
8.22988,-402,320,-20,7,-5,-1
8.22990,-406,319,-18,7,-5,-1
8.23004,-406,319,-18,7,-5,-1
8.23011,-406,319,-18,7,-5,-1
8.23014,-409,319,-23,7,-5,-1
8.23021,-409,319,-23,7,-5,-1
8.23025,-405,321,-30,7,-5,-1
8.23027,-405,321,-30,7,-5,-1
8.23028,-405,321,-30,7,-5,-1
8.23040,-403,320,-34,7,-5,-1
8.23046,-403,320,-34,7,-5,-1
8.28403,-401,320,-27,7,-5,-1
8.28410,-401,320,-27,7,-5,-1
8.28418,-404,322,-27,7,-5,-1
8.28426,-404,322,-27,7,-5,-1
8.28430,-405,321,-31,7,-5,-1
8.28437,-405,321,-31,7,-5,-1
8.28440,-401,320,-32,7,-5,-1
8.28448,-401,320,-32,7,-5,-1
8.28454,-401,320,-32,7,-5,-1
8.28456,-399,320,-25,7,-5,-1
8.28459,-399,320,-25,7,-5,-1
8.28460,-403,319,-21,7,-5,-1
8.28463,-403,319,-21,7,-5,-1
8.28470,-403,319,-21,7,-5,-1
8.28475,-409,319,-24,7,-5,-1
8.28479,-409,319,-24,7,-5,-1
8.33936,-400,318,-31,7,-5,-1
8.34007,-404,319,-32,7,-5,-1
8.34011,-404,319,-32,7,-5,-1
8.34032,-404,319,-32,7,-5,-1
8.34035,-409,319,-30,7,-5,-1
8.34038,-409,319,-30,7,-5,-1
8.34040,-407,319,-28,7,-5,-1
8.34053,-407,319,-28,7,-5,-1
8.34057,-407,319,-28,7,-5,-1
8.34060,-405,320,-26,7,-5,-1
8.34063,-405,320,-26,7,-5,-1
8.34065,-403,321,-24,7,-5,-1
8.34069,-403,321,-24,7,-5,-1
8.34073,-398,321,-26,7,-5,-1
8.34075,-398,321,-26,7,-5,-1
8.34078,-399,322,-28,7,-5,-1
8.39126,-400,321,-34,7,-5,-1
8.39131,-399,320,-30,7,-5,-1
8.39138,-399,320,-30,7,-5,-1
8.39140,-399,320,-30,7,-5,-1
8.39147,-401,319,-23,7,-5,-1
8.39151,-401,319,-23,7,-5,-1
8.39158,-402,319,-19,7,-5,-1
8.39160,-402,319,-19,7,-5,-1
8.39161,-402,319,-19,7,-5,-1
8.39164,-403,320,-22,7,-5,-1
8.39169,-403,319,-28,7,-5,-1
8.39171,-403,319,-28,7,-5,-1
8.39177,-403,319,-28,7,-5,-1
8.39179,-403,318,-33,7,-5,-1
8.39180,-403,318,-33,7,-5,-1
8.39183,-405,320,-33,7,-5,-1
8.44517,-400,320,-30,7,-5,-1
8.44523,-399,321,-27,7,-5,-1
8.44530,-398,322,-23,7,-5,-1
8.44532,-398,322,-23,7,-5,-1
8.44547,-404,320,-20,7,-5,-1
8.44551,-406,320,-22,7,-5,-1
8.44556,-401,322,-27,7,-5,-1
8.44559,-401,322,-27,7,-5,-1
8.44560,-400,322,-32,7,-5,-1
8.44561,-402,320,-35,7,-5,-1
8.44562,-398,321,-31,7,-5,-1
8.44565,-398,321,-31,7,-5,-1
8.44566,-398,321,-25,7,-5,-1
8.44567,-402,319,-23,7,-5,-1
9.45848,-400,320,-25,-115,112,18
9.45853,-400,325,-19,-115,112,18
9.45857,-400,325,-19,-115,112,18
9.45858,-425,313,35,-115,112,18
9.45859,-425,313,35,-115,112,18
9.45865,-433,311,32,-115,112,18
9.45872,-433,311,32,-115,112,18
9.45878,-433,311,32,-115,112,18
9.45879,-380,325,-100,-115,112,18
9.45882,-380,325,-100,-115,112,18
9.45888,-353,320,-306,-115,112,18
9.45890,-353,320,-306,-115,112,18
9.45891,-353,320,-306,-115,112,18
9.45892,-387,304,-402,-198,153,-58
9.45898,-414,298,288,-198,153,-58
9.45900,-414,298,288,-198,153,-58
9.51329,-431,288,-299,-167,93,-16
9.51332,-401,300,-98,-167,93,-16
9.51334,-401,300,-98,-167,93,-16
9.51335,-417,315,71,-167,93,-16
9.51337,-417,315,71,-167,93,-16
9.51338,-417,315,71,-167,93,-16
9.51349,-423,332,160,-167,93,-16
9.51350,-423,332,160,-167,93,-16
9.51352,-409,337,147,-167,93,-16
9.51353,-409,337,147,-167,93,-16
9.51361,-409,337,147,-167,93,-16
9.51364,-368,355,103,-167,93,-16
9.51365,-368,355,103,-167,93,-16
9.51367,-323,373,50,-167,93,-16
9.51369,-323,373,50,-167,93,-16
9.51372,-323,373,50,-82,49,-35
9.56849,-395,310,117,-66,89,49
9.56883,-327,341,-138,-66,89,49
9.56888,-327,341,-138,-66,89,49
9.56896,-402,320,-35,-66,89,49
9.56904,-402,320,-35,-66,89,49
9.56905,-402,320,-35,-66,89,49
9.56906,-505,262,105,-66,89,49
9.56906,-505,262,105,-66,89,49
9.56907,-467,284,149,-66,89,49
9.56908,-467,284,149,-66,89,49
9.56909,-467,284,149,-66,89,49
9.56910,-375,335,46,-66,89,49
9.56911,-375,335,46,-66,89,49
9.56912,-380,309,-195,-66,89,49
9.56913,-380,309,-195,-66,89,49
9.56919,-380,309,-195,-66,89,49
9.62176,-367,340,-296,-303,224,-47
9.62184,-367,340,-296,-303,224,-47
9.62192,-353,346,-222,-303,224,-47
9.62194,-353,346,-222,281,-167,23
9.62209,-327,367,-294,281,-167,23
9.62214,-327,367,-294,281,-167,23
9.62217,-374,306,-469,281,-167,23
9.62221,-374,306,-469,281,-167,23
9.62227,-374,306,-469,281,-167,23
9.62242,-449,257,-491,281,-167,23
9.62249,-449,257,-491,281,-167,23
9.62266,-424,293,-306,281,-167,23
9.62276,-424,293,-306,281,-167,23
9.62290,-424,293,-306,281,-167,23
9.62325,-381,330,-72,281,-167,23
9.62335,-381,330,-72,281,-167,23
9.67754,-466,291,150,92,-45,-16
9.67767,-427,317,-171,92,-45,-16
9.67774,-427,317,-171,92,-45,-16
9.67777,-378,342,-226,92,-45,-16
9.67790,-378,342,-226,92,-45,-16
9.67793,-378,342,-226,92,-45,-16
9.67795,-357,338,-70,92,-45,-16
9.67797,-357,338,-70,92,-45,-16
9.67807,-415,294,98,92,-45,-16
9.67813,-415,294,98,92,-45,-16
9.67815,-415,294,98,92,-45,-16
9.67826,-474,274,130,92,-45,-16
9.67831,-474,274,130,92,-45,-16
9.67834,-455,294,-15,92,-45,-16
9.67842,-455,294,-15,92,-45,-16
9.67847,-396,314,-253,-352,193,-28
9.73010,-358,349,-139,-217,201,-15
9.73016,-428,310,-112,-217,201,-15
9.73024,-428,310,-112,-217,201,-15
9.73033,-404,316,-155,-217,201,-15
9.73037,-404,316,-155,-217,201,-15
9.73040,-404,316,-155,-217,201,-15
9.73047,-418,291,-215,-217,201,-15
9.73051,-418,291,-215,-217,201,-15
9.73066,-417,283,-249,-217,201,-15
9.73069,-417,283,-249,-217,201,-15
9.73076,-417,283,-249,-217,201,-15
9.73082,-363,331,-237,-217,201,-15
9.73085,-363,331,-237,-217,201,-15
9.73094,-356,369,-99,-217,201,-15
9.73098,-356,369,-99,-217,201,-15
9.73104,-356,369,-99,168,-116,25
9.78412,-463,270,-202,329,-282,-8
9.78418,-394,315,-127,329,-282,-8
9.78439,-394,315,-127,329,-282,-8
9.78442,-422,328,-253,329,-282,-8
9.78445,-422,328,-253,329,-282,-8
9.78448,-422,328,-253,329,-282,-8
9.78454,-413,359,-233,329,-282,-8
9.78462,-413,359,-233,329,-282,-8
9.78465,-367,364,19,329,-282,-8
9.78469,-367,364,19,329,-282,-8
9.78478,-367,364,19,329,-282,-8
9.78480,-367,328,290,329,-282,-8
9.78487,-367,328,290,329,-282,-8
9.78489,-434,303,339,329,-282,-8
9.78494,-434,303,339,329,-282,-8
9.83979,-444,304,109,5,-49,-2
9.83986,-353,325,-115,5,-49,-2
9.84007,-353,325,-115,5,-49,-2
9.84025,-388,333,-42,5,-49,-2
9.84028,-388,333,-42,5,-49,-2
9.84041,-388,333,-42,5,-49,-2
9.84058,-409,320,59,5,-49,-2
9.84061,-409,320,59,5,-49,-2
9.84063,-358,347,80,5,-49,-2
9.84066,-358,347,80,5,-49,-2
9.84068,-358,347,80,102,-65,20
9.84089,-367,316,158,102,-65,20
9.84091,-367,316,158,102,-65,20
9.84092,-405,309,-45,102,-65,20
9.84094,-405,309,-45,102,-65,20
9.84096,-405,309,-45,102,-65,20
9.89317,-432,311,111,-123,154,-105
9.89324,-459,308,37,-123,154,-105
9.89328,-459,308,37,-123,154,-105
9.89337,-447,299,-65,-123,154,-105
9.89342,-447,299,-65,-123,154,-105
9.89347,-447,299,-65,-123,154,-105
9.89361,-369,323,-129,-123,154,-105
9.89364,-369,323,-129,-123,154,-105
9.89367,-393,323,-83,-123,154,-105
9.89372,-393,323,-83,-123,154,-105
9.89381,-393,323,-83,-123,154,-105
9.89384,-483,280,-9,-123,154,-105
9.89393,-483,280,-9,-123,154,-105
9.89399,-467,254,-10,-123,154,-105
9.89403,-467,254,-10,-123,154,-105
9.89412,-387,271,-91,202,-158,57
9.94778,-348,322,-400,104,-40,-20
9.94784,-389,340,-298,104,-40,-20
9.94798,-389,340,-298,104,-40,-20
9.94801,-433,298,-341,104,-40,-20
9.94803,-433,298,-341,104,-40,-20
9.94805,-433,298,-341,104,-40,-20
9.94809,-398,275,-266,104,-40,-20
9.94811,-398,275,-266,104,-40,-20
9.94821,-385,298,-50,104,-40,-20
9.94823,-385,298,-50,104,-40,-20
9.94824,-385,298,-50,104,-40,-20
9.94826,-426,301,49,104,-40,-20
9.94828,-426,301,49,104,-40,-20
9.94829,-450,274,-93,104,-40,-20
9.94837,-450,274,-93,104,-40,-20
9.94840,-450,274,-93,104,-40,-20
10.00042,-341,347,-165,-112,132,-19
10.00057,-400,321,-40,-112,132,-19
10.00062,-400,321,-40,-112,132,-19
10.00072,-440,305,21,-112,132,-19
10.00074,-440,305,21,-112,132,-19
10.00077,-440,305,21,-112,132,-19
10.00081,-428,303,-8,-112,132,-19
10.00089,-428,303,-8,-112,132,-19
10.00090,-398,321,-56,-112,132,-19
10.00095,-398,321,-56,-112,132,-19
10.00096,-398,321,-56,-112,132,-19
10.00097,-387,331,-64,-112,132,-19
10.00102,-387,331,-64,-112,132,-19
10.00107,-396,323,-35,-112,132,-19
10.00108,-396,323,-35,-112,132,-19
10.00109,-396,323,-35,-112,132,-19
10.05149,-419,312,-9,-17,19,-6
10.05155,-419,312,-9,-17,19,-6
10.05164,-412,317,-16,-17,19,-6
10.05173,-412,317,-16,-17,19,-6
10.05178,-397,324,-26,-17,19,-6
10.05186,-397,324,-26,-17,19,-6
10.05192,-397,324,-26,-17,19,-6
10.05195,-393,323,-31,-17,19,-6
10.05199,-393,323,-31,-17,19,-6
10.05202,-392,323,-26,-17,19,-6
10.05208,-392,323,-26,-17,19,-6
10.05211,-392,323,-26,-17,19,-6
10.05215,-398,324,-26,-17,19,-6
10.05217,-398,324,-26,-17,19,-6
10.05226,-409,323,-35,3,-1,2
10.05229,-409,316,-14,3,-1,2
10.10533,-401,320,-28,3,-4,1
10.10537,-395,322,-25,3,-4,1
10.10545,-395,322,-25,3,-4,1
10.10550,-393,323,-21,3,-4,1
10.10552,-393,323,-21,3,-4,1
10.10557,-393,323,-21,3,-4,1
10.10560,-405,319,-20,3,-4,1
10.10561,-405,319,-20,3,-4,1
10.10566,-410,317,-25,3,-4,1
10.10572,-410,317,-25,3,-4,1
10.10579,-410,317,-25,3,-4,1
10.10580,-405,320,-33,3,-4,1
10.10591,-405,320,-33,3,-4,1
10.10592,-404,320,-35,3,-4,1
10.10616,-404,320,-35,3,-4,1
10.10619,-408,318,-28,0,-5,4
10.15728,-396,321,-19,-13,11,5
10.15731,-403,319,-26,-13,11,5
10.15731,-403,319,-26,-13,11,5
10.15741,-402,320,-28,-13,11,5
10.15742,-402,320,-28,-13,11,5
10.15742,-402,320,-28,-13,11,5
10.15743,-399,321,-27,-13,11,5
10.15743,-399,321,-27,-13,11,5
10.15769,-401,321,-24,-13,11,5
10.15774,-401,321,-24,-13,11,5
10.15775,-401,321,-24,-13,11,5
10.15776,-406,321,-28,-13,11,5
10.15778,-406,321,-28,-13,11,5
10.15787,-404,320,-34,-13,11,5
10.15788,-404,320,-34,-13,11,5
10.20973,-397,320,-33,-2,6,1
10.20978,-397,322,-26,-2,6,1
10.20984,-397,322,-26,-2,6,1
10.20986,-396,321,-24,-2,6,1
10.20994,-396,321,-24,-2,6,1
10.20997,-396,321,-24,-2,6,1
10.20998,-401,317,-23,-2,6,1
10.21001,-401,317,-23,-2,6,1
10.21007,-404,318,-25,-2,6,1
10.21008,-404,318,-25,-2,6,1
10.21009,-404,318,-25,-2,6,1
10.21011,-403,320,-29,-2,6,1
10.21012,-403,320,-29,-2,6,1
10.21018,-402,318,-29,-2,6,1
10.21020,-402,318,-29,-2,6,1
10.21022,-402,318,-29,9,-4,-1
10.26058,-405,317,-33,-6,5,1
10.26063,-406,320,-33,-6,5,1
10.26072,-406,320,-33,-6,5,1
10.26075,-399,323,-36,-6,5,1
10.26081,-399,323,-36,-6,5,1
10.26083,-392,322,-34,-6,5,1
10.26085,-392,322,-34,-6,5,1
10.26086,-392,322,-34,-6,5,1
10.26093,-395,319,-23,-6,5,1
10.26096,-395,319,-23,-6,5,1
10.26099,-404,317,-16,-6,5,1
10.31334,-404,317,-16,-3,6,2
10.31343,-403,323,-21,-3,6,2
10.31358,-403,323,-21,-3,6,2
10.31364,-403,322,-22,-3,6,2
10.31373,-403,322,-22,-3,6,2
10.31374,-402,319,-29,2,3,-2
10.31388,-399,320,-27,2,3,-2
10.31399,-399,320,-27,2,3,-2
10.31402,-407,317,-28,2,3,-2
10.31403,-407,317,-28,2,3,-2
10.31406,-407,317,-28,2,3,-2
10.31410,-409,317,-32,2,3,-2
10.31412,-409,317,-32,2,3,-2
10.31416,-407,319,-32,2,3,-2
10.31423,-407,319,-32,2,3,-2
10.31424,-407,319,-32,2,3,-2
10.36507,-408,319,-30,-5,2,3
10.36513,-406,319,-29,-5,2,3
10.36530,-406,319,-29,-5,2,3
10.36549,-406,318,-30,-5,2,3
10.36555,-406,318,-30,-5,2,3
10.36561,-406,318,-30,-5,2,3
10.36569,-402,319,-29,-5,2,3
10.36572,-402,319,-29,-5,2,3
10.36574,-399,322,-27,-5,2,3
10.36577,-399,322,-27,-5,2,3
10.36580,-399,322,-27,-5,2,3
10.36587,-399,321,-27,3,-5,0
10.36591,-404,319,-28,3,-5,0
10.36592,-404,319,-28,3,-5,0
10.36593,-404,320,-28,3,-5,0
10.36595,-404,320,-28,3,-5,0
10.41721,-403,318,-28,4,5,-2
10.41726,-400,321,-23,4,5,-2
10.41732,-400,321,-23,4,5,-2
10.41740,-397,322,-21,4,5,-2
10.41748,-397,322,-21,4,5,-2
10.41754,-397,322,-21,4,5,-2
10.41759,-399,321,-23,4,5,-2
10.41766,-399,321,-23,4,5,-2
10.41771,-404,320,-29,4,5,-2
10.41772,-404,320,-29,4,5,-2
10.41775,-404,320,-29,4,5,-2
10.41778,-406,320,-33,4,2,-4
10.41779,-407,319,-35,4,2,-4
10.41782,-407,319,-35,4,2,-4
10.41783,-405,319,-35,4,2,-4
10.47054,-405,319,-35,4,2,-4
10.47059,-400,320,-23,0,2,0
10.47064,-403,317,-20,0,2,0
10.47067,-403,317,-20,0,2,0
10.47076,-400,318,-22,0,2,0
10.47084,-400,318,-22,0,2,0
10.47091,-400,318,-22,0,2,0
10.47097,-402,321,-27,0,2,0
10.47099,-402,321,-27,0,2,0
10.47105,-404,321,-28,0,2,0
10.47107,-404,321,-28,0,2,0
10.47109,-404,321,-28,0,2,0
10.52231,-405,319,-29,-5,0,4
10.52251,-401,323,-28,-5,0,4
10.52266,-401,323,-28,-5,0,4
10.52272,-399,324,-27,-5,0,4
10.52275,-399,324,-27,-5,0,4
10.52277,-402,321,-25,-5,0,4
10.52278,-402,321,-25,-5,0,4
10.52286,-402,321,-25,-5,0,4
10.52293,-403,320,-27,-5,0,4
10.52297,-403,320,-27,-5,0,4
10.52299,-404,320,-31,-5,0,4
10.52314,-404,320,-31,10,-4,-1
10.52326,-407,322,-32,10,-4,-1
10.52331,-407,322,-32,10,-4,-1
10.52342,-408,323,-33,10,-4,-1
10.52356,-408,323,-33,10,-4,-1
10.57475,-405,319,-31,-7,8,0
10.57481,-402,319,-24,-7,8,0
10.57494,-402,319,-24,-7,8,0
10.57497,-398,319,-22,-7,8,0
10.57499,-398,319,-22,-7,8,0
10.57501,-398,319,-22,-7,8,0
10.57503,-398,321,-22,-7,8,0
10.57510,-398,321,-22,1,-5,-3
10.57512,-404,320,-27,1,-5,-3
10.57521,-404,320,-27,1,-5,-3
10.57529,-405,318,-28,1,-5,-3
10.57533,-405,318,-28,1,-5,-3
10.57534,-405,318,-28,1,-5,-3
10.57537,-402,318,-28,1,-5,-3
10.57540,-402,318,-28,1,-5,-3
10.57551,-401,320,-28,1,-5,-3
10.62664,-401,320,-28,2,1,-7
10.62671,-402,318,-26,2,1,-7
10.62677,-402,318,-26,2,1,-7
10.62681,-402,316,-26,2,1,-7
10.62699,-402,316,-26,2,1,-7
10.62702,-402,316,-26,2,1,-7
10.62708,-403,318,-28,2,1,-7
10.62710,-403,318,-28,2,1,-7
10.62718,-407,317,-31,2,1,-7
10.62721,-407,317,-31,2,1,-7
10.67790,-407,317,-31,-4,5,2
10.67827,-403,318,-31,-4,5,2
10.67841,-403,318,-31,-4,5,2
10.67847,-403,318,-31,-4,5,2
10.67852,-403,318,-31,-4,5,2
10.67866,-399,319,-28,-4,5,2
10.67871,-399,319,-28,-4,5,2
10.67876,-399,319,-28,-4,5,2
10.67879,-396,319,-23,-4,5,2
10.67882,-396,319,-23,-4,5,2
10.67887,-399,319,-23,5,1,3
10.67891,-400,322,-24,5,1,3
10.67894,-400,322,-24,5,1,3
10.67898,-408,320,-27,5,1,3
10.67901,-408,320,-27,5,1,3
10.67902,-408,320,-27,5,1,3
10.72933,-403,319,-28,-5,2,1
10.72936,-402,321,-26,-5,2,1
10.72937,-402,321,-26,-5,2,1
10.72938,-398,322,-25,-5,2,1
10.72939,-398,322,-25,-5,2,1
10.72949,-398,322,-25,-5,2,1
10.72953,-401,320,-25,-5,2,1
10.72957,-401,320,-25,-5,2,1
10.72962,-404,317,-28,-5,2,1
10.72966,-404,317,-28,-5,2,1
10.72968,-404,317,-28,2,-4,2
10.72984,-407,319,-34,2,-4,2
10.72985,-407,319,-34,2,-4,2
10.72987,-407,320,-34,2,-4,2
10.72988,-407,320,-34,2,-4,2
10.72989,-407,320,-33,2,-4,2
10.78409,-398,322,-25,-4,8,0
10.78413,-400,321,-24,-4,8,0
10.78418,-400,321,-24,-4,8,0
10.78420,-402,319,-25,-4,8,0
10.78425,-402,319,-25,-4,8,0
10.78428,-402,319,-25,-4,8,0
10.78430,-399,320,-24,-4,8,0
10.78431,-399,320,-24,-4,8,0
10.78432,-403,320,-23,-4,8,0
10.78433,-403,320,-23,-4,8,0
10.78439,-403,320,-23,-4,8,0
10.83615,-410,320,-25,-2,-2,6
10.83621,-404,321,-30,-2,-2,6
10.83631,-404,321,-30,-2,-2,6
10.83642,-402,320,-31,-2,-2,6
10.83646,-402,320,-31,-2,-2,6
10.83651,-402,320,-31,-2,-2,6
10.83657,-403,319,-27,-2,-2,6
10.83662,-403,319,-27,-2,-2,6
10.83665,-401,320,-25,-2,-2,6
10.83671,-401,320,-25,-2,-2,6
10.83673,-401,320,-25,-2,-2,6
10.83679,-400,321,-26,3,0,3
10.83685,-399,319,-27,3,0,3
10.83690,-399,319,-27,3,0,3
10.83693,-405,318,-27,3,0,3
10.83701,-405,318,-27,3,0,3
10.88954,-406,321,-32,-12,6,2
10.88959,-402,321,-25,-12,6,2
10.88962,-402,321,-25,-12,6,2
10.88963,-401,319,-22,-12,6,2
10.88969,-401,319,-22,-12,6,2
10.88977,-401,319,-22,-12,6,2
10.88979,-401,319,-22,-12,6,2
10.88980,-401,319,-22,-12,6,2
10.88981,-401,319,-21,-12,6,2
10.88982,-401,319,-21,-12,6,2
10.88983,-401,319,-21,-12,6,2
10.88984,-403,319,-22,10,-4,-2
10.88990,-405,319,-29,10,-4,-2
10.88995,-405,319,-29,10,-4,-2
10.88996,-407,318,-32,10,-4,-2
10.89000,-407,318,-32,10,-4,-2
10.94082,-402,320,-26,-3,4,-1
10.94087,-400,321,-21,-3,4,-1
10.94093,-400,321,-21,-3,4,-1
10.94097,-404,320,-22,-3,4,-1
10.94102,-404,320,-22,-3,4,-1
10.94103,-404,320,-22,-3,4,-1
10.94109,-404,319,-27,-3,4,-1
10.94110,-404,319,-27,-3,4,-1
10.94112,-404,319,-31,-3,4,-1
10.94120,-404,319,-31,-3,4,-1
10.94122,-404,319,-31,-3,4,-1
10.99279,-408,319,-31,-4,8,1
10.99283,-407,319,-32,-4,8,1
10.99294,-407,319,-32,-4,8,1
10.99297,-405,319,-31,-4,8,1
10.99298,-405,319,-31,-4,8,1
10.99300,-405,319,-31,-4,8,1
10.99301,-399,320,-28,-4,8,1
10.99302,-399,320,-28,-4,8,1
10.99313,-398,321,-25,-4,8,1
10.99314,-398,321,-25,-4,8,1
10.99322,-398,321,-25,-4,8,1
10.99324,-403,320,-25,2,6,6
10.99327,-397,320,-24,2,6,6
10.99329,-397,320,-24,2,6,6
10.99333,-403,319,-24,2,6,6
10.99334,-403,319,-24,2,6,6
11.04522,-407,321,-32,-10,10,3
11.04526,-400,322,-30,-10,10,3
11.04542,-400,322,-30,-10,10,3
11.04548,-399,321,-26,-10,10,3
11.04554,-399,321,-26,-10,10,3
11.04556,-399,321,-26,-10,10,3
11.04562,-401,319,-25,-10,10,3
11.04564,-401,319,-25,-10,10,3
11.04565,-400,320,-26,-10,10,3
11.04569,-400,320,-26,-10,10,3
11.04576,-400,320,-26,-10,10,3
11.09627,-402,320,-27,9,-6,-4
11.09629,-405,319,-31,9,-6,-4
11.09633,-405,319,-31,9,-6,-4
11.09634,-406,318,-33,9,-6,-4
11.09635,-406,318,-33,9,-6,-4
11.09636,-401,321,-26,2,-2,3
11.09642,-400,320,-24,2,-2,3
11.09642,-400,320,-24,2,-2,3
11.09643,-397,323,-22,2,-2,3
11.09646,-397,323,-22,2,-2,3
11.09647,-397,323,-22,2,-2,3
11.09652,-404,321,-25,2,-2,3
11.09653,-404,321,-25,2,-2,3
11.09653,-406,318,-31,2,-2,3
11.09654,-406,318,-31,2,-2,3
11.09654,-406,318,-31,2,-2,3
11.14672,-408,320,-33,1,0,3
11.14675,-401,322,-30,1,0,3
11.14677,-401,322,-30,1,0,3
11.14678,-401,322,-30,1,0,3
11.14679,-401,320,-26,1,0,3
11.14681,-401,320,-26,1,0,3
11.14687,-402,318,-24,1,0,3
11.14689,-402,318,-24,1,0,3
11.14689,-402,318,-24,1,0,3
11.14690,-397,322,-23,1,0,3
11.14690,-397,322,-23,6,-5,1
11.14691,-397,318,-29,6,-5,1
11.14696,-397,318,-29,6,-5,1
11.14698,-401,320,-29,6,-5,1
11.14699,-401,320,-29,6,-5,1
11.14701,-408,320,-29,6,-5,1
11.19797,-405,320,-29,-6,6,5
11.19800,-399,320,-26,-6,6,5
11.19801,-399,320,-26,-6,6,5
11.19807,-395,321,-24,-6,6,5
11.19808,-395,321,-24,-6,6,5
11.19808,-395,321,-24,-6,6,5
11.19808,-401,319,-24,-6,6,5
11.19809,-401,319,-24,-6,6,5
11.19809,-402,318,-24,-6,6,5
11.19812,-402,318,-24,-6,6,5
11.19813,-402,318,-24,-6,6,5
11.19813,-400,321,-24,8,-8,1
11.19813,-404,318,-29,8,-8,1
11.19814,-404,318,-29,8,-8,1
11.19824,-403,320,-32,8,-8,1
11.19824,-403,320,-32,8,-8,1
11.25001,-400,321,-30,-3,6,-1
11.25004,-399,320,-24,-3,6,-1
11.25004,-399,320,-24,-3,6,-1
11.25011,-402,319,-23,-3,6,-1
11.25012,-402,319,-23,-3,6,-1
11.25013,-402,319,-23,-3,6,-1
11.25013,-403,319,-25,-3,6,-1
11.25014,-403,319,-25,-3,6,-1
11.25028,-403,320,-28,-3,6,-1
11.25029,-403,320,-28,-3,6,-1
11.30239,-405,319,-31,-7,6,1
11.30241,-406,320,-32,-7,6,1
11.30241,-406,320,-32,-7,6,1
11.30247,-405,320,-31,-7,6,1
11.30248,-405,320,-31,-7,6,1
11.30249,-405,320,-31,-7,6,1
11.30249,-402,319,-28,-7,6,1
11.30250,-402,319,-28,-7,6,1
11.30260,-399,319,-22,-7,6,1
11.30267,-399,319,-22,-7,6,1
11.30268,-399,320,-20,9,-4,1
11.30274,-402,321,-25,9,-4,1
11.30275,-402,321,-25,9,-4,1
11.30280,-404,322,-28,9,-4,1
11.30281,-404,322,-28,9,-4,1
11.30286,-404,322,-28,9,-4,1
11.35340,-404,321,-31,-6,9,0
11.35342,-401,321,-26,-6,9,0
11.35343,-401,321,-26,-6,9,0
11.35345,-400,321,-24,-6,9,0
11.35346,-400,321,-24,-6,9,0
11.35347,-400,321,-24,-6,9,0
11.35352,-402,319,-25,-6,9,0
11.35353,-402,319,-25,-6,9,0
11.35355,-401,319,-26,-6,9,0
11.35364,-401,319,-26,-6,9,0
11.35365,-400,319,-26,4,-3,-1
11.35366,-406,319,-29,4,-3,-1
11.35368,-406,319,-29,4,-3,-1
11.35376,-407,319,-30,4,-3,-1
11.35377,-407,319,-30,4,-3,-1
11.35385,-407,319,-30,4,-3,-1
11.40800,-400,319,-26,-4,2,2
11.40804,-398,320,-25,-4,2,2
11.40809,-398,320,-25,-4,2,2
11.40811,-400,320,-25,-4,2,2
11.40818,-400,320,-25,-4,2,2
11.40820,-403,319,-27,-4,2,2
11.40823,-403,319,-27,-4,2,2
11.40826,-403,319,-27,-4,2,2
11.40828,-405,319,-29,-4,2,2
11.40830,-405,319,-29,-4,2,2
11.40830,-408,319,-31,-4,2,2
11.45976,-408,319,-31,-1,3,0
11.45980,-403,320,-32,-1,3,0
11.45988,-403,320,-32,-1,3,0
11.45992,-406,320,-31,-1,3,0
11.45994,-406,320,-31,-1,3,0
11.45995,-406,320,-31,-1,3,0
11.46004,-405,321,-29,-1,3,0
11.46009,-405,321,-29,-1,3,0
11.46010,-397,322,-27,-1,3,0
11.46012,-397,322,-27,-1,3,0
11.46018,-397,322,-27,-1,3,0
11.46019,-399,320,-24,-2,1,1
11.46021,-400,320,-23,-2,1,1
11.46022,-400,320,-23,-2,1,1
11.46028,-404,318,-26,-2,1,1
11.46032,-404,318,-26,-2,1,1
11.51340,-406,320,-31,-9,9,0
11.51343,-401,319,-30,-9,9,0
11.51345,-401,319,-30,-9,9,0
11.51346,-401,319,-28,-9,9,0
11.51347,-401,319,-28,-9,9,0
11.51347,-401,319,-28,-9,9,0
11.51356,-398,319,-27,-9,9,0
11.51360,-398,319,-27,-9,9,0
11.51360,-396,319,-25,-9,9,0
11.51361,-396,319,-25,-9,9,0
11.51362,-396,319,-25,-9,9,0
11.51363,-401,319,-25,221,-191,62
11.51374,-412,274,-433,221,-191,62
11.51375,-412,274,-433,221,-191,62
11.51378,-405,283,-505,221,-191,62
11.51379,-405,283,-505,221,-191,62
11.56453,-390,312,-26,184,-222,89
11.56457,-432,276,-200,184,-222,89
11.56460,-432,276,-200,184,-222,89
11.56463,-354,301,-168,184,-222,89
11.56467,-354,301,-168,184,-222,89
11.56471,-354,301,-168,184,-222,89
11.56474,-411,292,-115,184,-222,89
11.56476,-411,292,-115,184,-222,89
11.56478,-489,254,-163,184,-222,89
11.56482,-489,254,-163,184,-222,89
11.56484,-489,254,-163,184,-222,89
11.61527,-423,266,-221,270,-168,86
11.61531,-355,303,-231,270,-168,86
11.61538,-355,303,-231,270,-168,86
11.61540,-381,311,-271,270,-168,86
11.61547,-381,311,-271,270,-168,86
11.61549,-381,311,-271,270,-168,86
11.61557,-448,292,-323,270,-168,86
11.61560,-448,292,-323,270,-168,86
11.61563,-421,290,-287,270,-168,86
11.61567,-421,290,-287,270,-168,86
11.61570,-421,290,-287,270,-168,86
11.61571,-347,313,-158,60,-176,-42
11.61575,-426,296,-144,60,-176,-42
11.61576,-426,296,-144,60,-176,-42
11.61580,-403,333,-10,60,-176,-42
11.61584,-403,333,-10,60,-176,-42
11.66741,-477,298,203,-146,95,-12
11.66747,-460,276,92,-146,95,-12
11.66758,-460,276,92,-146,95,-12
11.66762,-435,307,104,-146,95,-12
11.66768,-435,307,104,-146,95,-12
11.66771,-435,307,104,-146,95,-12
11.66776,-439,302,-6,-146,95,-12
11.66778,-439,302,-6,-146,95,-12
11.66788,-392,287,-161,-146,95,-12
11.66792,-392,287,-161,-146,95,-12
11.66793,-392,287,-161,-146,95,-12
11.72103,-346,330,-256,296,-227,24
11.72108,-398,305,92,296,-227,24
11.72118,-398,305,92,296,-227,24
11.72123,-411,293,-42,296,-227,24
11.72130,-411,293,-42,296,-227,24
11.72136,-384,342,-307,-147,109,-26
11.72138,-381,341,-38,-147,109,-26
11.72143,-381,341,-38,-147,109,-26
11.72147,-434,305,85,-147,109,-26
11.72148,-434,305,85,-147,109,-26
11.72150,-434,305,85,-147,109,-26
11.72152,-437,307,181,-147,109,-26
11.72161,-437,307,181,-147,109,-26
11.72163,-367,349,260,-147,109,-26
11.72165,-367,349,260,-147,109,-26
11.72166,-367,349,260,-147,109,-26
11.77211,-370,339,236,-87,59,9
11.77218,-439,307,-65,-87,59,9
11.77250,-439,307,-65,-87,59,9
11.77289,-417,325,-39,-87,59,9
11.77306,-417,325,-39,-87,59,9
11.77308,-417,325,-39,-87,59,9
11.77310,-403,319,11,-87,59,9
11.77328,-403,319,11,-87,59,9
11.77331,-435,305,2,-87,59,9
11.77332,-435,305,2,-87,59,9
11.77344,-435,305,2,-87,59,9
11.77349,-408,308,-5,-200,158,-58
11.77350,-391,324,25,-200,158,-58
11.77362,-391,324,25,-200,158,-58
11.77363,-442,311,167,-200,158,-58
11.77376,-442,311,167,-200,158,-58
11.82549,-396,322,-78,75,-56,17
11.82553,-423,292,-22,75,-56,17
11.82560,-423,292,-22,75,-56,17
11.82562,-371,323,-38,75,-56,17
11.82565,-371,323,-38,75,-56,17
11.82567,-371,323,-38,75,-56,17
11.82569,-372,334,-88,75,-56,17
11.82571,-372,334,-88,75,-56,17
11.82578,-433,287,-128,75,-56,17
11.82580,-433,287,-128,75,-56,17
11.82583,-433,287,-128,75,-56,17
11.82584,-424,303,-129,73,-24,38
11.82586,-347,357,36,73,-24,38
11.82587,-347,357,36,73,-24,38
11.87602,-357,356,-29,73,-24,38
11.87606,-357,356,-29,73,-24,38
11.87615,-372,328,5,53,-18,-42
11.87619,-381,347,-166,53,-18,-42
11.87621,-381,347,-166,53,-18,-42
11.87624,-412,336,-206,53,-18,-42
11.87628,-412,336,-206,53,-18,-42
11.87632,-412,336,-206,53,-18,-42
11.87634,-410,321,-102,53,-18,-42
11.87636,-410,321,-102,53,-18,-42
11.92876,-415,309,87,53,-18,-42
11.92882,-415,309,87,53,-18,-42
11.92889,-435,301,208,-195,116,2
11.92892,-387,342,192,-195,116,2
11.92897,-387,342,192,-195,116,2
11.92904,-405,337,256,-195,116,2
11.92909,-405,337,256,-195,116,2
11.92913,-405,337,256,-195,116,2
11.92916,-416,312,207,-195,116,2
11.92917,-416,312,207,-195,116,2
11.92925,-386,297,73,-195,116,2
11.92927,-386,297,73,-195,116,2
11.92938,-391,317,-60,244,-240,-12
11.92942,-473,263,-37,244,-240,-12
11.92944,-473,263,-37,244,-240,-12
11.92946,-405,299,-231,244,-240,-12
11.98007,-454,284,-163,53,28,33
11.98012,-414,311,-173,53,28,33
11.98018,-414,311,-173,53,28,33
11.98024,-393,312,-196,53,28,33
11.98029,-393,312,-196,53,28,33
11.98032,-393,312,-196,53,28,33
11.98033,-401,315,-209,53,28,33
11.98039,-401,315,-209,53,28,33
11.98043,-415,319,-232,53,28,33
11.98046,-415,319,-232,53,28,33
11.98048,-409,301,-194,14,-15,-9
11.98053,-417,302,-55,14,-15,-9
11.98058,-417,302,-55,14,-15,-9
11.98060,-402,321,-1,14,-15,-9
11.98062,-402,321,-1,14,-15,-9
11.98063,-402,321,-1,14,-15,-9
12.03424,-402,316,-19,-313,289,-13
12.03429,-443,321,124,-313,289,-13
12.03438,-443,321,124,-313,289,-13
12.03446,-418,332,293,-313,289,-13
12.03448,-418,332,293,-313,289,-13
12.03449,-418,332,293,-313,289,-13
12.03450,-416,315,264,-313,289,-13
12.03459,-416,315,264,-313,289,-13
12.03464,-399,311,73,-313,289,-13
12.03467,-399,311,73,-313,289,-13
12.03474,-399,311,73,-313,289,-13
12.08592,-353,328,-116,47,-63,-40
12.08596,-446,288,-56,47,-63,-40
12.08604,-446,288,-56,47,-63,-40
12.08609,-453,286,-101,47,-63,-40
12.08613,-453,286,-101,47,-63,-40
12.08615,-453,286,-101,47,-63,-40
12.08617,-375,342,-177,47,-63,-40
12.08618,-375,342,-177,47,-63,-40
12.08619,-343,358,-239,47,-63,-40
12.08620,-343,358,-239,47,-63,-40
12.08626,-343,358,-239,47,-63,-40
12.08635,-387,327,-192,-34,33,-30
12.08637,-424,281,-118,-34,33,-30
12.08638,-424,281,-118,-34,33,-30
12.08640,-417,286,-58,-34,33,-30
12.08649,-417,286,-58,-34,33,-30
12.13733,-395,312,-294,-62,25,1
12.13737,-364,371,-68,-62,25,1
12.13739,-364,371,-68,-62,25,1
12.13740,-420,353,128,-62,25,1
12.13751,-420,353,128,-62,25,1
12.13755,-420,353,128,-62,25,1
12.13758,-409,365,389,-62,25,1
12.13769,-409,365,389,-62,25,1
12.13778,-324,408,571,-62,25,1
12.13784,-324,408,571,-62,25,1
12.13789,-324,408,571,-62,25,1
12.13802,-347,387,492,-130,151,36
12.13805,-389,370,324,-130,151,36
12.13808,-389,370,324,-130,151,36
12.13823,-318,420,304,-130,151,36
12.13825,-318,420,304,-130,151,36
12.18942,-404,344,-17,-35,-50,-103
12.18953,-344,370,48,-35,-50,-103
12.18967,-344,370,48,-35,-50,-103
12.18979,-496,310,120,-35,-50,-103
12.18983,-496,310,120,-35,-50,-103
12.19002,-496,310,120,-35,-50,-103
12.19004,-425,360,289,-35,-50,-103
12.19006,-425,360,289,-35,-50,-103
12.19007,-312,409,391,-35,-50,-103
12.19009,-312,409,391,-35,-50,-103
12.19010,-312,409,391,-35,-50,-103
12.24193,-415,334,233,11,-1,8
12.24197,-445,300,81,11,-1,8
12.24202,-445,300,81,11,-1,8
12.24203,-384,331,11,11,-1,8
12.24211,-384,331,11,11,-1,8
12.24214,-384,331,11,11,-1,8
12.24215,-386,327,-80,11,-1,8
12.24216,-386,327,-80,11,-1,8
12.24217,-435,297,-139,11,-1,8
12.24218,-435,297,-139,11,-1,8
12.24219,-435,297,-139,11,-1,8
12.24221,-421,305,-88,-42,26,-10
12.24222,-395,313,-64,-42,26,-10
12.24223,-395,313,-64,-42,26,-10
12.24227,-426,300,-24,-42,26,-10
12.24228,-426,300,-24,-42,26,-10
12.29595,-393,329,-18,12,-5,-8
12.29600,-422,321,-31,12,-5,-8
12.29607,-422,321,-31,12,-5,-8
12.29608,-410,324,-48,12,-5,-8
12.29616,-410,324,-48,12,-5,-8
12.29620,-410,324,-48,12,-5,-8
12.29623,-376,333,-41,12,-5,-8
12.29628,-376,333,-41,12,-5,-8
12.29631,-381,331,-14,12,-5,-8
12.29635,-381,331,-14,12,-5,-8
12.29640,-381,331,-14,12,-5,-8
12.35076,-411,314,-2,-14,35,11
12.35082,-395,323,-8,-14,35,11
12.35092,-395,323,-8,-14,35,11
12.35098,-403,325,-15,-14,35,11
12.35110,-403,325,-15,-14,35,11
12.35114,-381,330,-33,0,-6,1
12.35116,-399,318,-30,0,-6,1
12.35127,-399,318,-30,0,-6,1
12.35131,-403,321,-19,0,-6,1
12.35133,-403,321,-19,0,-6,1
12.35134,-403,321,-19,0,-6,1
12.35135,-401,324,-20,0,-6,1
12.35136,-401,324,-20,0,-6,1
12.35141,-403,317,-37,0,-6,1
12.35144,-403,317,-37,0,-6,1
12.35145,-403,317,-37,0,-6,1
12.40232,-405,321,-20,-13,12,-9
12.40236,-400,320,-13,-13,12,-9
12.40242,-400,320,-13,-13,12,-9
12.40245,-395,319,-15,-13,12,-9
12.40252,-395,319,-15,2,3,2
12.40254,-397,319,-18,2,3,2
12.40255,-397,319,-18,2,3,2
12.40262,-399,320,-22,2,3,2
12.40265,-399,320,-22,2,3,2
12.40266,-399,320,-22,2,3,2
12.40269,-403,323,-27,2,3,2
12.40270,-403,323,-27,2,3,2
12.40273,-399,324,-32,2,3,2
12.40279,-399,324,-32,2,3,2
12.40281,-399,324,-32,2,3,2
12.45736,-398,318,-33,1,-6,-2
12.45740,-402,320,-33,1,-6,-2
12.45742,-402,320,-33,1,-6,-2
12.45744,-403,321,-28,1,-6,-2
12.45751,-403,321,-28,1,-6,-2
12.45759,-403,321,-28,1,-6,-2
12.45761,-401,322,-22,1,-6,-2
12.45765,-401,322,-22,1,-6,-2
12.45769,-400,321,-21,1,-6,-2
12.45772,-400,321,-21,1,-6,-2
12.45774,-400,321,-21,1,-6,-2
12.45778,-403,319,-28,12,-10,4
12.45780,-404,318,-27,12,-10,4
12.45786,-404,318,-27,12,-10,4
12.45787,-404,319,-36,12,-10,4
12.45791,-404,319,-36,12,-10,4
12.50854,-401,321,-22,-13,11,0
12.50860,-401,319,-14,-13,11,0
12.50864,-401,319,-14,-13,11,0
12.50865,-405,318,-14,-13,11,0
12.50873,-405,318,-14,-13,11,0
12.50877,-405,318,-14,-13,11,0
12.50879,-404,320,-23,-13,11,0
12.50884,-404,320,-23,-13,11,0
12.50886,-402,321,-34,-13,11,0
12.50895,-402,321,-34,-13,11,0
12.50896,-402,321,-34,-13,11,0
12.50898,-402,320,-40,5,-6,-6
12.50916,-406,318,-46,5,-6,-6
12.56076,-406,318,-46,5,-6,-6
12.56082,-407,319,-40,5,-6,-6
12.56096,-407,319,-40,5,-6,-6
12.56099,-404,320,-15,5,-6,-6
12.56102,-404,320,-15,5,-6,-6
12.56109,-402,321,-15,14,-5,2
12.56112,-400,321,-22,14,-5,2
12.56120,-400,321,-22,14,-5,2
12.56124,-400,319,-33,14,-5,2
12.56127,-400,319,-33,14,-5,2
12.56128,-400,319,-33,14,-5,2
12.56130,-404,319,-39,14,-5,2
12.56140,-404,319,-39,14,-5,2
12.56141,-407,321,-39,14,-5,2
12.56143,-407,321,-39,14,-5,2
12.56148,-407,321,-39,14,-5,2
12.61313,-405,320,-31,-10,15,4
12.61323,-401,321,-23,-10,15,4
12.61330,-401,321,-23,-10,15,4
12.61343,-400,321,-19,-10,15,4
12.61349,-400,321,-19,-10,15,4
12.61352,-400,321,-19,-10,15,4
12.61358,-403,319,-22,-10,15,4
12.61361,-403,319,-22,-10,15,4
12.61364,-399,322,-27,-10,15,4
12.61366,-399,322,-27,-10,15,4
12.61389,-399,322,-27,-10,15,4
12.61395,-398,323,-33,2,-1,-3
12.61401,-401,320,-35,2,-1,-3
12.61412,-401,320,-35,2,-1,-3
12.61430,-401,320,-35,2,-1,-3
12.61441,-401,320,-35,2,-1,-3
12.66550,-407,321,-24,-14,17,-3
12.66556,-400,322,-23,-14,17,-3
12.66560,-400,322,-23,-14,17,-3
12.66564,-398,317,-22,-14,17,-3
12.66576,-398,317,-22,-14,17,-3
12.66584,-400,317,-24,-14,17,-3
12.66591,-400,317,-24,-14,17,-3
12.66599,-400,317,-24,-14,17,-3
12.66602,-402,321,-27,-14,17,-3
12.66604,-402,321,-27,-14,17,-3
12.66606,-402,320,-32,-14,17,-3
12.66620,-402,320,-32,10,-4,1
12.66625,-404,320,-33,10,-4,1
12.66630,-404,320,-33,10,-4,1
12.66636,-401,319,-38,10,-4,1
12.66637,-401,319,-38,10,-4,1
12.71747,-400,320,-18,10,-4,1
12.71762,-400,320,-18,10,-8,-1
12.71769,-401,319,-20,10,-8,-1
12.71785,-401,319,-20,10,-8,-1
12.71788,-401,317,-25,10,-8,-1
12.71790,-401,317,-25,10,-8,-1
12.71795,-401,317,-25,10,-8,-1
12.71801,-401,320,-31,10,-8,-1
12.71806,-401,320,-31,10,-8,-1
12.71808,-403,321,-38,10,-8,-1
12.71810,-403,321,-38,10,-8,-1
12.71814,-403,321,-38,10,-8,-1
12.76847,-405,319,-37,-10,1,2
12.76852,-403,319,-34,-10,1,2
12.76857,-403,319,-34,-10,1,2
12.76859,-400,320,-26,-10,1,2
12.76866,-400,320,-26,-10,1,2
12.76871,-401,318,-21,-10,1,2
12.76875,-401,318,-21,-10,1,2
12.76876,-401,318,-21,-10,1,2
12.76879,-401,318,-20,-10,1,2
12.76881,-401,318,-20,-10,1,2
12.76883,-401,320,-24,-10,1,2
12.76884,-401,320,-24,7,-4,2
12.76890,-404,321,-29,7,-4,2
12.76893,-404,321,-29,7,-4,2
12.76894,-407,318,-34,7,-4,2
12.76896,-407,318,-34,7,-4,2
12.82145,-405,322,-22,0,6,-2
12.82150,-402,322,-25,0,6,-2
12.82160,-402,322,-25,0,6,-2
12.82166,-403,318,-26,0,6,-2
12.82177,-403,318,-26,0,6,-2
12.82181,-403,318,-26,0,6,-2
12.82183,-399,319,-26,0,6,-2
12.82202,-399,319,-26,0,6,-2
12.82208,-400,322,-25,0,6,-2
12.82218,-400,322,-25,0,6,-2
12.82220,-406,320,-28,0,6,-2
12.87424,-406,320,-28,0,4,4
12.87431,-407,320,-28,0,4,4
12.87433,-407,320,-28,0,4,4
12.87434,-403,321,-30,0,4,4
12.87445,-403,321,-30,0,4,4
12.87447,-399,319,-28,0,4,4
12.87452,-399,319,-28,0,4,4
12.87453,-400,321,-24,-2,3,0
12.87457,-402,319,-21,-2,3,0
12.87463,-402,319,-21,-2,3,0
12.87466,-401,319,-21,-2,3,0
12.87471,-401,319,-21,-2,3,0
12.87473,-401,319,-21,-2,3,0
12.87480,-401,318,-27,-2,3,0
12.87483,-401,318,-27,-2,3,0
12.87485,-405,318,-33,-2,3,0
12.92519,-405,320,-33,-12,16,-2
12.92526,-407,319,-32,-12,16,-2
12.92533,-407,319,-32,-12,16,-2
12.92549,-402,321,-25,-12,16,-2
12.92556,-402,321,-25,-12,16,-2
12.92559,-398,321,-21,-12,16,-2
12.92560,-398,321,-21,-12,16,-2
12.92568,-398,321,-21,3,4,1
12.92576,-405,321,-25,3,4,1
12.92578,-405,321,-25,3,4,1
12.92585,-405,321,-33,3,4,1
12.92589,-405,321,-33,3,4,1
12.92591,-405,321,-33,3,4,1
12.92593,-404,319,-37,3,4,1
12.92595,-404,319,-37,3,4,1
12.97659,-406,318,-33,-7,4,1
12.97664,-404,319,-25,-7,4,1
12.97671,-404,319,-25,-7,4,1
12.97676,-403,319,-22,-7,4,1
12.97679,-403,319,-22,-7,4,1
12.97680,-403,319,-22,-7,4,1
12.97689,-398,321,-26,-7,4,1
12.97695,-398,321,-26,-7,4,1
12.97697,-399,320,-32,-7,4,1
13.02950,-399,320,-32,-1,4,4
13.02963,-404,322,-29,-1,4,4
13.02967,-404,322,-29,-1,4,4
13.02969,-407,320,-30,-1,4,4
13.02995,-407,320,-30,-1,4,4
13.02999,-407,320,-30,-1,4,4
13.03002,-403,320,-29,-1,4,4
13.03005,-403,320,-29,-1,4,4
13.03012,-398,323,-26,-1,4,4
13.03016,-398,323,-26,-1,4,4
13.03021,-398,323,-26,-3,4,5
13.03023,-399,322,-28,-3,4,5
13.03024,-399,322,-28,-3,4,5
13.03032,-398,321,-25,-3,4,5
13.03036,-398,321,-25,-3,4,5
13.03038,-398,321,-25,-3,4,5
13.08135,-405,322,-28,1,-1,-1
13.08138,-407,318,-32,1,-1,-1
13.08141,-407,318,-32,1,-1,-1
13.08142,-403,319,-33,1,-1,-1
13.08144,-403,319,-33,1,-1,-1
13.08148,-403,319,-33,1,-1,-1
13.08154,-396,323,-29,1,-1,-1
13.08159,-396,323,-29,1,-1,-1
13.08166,-401,321,-24,1,-1,-1
13.08169,-401,321,-24,1,-1,-1
13.08181,-405,319,-25,11,-13,-5
13.08183,-406,317,-26,11,-13,-5
13.08185,-406,317,-26,11,-13,-5
13.08187,-407,318,-28,11,-13,-5
13.08192,-407,318,-28,11,-13,-5
13.08196,-407,318,-28,11,-13,-5
13.13254,-407,318,-30,-4,0,4
13.13259,-398,324,-27,-4,0,4
13.13265,-398,324,-27,-4,0,4
13.13275,-398,322,-24,-4,0,4
13.13280,-398,322,-24,-4,0,4
13.13281,-398,322,-24,-4,0,4
13.13287,-400,320,-24,-4,0,4
13.13289,-400,320,-24,-4,0,4
13.13294,-400,320,-28,-4,0,4
13.13306,-400,320,-28,-4,0,4
13.13310,-400,320,-28,-4,0,4
13.13320,-404,318,-31,-4,0,4
13.18473,-404,318,-31,-1,0,4
13.18478,-404,319,-28,-1,0,4
13.18486,-404,319,-28,-1,0,4
13.18501,-408,319,-28,-1,0,4
13.18505,-410,320,-27,-1,0,4
13.18515,-410,320,-27,-1,0,4
13.18517,-402,322,-27,-1,0,4
13.18520,-402,322,-27,-1,0,4
13.18523,-402,322,-27,-1,0,4
13.18531,-396,322,-28,-1,0,4
13.18547,-396,322,-28,3,-3,4
13.18549,-398,322,-29,3,-3,4
13.18552,-398,322,-29,3,-3,4
13.18553,-398,319,-30,3,-3,4
13.18555,-398,319,-30,3,-3,4
13.18556,-398,319,-30,3,-3,4
13.23593,-406,321,-25,4,-7,3
13.23596,-402,319,-27,4,-7,3
13.23597,-402,319,-27,4,-7,3
13.23597,-399,322,-30,4,-7,3
13.23597,-399,322,-30,4,-7,3
13.23606,-399,322,-30,4,-7,3
13.23607,-401,322,-32,4,-7,3
13.23608,-401,322,-32,4,-7,3
13.23609,-402,320,-31,4,-7,3
13.23610,-402,320,-31,4,-7,3
13.23612,-402,320,-31,4,-7,3
13.23613,-399,320,-25,2,7,1
13.23630,-400,320,-23,2,7,1
13.23631,-400,320,-23,2,7,1
13.28889,-404,316,-25,2,7,1
13.28891,-404,316,-25,2,7,1
13.28892,-406,320,-32,-7,15,4
13.28892,-398,324,-28,-7,15,4
13.28901,-398,324,-28,-7,15,4
13.28901,-397,323,-27,-7,15,4
13.28901,-397,323,-27,-7,15,4
13.28902,-397,323,-27,-7,15,4
13.28909,-404,319,-24,-7,15,4
13.28920,-404,319,-24,-7,15,4
13.28927,-403,319,-23,-7,15,4
13.28929,-403,319,-23,-7,15,4
13.28929,-403,319,-23,-7,15,4
13.33982,-399,319,-26,3,-6,5
13.33984,-403,319,-27,3,-6,5
13.33985,-403,319,-27,3,-6,5
13.33990,-404,317,-28,3,-6,5
13.33991,-406,318,-27,3,-6,5
13.33992,-406,318,-27,3,-6,5
13.33992,-401,321,-27,3,-6,5
13.33993,-401,321,-27,3,-6,5
13.34000,-399,320,-27,3,-4,2
13.34000,-399,321,-27,3,-4,2
13.34005,-399,321,-27,3,-4,2
13.34006,-400,318,-29,3,-4,2
13.34010,-400,318,-29,3,-4,2
13.34011,-400,318,-29,3,-4,2
13.34018,-403,317,-29,3,-4,2
13.34019,-403,317,-29,3,-4,2
13.39145,-407,319,-25,1,-5,3
13.39147,-407,318,-26,1,-5,3
13.39147,-407,318,-26,1,-5,3
13.39148,-402,322,-25,1,-5,3
13.39152,-402,322,-25,1,-5,3
13.39153,-402,322,-25,1,-5,3
13.39158,-401,322,-28,1,-5,3
13.39159,-401,322,-28,1,-5,3
13.39161,-401,320,-32,1,-5,3
13.39161,-401,320,-32,1,-5,3
13.39162,-399,322,-30,4,-2,-2
13.39163,-401,318,-28,4,-2,-2
13.39172,-401,318,-28,4,-2,-2
13.39173,-405,320,-23,4,-2,-2
13.39174,-405,320,-23,4,-2,-2
13.39175,-405,320,-23,4,-2,-2
13.44391,-406,320,-27,-7,7,1
13.44393,-402,321,-30,-7,7,1
13.44394,-402,321,-30,-7,7,1
13.44401,-398,323,-30,-7,7,1
13.44406,-398,323,-30,-7,7,1
13.44417,-398,323,-30,-7,7,1
13.44418,-399,319,-28,-7,7,1
13.44425,-399,319,-28,-7,7,1
13.44426,-400,318,-24,-7,7,1
13.44426,-400,318,-24,-7,7,1
13.49751,-396,320,-22,8,-4,-6
13.49753,-407,318,-27,8,-4,-6
13.49754,-407,318,-27,8,-4,-6
13.49754,-408,318,-30,8,-4,-6
13.49754,-408,318,-30,8,-4,-6
13.49755,-408,318,-30,8,-4,-6
13.49755,-405,320,-29,8,-4,-6
13.49762,-405,320,-29,8,-4,-6
13.49763,-402,318,-29,8,-4,-6
13.49763,-402,318,-29,8,-4,-6
13.49764,-402,318,-29,3,-5,-2
13.49764,-400,322,-23,3,-5,-2
13.49764,-400,322,-23,3,-5,-2
13.49765,-406,320,-23,3,-5,-2
13.49769,-406,320,-23,3,-5,-2
13.49769,-406,320,-23,3,-5,-2
13.54832,-408,318,-32,-1,-4,1
13.54839,-405,320,-31,-1,-4,1
13.54841,-405,320,-31,-1,-4,1
13.54842,-405,320,-28,-1,-4,1
13.54843,-405,320,-28,-1,-4,1
13.54848,-405,320,-28,-1,-4,1
13.54849,-402,322,-24,-1,-4,1
13.54854,-402,322,-24,-1,-4,1
13.54856,-398,322,-25,-1,-4,1
13.54858,-398,322,-25,-1,-4,1
13.54859,-400,319,-28,-3,-3,1
13.54860,-398,319,-32,-3,-3,1
13.54861,-398,319,-32,-3,-3,1
13.54866,-403,319,-31,-3,-3,1
13.54868,-403,319,-31,-3,-3,1
13.54871,-403,319,-31,-3,-3,1
13.60262,-405,320,-23,-1,8,2
13.60267,-401,323,-23,-1,8,2
13.60286,-401,323,-23,-1,8,2
13.60289,-400,321,-28,-1,8,2
13.60297,-400,321,-28,-1,8,2
13.60300,-400,321,-28,-1,8,2
13.60302,-400,321,-31,-1,8,2
13.60309,-400,321,-31,-1,8,2
13.60310,-399,322,-30,-1,8,2
13.60322,-399,322,-30,-1,8,2
13.60326,-399,322,-30,-1,8,2
13.65582,-402,319,-30,-5,10,2
13.65589,-403,321,-28,-5,10,2
13.65593,-403,321,-28,-5,10,2
13.65608,-404,319,-28,-5,10,2
13.65612,-404,319,-28,-5,10,2
13.65642,-407,318,-28,-5,10,2
13.65648,-402,320,-30,-5,10,2
13.65658,-402,320,-30,-5,10,2
13.65661,-402,320,-30,-5,10,2
13.65686,-398,320,-33,2,4,0
13.65694,-398,322,-29,2,4,0
13.65697,-398,322,-29,2,4,0
13.65702,-399,319,-29,2,4,0
13.65708,-399,319,-29,2,4,0
13.65712,-399,319,-29,2,4,0
13.65714,-401,318,-26,2,4,0
13.70771,-407,317,-29,-2,7,2
13.70777,-407,318,-28,-2,7,2
13.70786,-407,318,-28,-2,7,2
13.70791,-403,319,-29,-2,7,2
13.70797,-403,319,-29,-2,7,2
13.70801,-403,319,-29,-2,7,2
13.70805,-403,320,-27,-2,7,2
13.70807,-403,320,-27,-2,7,2
13.70808,-402,323,-23,-2,7,2
13.70811,-402,323,-23,-2,7,2
13.70816,-402,323,-23,-1,1,2
13.70822,-403,320,-26,-1,1,2
13.70824,-403,320,-26,-1,1,2
13.70828,-400,321,-29,-1,1,2
13.70832,-400,321,-29,-1,1,2
13.70836,-400,321,-29,-1,1,2
13.75973,-403,319,-26,2,-8,-2
13.75980,-405,317,-28,2,-8,-2
13.75982,-405,317,-28,2,-8,-2
13.75983,-399,319,-26,2,-8,-2
13.75984,-399,319,-26,2,-8,-2
13.75985,-399,319,-26,2,-8,-2
13.75990,-399,319,-26,2,-8,-2
13.75995,-399,319,-26,2,-8,-2
13.75999,-404,317,-31,2,-8,-2
13.76000,-404,317,-31,2,-8,-2
13.76001,-404,317,-31,2,-8,-2
13.81109,-404,321,-30,-166,169,-30
13.81116,-414,334,14,-166,169,-30
13.81126,-414,334,14,-166,169,-30
13.81129,-449,317,59,-166,169,-30
13.81138,-449,317,59,-166,169,-30
13.81142,-375,361,66,-166,169,-30
13.81145,-375,361,66,-166,169,-30
13.81148,-375,361,66,-166,169,-30
13.81150,-364,364,113,194,-74,-7
13.81161,-427,317,-5,194,-74,-7
13.81164,-427,317,-5,194,-74,-7
13.81173,-435,320,-239,194,-74,-7
13.81180,-435,320,-239,194,-74,-7
13.81182,-435,320,-239,194,-74,-7
13.81187,-400,323,-443,194,-74,-7
13.81198,-400,323,-443,194,-74,-7
13.86531,-359,382,-68,-116,47,-81
13.86539,-369,349,110,-116,47,-81
13.86547,-369,349,110,-116,47,-81
13.86548,-421,306,287,-116,47,-81
13.86552,-421,306,287,-116,47,-81
13.86553,-421,306,287,-116,47,-81
13.86557,-419,296,283,-116,47,-81
13.86565,-419,296,283,-116,47,-81
13.86570,-451,256,-42,-116,47,-81
13.86572,-451,256,-42,-116,47,-81
13.86573,-451,256,-42,-116,47,-81
13.86574,-491,227,-495,-15,18,3
13.86575,-471,293,36,-15,18,3
13.86588,-471,293,36,-15,18,3
13.86590,-381,353,77,-15,18,3
13.86591,-381,353,77,-15,18,3
13.91602,-416,333,112,-62,63,32
13.91606,-380,319,-162,-62,63,32
13.91612,-380,319,-162,-62,63,32
13.91619,-329,353,-185,-62,63,32
13.91628,-329,353,-185,-62,63,32
13.91631,-359,349,-97,-62,63,32
13.91632,-359,349,-97,-62,63,32
13.91634,-359,349,-97,-62,63,32
13.91635,-413,328,21,-62,63,32
13.91641,-413,328,21,-62,63,32
13.91643,-401,335,93,-62,63,32
13.91645,-401,335,93,131,-63,-11
13.91652,-369,340,-260,131,-63,-11
13.96795,-369,340,-260,131,-63,-11
13.96801,-395,316,-369,131,-63,-11
13.96818,-395,316,-369,131,-63,-11
13.96824,-392,321,-89,131,-63,-11
13.96829,-392,321,-89,131,-63,-11
13.96843,-392,321,-89,131,-63,-11
13.96847,-400,280,14,-31,-26,2
13.96850,-417,312,76,-31,-26,2
13.96857,-417,312,76,-31,-26,2
13.96869,-412,339,124,-31,-26,2
13.96873,-412,339,124,-31,-26,2
13.96884,-412,339,124,-31,-26,2
13.96891,-395,333,137,-31,-26,2
13.96894,-395,333,137,-31,-26,2
13.96907,-392,322,144,-31,-26,2
13.96910,-392,322,144,-31,-26,2
14.02140,-408,317,147,115,-40,23
14.02149,-473,279,108,115,-40,23
14.02151,-473,279,108,115,-40,23
14.02153,-463,281,-60,115,-40,23
14.02154,-463,281,-60,115,-40,23
14.02161,-463,281,-60,115,-40,23
14.02163,-419,298,-241,115,-40,23
14.02167,-419,298,-241,115,-40,23
14.02169,-361,337,-297,115,-40,23
14.02170,-361,337,-297,115,-40,23
14.02171,-361,337,-297,386,-337,-1
14.02173,-427,294,-4,386,-337,-1
14.02174,-427,294,-4,386,-337,-1
14.02175,-416,302,-182,386,-337,-1
14.02177,-416,302,-182,386,-337,-1
14.02181,-416,302,-182,386,-337,-1
14.07334,-399,345,-82,122,-53,31
14.07338,-385,329,-261,122,-53,31
14.07341,-385,329,-261,122,-53,31
14.07349,-407,333,-284,122,-53,31
14.07355,-407,333,-284,122,-53,31
14.07356,-407,333,-284,122,-53,31
14.07363,-417,319,-137,122,-53,31
14.07365,-417,319,-137,122,-53,31
14.07367,-403,321,125,122,-53,31
14.07368,-403,321,125,122,-53,31
14.07374,-403,321,125,122,-53,31
14.07375,-399,330,336,-178,98,-29
14.07376,-431,294,300,-178,98,-29
14.07379,-431,294,300,-178,98,-29
14.07383,-484,259,327,-178,98,-29
14.07388,-484,259,327,-178,98,-29
14.12428,-418,301,-177,-178,98,-29
14.12433,-418,301,-177,-178,98,-29
14.12441,-373,318,-509,63,-32,2
14.12443,-362,328,160,63,-32,2
14.12444,-362,328,160,63,-32,2
14.12445,-402,321,151,63,-32,2
14.12446,-402,321,151,63,-32,2
14.12447,-402,321,151,63,-32,2
14.12449,-415,302,-131,63,-32,2
14.12455,-415,302,-131,63,-32,2
14.12457,-415,305,-407,63,-32,2
14.12459,-415,305,-407,63,-32,2
14.12463,-415,305,-407,63,-32,2
14.17585,-405,325,-505,-46,65,-49
14.17592,-316,367,-266,-46,65,-49
14.17602,-316,367,-266,-46,65,-49
14.17613,-346,347,-247,-46,65,-49
14.17625,-346,347,-247,-46,65,-49
14.17630,-346,347,-247,-46,65,-49
14.17634,-438,303,-142,-46,65,-49
14.17636,-438,303,-142,-46,65,-49
14.17647,-457,298,58,-46,65,-49
14.17653,-457,298,58,-46,65,-49
14.17658,-426,316,213,-391,260,-47
14.17662,-404,330,-322,-391,260,-47
14.17666,-404,330,-322,-391,260,-47
14.17677,-378,350,-143,-391,260,-47
14.17680,-378,350,-143,-391,260,-47
14.17684,-378,350,-143,-391,260,-47
14.23009,-470,322,567,-105,85,-30
14.23016,-439,332,-36,-105,85,-30
14.23022,-439,332,-36,-105,85,-30
14.23024,-399,321,-141,-105,85,-30
14.23046,-399,321,-141,-105,85,-30
14.23050,-399,321,-141,-105,85,-30
14.23053,-386,303,-66,-105,85,-30
14.23056,-386,303,-66,-105,85,-30
14.23058,-421,295,-33,-105,85,-30
14.23073,-421,295,-33,-105,85,-30
14.23085,-421,295,-33,-105,85,-30
14.28099,-412,300,-142,-163,141,-45
14.28105,-419,317,124,-163,141,-45
14.28112,-419,317,124,-163,141,-45
14.28119,-420,333,284,-163,141,-45
14.28122,-420,333,284,-163,141,-45
14.28131,-385,316,-165,-163,141,-45
14.28135,-385,316,-165,-72,60,48
14.28137,-352,340,-292,-72,60,48
14.28139,-352,340,-292,-72,60,48
14.28146,-374,340,-183,-72,60,48
14.28151,-374,340,-183,-72,60,48
14.28154,-374,340,-183,-72,60,48
14.28159,-444,309,27,-72,60,48
14.28161,-444,309,27,-72,60,48
14.28166,-416,307,140,-72,60,48
14.28170,-416,307,140,-72,60,48
14.33247,-374,321,89,73,-75,-23
14.33253,-418,309,-197,73,-75,-23
14.33259,-418,309,-197,73,-75,-23
14.33265,-435,312,-226,73,-75,-23
14.33267,-435,312,-226,73,-75,-23
14.33272,-435,312,-226,73,-75,-23
14.33275,-406,337,-52,73,-75,-23
14.33279,-406,337,-52,73,-75,-23
14.33281,-379,330,104,73,-75,-23
14.33285,-379,330,104,73,-75,-23
14.33286,-379,330,104,73,-75,-23
14.33291,-413,301,68,-43,8,24
14.33293,-386,317,-66,-43,8,24
14.33298,-386,317,-66,-43,8,24
14.33301,-364,343,-78,-43,8,24
14.33305,-364,343,-78,-43,8,24
14.38456,-357,329,161,-21,-29,22
14.38470,-403,291,40,-21,-29,22
14.38476,-403,291,40,-21,-29,22
14.38478,-407,289,4,-21,-29,22
14.38480,-407,289,4,-21,-29,22
14.38488,-407,289,4,-21,-29,22
14.38491,-415,296,-52,-21,-29,22
14.38500,-415,296,-52,-21,-29,22
14.38508,-405,286,-141,-21,-29,22
14.38515,-405,286,-141,-21,-29,22
14.38518,-405,286,-141,-21,-29,22
14.43651,-393,296,-223,110,-130,-11
14.43666,-365,286,-112,110,-130,-11
14.43673,-365,286,-112,110,-130,-11
14.43678,-457,271,-69,110,-130,-11
14.43679,-457,271,-69,110,-130,-11
14.43687,-448,301,-125,110,-130,-11
14.43688,-448,301,-125,110,-130,-11
14.43690,-357,332,-238,110,-130,-11
14.43692,-357,332,-238,110,-130,-11
14.43698,-357,332,-238,110,-130,-11
14.43702,-381,295,-323,-18,-8,31
14.43704,-400,263,-292,-18,-8,31
14.43711,-400,263,-292,-18,-8,31
14.43716,-375,310,-187,-18,-8,31
14.43722,-375,310,-187,-18,-8,31
14.43724,-375,310,-187,-18,-8,31
14.48871,-437,290,-107,-62,64,26
14.48897,-394,319,-30,-62,64,26
14.48906,-394,319,-30,-62,64,26
14.48929,-354,329,28,-62,64,26
14.48958,-354,329,28,-62,64,26
14.48966,-354,329,28,-62,64,26
14.49000,-410,312,13,-62,64,26
14.49009,-410,312,13,-62,64,26
14.49012,-457,306,-57,-62,64,26
14.49057,-457,306,-57,-62,64,26
14.49072,-457,306,-57,-62,64,26
14.54412,-395,332,-97,-14,12,-1
14.54418,-396,321,-36,-14,12,-1
14.54427,-396,321,-36,-14,12,-1
14.54434,-398,319,-18,-14,12,-1
14.54437,-398,319,-18,-14,12,-1
14.54439,-405,325,-22,-14,16,10
14.54442,-397,329,-11,-14,16,10
14.54449,-397,329,-11,-14,16,10
14.54456,-386,331,-13,-14,16,10
14.54458,-386,331,-13,-14,16,10
14.54464,-386,331,-13,-14,16,10
14.54472,-393,326,-32,-14,16,10
14.54474,-393,326,-32,-14,16,10
14.54481,-399,322,-43,-14,16,10
14.54484,-399,322,-43,-14,16,10
14.54485,-399,322,-43,-14,16,10
14.59734,-404,318,-33,10,-8,4
14.59740,-401,320,-31,10,-8,4
14.59754,-401,320,-31,10,-8,4
14.59759,-400,320,-33,10,-8,4
14.59762,-400,320,-33,10,-8,4
14.59764,-400,320,-33,10,-8,4
14.59772,-406,319,-31,10,-8,4
14.59778,-406,319,-31,10,-8,4
14.59786,-407,318,-28,10,-8,4
14.59792,-407,318,-28,10,-8,4
14.59800,-407,318,-28,10,-8,4
14.64938,-405,319,-25,-9,8,2
14.64943,-407,319,-34,-9,8,2
14.64945,-407,319,-34,-9,8,2
14.64946,-407,318,-32,-9,8,2
14.64958,-407,318,-32,-9,8,2
14.64966,-407,318,-32,-9,8,2
14.64972,-402,320,-30,-9,8,2
14.64980,-402,320,-30,-9,8,2
14.64983,-393,323,-25,-9,8,2
14.64991,-393,323,-25,-9,8,2
14.64992,-393,323,-25,-9,8,2
14.64994,-392,322,-23,-4,9,1
14.65001,-393,323,-21,-4,9,1
14.65004,-393,323,-21,-4,9,1
14.65009,-399,321,-22,-4,9,1
14.65011,-399,321,-22,-4,9,1
14.70080,-408,318,-28,7,3,2
14.70085,-404,321,-25,7,3,2
14.70097,-404,321,-25,7,3,2
14.70099,-405,320,-25,7,3,2
14.70101,-405,320,-25,7,3,2
14.70103,-405,320,-25,7,3,2
14.70108,-405,318,-29,7,3,2
14.70111,-405,318,-29,7,3,2
14.70114,-403,317,-32,7,3,2
14.70118,-403,317,-32,7,3,2
14.70122,-403,317,-32,7,3,2
14.70136,-404,318,-31,-1,-1,-5
14.70140,-409,317,-36,-1,-1,-5
14.70148,-409,317,-36,-1,-1,-5
14.70151,-411,318,-39,-1,-1,-5
14.70159,-411,318,-39,-1,-1,-5
14.75354,-406,319,-29,0,1,-4
14.75361,-405,320,-26,0,1,-4
14.75366,-405,320,-26,0,1,-4
14.75370,-398,322,-23,0,1,-4
14.75371,-398,322,-23,0,1,-4
14.75372,-395,323,-20,0,1,-4
14.75376,-395,323,-20,0,1,-4
14.75381,-395,323,-20,0,1,-4
14.75382,-401,319,-23,0,1,-4
14.75383,-401,319,-23,0,1,-4
14.75384,-405,317,-27,0,1,-4
14.80559,-405,317,-27,4,-3,-1
14.80597,-408,319,-25,4,-3,-1
14.80604,-408,319,-25,4,-3,-1
14.80609,-406,321,-29,4,-3,-1
14.80613,-406,321,-29,4,-3,-1
14.80616,-406,321,-29,4,-3,-1
14.80622,-405,321,-34,4,-3,-1
14.80626,-405,321,-34,4,-3,-1
14.80630,-405,320,-35,4,-3,-1
14.80636,-405,320,-35,4,-3,-1
14.80640,-405,320,-35,4,-3,-1
14.80648,-404,319,-30,7,-9,2
14.80651,-402,318,-31,7,-9,2
14.80652,-402,318,-31,7,-9,2
14.80654,-400,318,-30,7,-9,2
14.80658,-400,318,-30,7,-9,2
14.85779,-407,321,-35,-8,8,3
14.85787,-402,321,-33,-8,8,3
14.85796,-402,321,-33,-8,8,3
14.85800,-401,319,-27,-8,8,3
14.85807,-401,319,-27,-8,8,3
14.85812,-401,319,-27,-8,8,3
14.85816,-399,319,-23,-8,8,3
14.85820,-399,319,-23,-8,8,3
14.85830,-398,321,-21,-8,8,3
14.85837,-398,321,-21,-8,8,3
14.85843,-398,321,-21,-8,8,3
14.85855,-399,321,-20,7,-4,1
14.85856,-399,321,-23,7,-4,1
14.85857,-399,321,-23,7,-4,1
14.85859,-406,320,-28,7,-4,1
14.85860,-406,320,-28,7,-4,1
14.91340,-407,320,-31,1,5,-2
14.91349,-401,321,-31,1,5,-2
14.91351,-401,321,-31,1,5,-2
14.91362,-402,319,-29,1,5,-2
14.91369,-402,319,-29,1,5,-2
14.91379,-402,319,-29,1,5,-2
14.91381,-401,320,-27,1,5,-2
14.91383,-401,320,-27,1,5,-2
14.91384,-400,320,-26,1,5,-2
14.91385,-400,320,-26,1,5,-2
14.91386,-400,320,-26,1,5,-2
14.96489,-402,318,-25,2,4,-5
14.96506,-412,317,-31,2,4,-5
14.96509,-412,317,-31,2,4,-5
14.96512,-411,318,-33,2,4,-5
14.96513,-411,318,-33,2,4,-5
14.96524,-411,318,-33,2,4,-5
14.96526,-402,321,-32,2,4,-5
14.96529,-402,321,-32,2,4,-5
14.96545,-399,322,-29,2,4,-5
14.96549,-399,322,-29,2,4,-5
14.96564,-399,322,-29,2,4,-5
14.96583,-397,320,-24,-5,5,-3
14.96585,-399,320,-20,-5,5,-3
14.96587,-399,320,-20,-5,5,-3
14.96589,-398,320,-19,-5,5,-3
14.96602,-398,320,-19,-5,5,-3
15.01737,-405,320,-30,5,-2,-4
15.01741,-408,320,-30,5,-2,-4
15.01746,-408,320,-30,5,-2,-4
15.01752,-401,321,-28,5,-2,-4
15.01756,-401,321,-28,5,-2,-4
15.01758,-401,321,-28,5,-2,-4
15.01761,-397,323,-25,5,-2,-4
15.01768,-397,323,-25,5,-2,-4
15.01769,-402,319,-25,5,-2,-4
15.01771,-402,319,-25,5,-2,-4
15.01779,-402,319,-25,8,-2,1
15.01784,-407,317,-28,8,-2,1
15.01786,-407,317,-28,8,-2,1
15.01791,-403,319,-34,8,-2,1
15.01793,-403,319,-34,8,-2,1
15.01794,-403,319,-34,8,-2,1
15.07197,-403,320,-31,-9,4,-5
15.07209,-405,318,-25,-9,4,-5
15.07216,-405,318,-25,-9,4,-5
15.07259,-395,321,-20,-9,4,-5
15.07281,-395,321,-20,-9,4,-5
15.07286,-395,321,-20,-9,4,-5
15.07296,-398,322,-19,-9,4,-5
15.07306,-398,322,-19,-9,4,-5
15.07309,-405,318,-22,-9,4,-5
15.07311,-405,318,-22,-9,4,-5
15.07319,-405,318,-22,-9,4,-5
15.12512,-401,319,-25,8,-6,2
15.12518,-406,320,-29,8,-6,2
15.12526,-406,320,-29,8,-6,2
15.12538,-404,321,-31,8,-6,2
15.12547,-404,321,-31,8,-6,2
15.12548,-404,321,-31,8,-6,2
15.12550,-405,320,-29,8,-6,2
15.12551,-405,320,-29,8,-6,2
15.12557,-402,320,-29,8,-6,2
15.12564,-402,320,-29,8,-6,2
15.12567,-402,320,-29,8,-6,2
15.12571,-400,320,-29,1,-5,6
15.12572,-398,319,-28,1,-5,6
15.12581,-398,319,-28,1,-5,6
15.12585,-400,319,-29,1,-5,6
15.12592,-400,319,-29,1,-5,6
15.17732,-406,321,-31,-5,4,-1
15.17735,-404,320,-33,-5,4,-1
15.17737,-404,320,-33,-5,4,-1
15.17738,-405,318,-31,-5,4,-1
15.17740,-405,318,-31,-5,4,-1
15.17741,-405,318,-31,-5,4,-1
15.17750,-399,319,-26,-5,4,-1
15.17754,-399,319,-26,-5,4,-1
15.17757,-397,322,-21,-5,4,-1
15.17758,-397,322,-21,-5,4,-1
15.17765,-397,322,-21,-5,4,-1
15.17766,-400,320,-19,0,-2,1
15.17772,-399,320,-22,0,-2,1
15.17773,-399,320,-22,0,-2,1
15.17774,-403,320,-24,0,-2,1
15.17776,-403,320,-24,0,-2,1
15.23195,-404,322,-35,-4,7,-3
15.23199,-400,320,-28,-4,7,-3
15.23204,-400,320,-28,-4,7,-3
15.23209,-403,318,-24,-4,7,-3
15.23215,-403,318,-24,-4,7,-3
15.23216,-403,318,-24,-4,7,-3
15.23218,-404,317,-26,-4,7,-3
15.23225,-404,317,-26,-4,7,-3
15.23229,-402,317,-30,-4,7,-3
15.23230,-402,317,-30,-4,7,-3
15.23231,-402,317,-30,-4,7,-3
15.28377,-403,318,-31,2,-3,4
15.28383,-405,320,-34,2,-3,4
15.28385,-405,320,-34,2,-3,4
15.28386,-406,321,-34,2,-3,4
15.28388,-406,321,-34,2,-3,4
15.28389,-399,320,-28,-4,3,-3
15.28403,-402,319,-22,-4,3,-3
15.28406,-402,319,-22,-4,3,-3
15.28408,-403,319,-23,-4,3,-3
15.28409,-403,319,-23,-4,3,-3
15.28410,-403,319,-23,-4,3,-3
15.28414,-400,321,-25,-4,3,-3
15.28416,-400,321,-25,-4,3,-3
15.28420,-404,322,-28,-4,3,-3
15.28422,-404,322,-28,-4,3,-3
15.28423,-404,322,-28,-4,3,-3
15.33652,-407,319,-32,-1,-1,-6
15.33657,-407,319,-31,-1,-1,-6
15.33663,-407,319,-31,-1,-1,-6
15.33665,-404,320,-32,-1,-1,-6
15.33672,-404,320,-32,-1,-1,-6
15.33674,-404,320,-32,-1,-1,-6
15.33675,-401,321,-30,-1,-1,-6
15.33676,-401,321,-30,-1,-1,-6
15.33678,-400,321,-29,-1,-1,-6
15.33679,-400,321,-29,-1,-1,-6
15.33680,-400,321,-29,-1,-1,-6
15.33687,-402,320,-28,7,-5,-4
15.38733,-408,318,-27,7,-5,-4
15.38735,-408,318,-27,7,-5,-4
15.38736,-407,319,-30,7,-5,-4
15.38736,-407,319,-30,7,-5,-4
15.38740,-407,319,-35,-9,-2,-3
15.38741,-406,318,-29,-9,-2,-3
15.38743,-406,318,-29,-9,-2,-3
15.38753,-400,321,-23,-9,-2,-3
15.38754,-400,321,-23,-9,-2,-3
15.38754,-400,321,-23,-9,-2,-3
15.38756,-398,320,-21,-9,-2,-3
15.38760,-398,320,-21,-9,-2,-3
15.38765,-400,318,-22,-9,-2,-3
15.38768,-400,318,-22,-9,-2,-3
15.38769,-400,318,-22,-9,-2,-3
15.38770,-402,319,-25,-4,4,0
15.43891,-404,320,-28,-4,4,0
15.43897,-404,320,-28,-4,4,0
15.43902,-403,321,-28,-4,4,0
15.43903,-403,321,-28,-4,0,-4
15.43903,-403,321,-24,-4,0,-4
15.43909,-403,321,-24,-4,0,-4
15.43910,-397,322,-26,-4,0,-4
15.43921,-397,322,-26,-4,0,-4
15.43922,-397,322,-26,-4,0,-4
15.43922,-398,321,-27,-4,0,-4
15.43926,-398,321,-27,-4,0,-4
15.43927,-408,320,-30,-4,0,-4
15.43927,-408,320,-30,-4,0,-4
15.43928,-408,320,-30,-4,0,-4
15.48965,-410,320,-34,-1,-4,1
15.48967,-408,318,-32,-1,-4,1
15.48974,-408,318,-32,-1,-4,1
15.48975,-405,318,-30,-1,-4,1
15.48975,-405,318,-30,-1,-4,1
15.48976,-405,318,-30,-1,-4,1
15.48986,-402,319,-28,-1,-4,1
15.48986,-402,319,-28,-1,-4,1
15.48991,-402,319,-25,-1,-4,1
15.48992,-402,319,-25,-1,-4,1
15.48992,-400,319,-22,0,1,2
15.48993,-401,322,-26,0,1,2
15.48994,-401,322,-26,0,1,2
15.48996,-404,320,-27,0,1,2
15.48996,-404,320,-27,0,1,2
15.48997,-404,320,-27,0,1,2
15.54269,-406,321,-30,-8,2,-3
15.54271,-403,322,-27,-8,2,-3
15.54272,-403,322,-27,-8,2,-3
15.54272,-400,320,-26,-8,2,-3
15.54273,-400,320,-26,-8,2,-3
15.54279,-400,320,-26,-8,2,-3
15.54281,-402,320,-24,-8,2,-3
15.54282,-402,320,-24,-8,2,-3
15.54282,-402,319,-23,-8,2,-3
15.54282,-402,319,-23,-8,2,-3
15.54283,-402,319,-23,-8,2,-3
15.59673,-398,319,-25,5,-4,1
15.59675,-404,319,-28,5,-4,1
15.59675,-404,319,-28,5,-4,1
15.59676,-406,321,-28,5,-4,1
15.59681,-406,321,-28,5,-4,1
15.59683,-406,319,-31,5,-4,1
15.59684,-406,319,-31,5,-4,1
15.59684,-401,318,-32,5,-4,1
15.59685,-401,318,-32,5,-4,1
15.59686,-401,318,-32,5,-4,1
15.59695,-399,320,-26,-9,8,-1
15.59699,-397,320,-23,-9,8,-1
15.59700,-397,320,-23,-9,8,-1
15.59703,-401,320,-21,-9,8,-1
15.59704,-401,320,-21,-9,8,-1
15.59704,-401,320,-21,-9,8,-1
15.64732,-405,320,-30,0,0,-4
15.64733,-409,319,-31,0,0,-4
15.64734,-409,319,-31,0,0,-4
15.64734,-404,318,-29,0,0,-4
15.64739,-404,318,-29,0,0,-4
15.64740,-404,318,-29,0,0,-4
15.64741,-399,320,-27,0,0,-4
15.64742,-399,320,-27,0,0,-4
15.64743,-400,319,-26,0,0,-4
15.64751,-400,319,-26,0,0,-4
15.64753,-400,319,-26,5,-7,-4
15.64756,-403,320,-23,5,-7,-4
15.64756,-403,320,-23,5,-7,-4
15.64758,-410,318,-27,5,-7,-4
15.64758,-410,318,-27,5,-7,-4
15.64759,-410,318,-27,5,-7,-4
15.70123,-407,319,-33,-5,4,1
15.70127,-403,320,-29,-5,4,1
15.70132,-403,320,-29,-5,4,1
15.70135,-403,320,-27,-5,4,1
15.70139,-403,320,-27,-5,4,1
15.70140,-403,320,-27,-5,4,1
15.70141,-402,320,-26,-5,4,1
15.70142,-402,320,-26,-5,4,1
15.70152,-398,321,-25,-5,4,1
15.70154,-398,321,-25,-5,4,1
15.70158,-398,321,-25,-5,4,1
15.75470,-400,318,-26,7,-4,-2
15.75475,-408,317,-26,7,-4,-2
15.75491,-408,317,-26,7,-4,-2
15.75495,-405,319,-29,7,-4,-2
15.75506,-405,319,-29,7,-4,-2
15.75510,-403,319,-29,2,-2,4
15.75512,-401,318,-26,2,-2,4
15.75513,-401,318,-26,2,-2,4
15.75527,-398,320,-24,2,-2,4
15.75533,-398,320,-24,2,-2,4
15.75596,-398,320,-24,2,-2,4
15.75616,-402,318,-24,2,-2,4
15.75622,-402,318,-24,2,-2,4
15.75668,-405,317,-25,2,-2,4
15.75672,-405,317,-25,2,-2,4
15.75693,-405,317,-25,2,-2,4
15.80746,-407,320,-28,5,0,-1
15.80750,-410,319,-32,5,0,-1
15.80757,-410,319,-32,5,0,-1
15.80759,-402,321,-30,5,0,-1
15.80768,-402,321,-30,5,0,-1
15.80771,-402,321,-30,5,0,-1
15.80772,-403,320,-27,5,0,-1
15.80774,-403,320,-27,5,0,-1
15.80775,-404,318,-25,5,0,-1
15.80777,-404,318,-25,5,0,-1
15.80786,-404,318,-25,5,0,-1
15.80788,-398,319,-24,9,-4,-1
15.80793,-400,319,-26,9,-4,-1
15.80796,-400,319,-26,9,-4,-1
15.80797,-400,322,-28,9,-4,-1
15.80799,-400,322,-28,9,-4,-1
15.85933,-406,320,-30,-7,6,-2
15.85940,-402,321,-28,-7,6,-2
15.85951,-402,321,-28,-7,6,-2
15.85956,-400,319,-26,-7,6,-2
15.85959,-400,319,-26,-7,6,-2
15.85965,-400,319,-26,-7,6,-2
15.85970,-399,319,-26,-7,6,-2
15.85975,-399,319,-26,-7,6,-2
15.85977,-402,320,-26,-7,6,-2
15.85981,-402,320,-26,-7,6,-2
15.85982,-402,320,-26,-7,6,-2
15.91146,-403,320,-26,5,-3,0
15.91151,-403,321,-29,5,-3,0
15.91158,-403,321,-29,5,-3,0
15.91164,-407,320,-30,5,-3,0
15.91166,-407,320,-30,5,-3,0
15.91168,-402,320,-29,-4,0,-1
15.91179,-400,320,-25,-4,0,-1
15.91182,-400,320,-25,-4,0,-1
15.91185,-399,320,-23,-4,0,-1
15.91187,-399,320,-23,-4,0,-1
15.91189,-399,320,-23,-4,0,-1
15.91191,-401,319,-25,-4,0,-1
15.91194,-401,319,-25,-4,0,-1
15.91197,-401,317,-29,-4,0,-1
15.91198,-401,317,-29,-4,0,-1
15.91204,-401,317,-29,-4,0,-1
15.96230,-401,318,-30,-2,1,4
15.96234,-403,318,-32,-2,1,4
15.96237,-403,318,-32,-2,1,4
15.96240,-407,319,-31,-2,1,4
15.96242,-407,319,-31,-2,1,4
15.96254,-407,319,-31,-2,1,4
15.96263,-405,318,-30,-2,1,4
15.96273,-405,318,-30,-2,1,4
15.96274,-399,321,-26,-2,1,4
15.96276,-399,321,-26,-2,1,4
15.96285,-399,322,-22,-6,5,0
15.96290,-397,320,-20,-6,5,0
15.96300,-397,320,-20,-6,5,0
15.96304,-404,316,-21,-6,5,0
15.96305,-404,316,-21,-6,5,0
15.96309,-404,316,-21,-6,5,0
16.01655,-407,321,-35,-5,2,0
16.01660,-404,318,-29,-5,2,0
16.01674,-404,318,-29,-5,2,0
16.01677,-404,319,-25,-5,2,0
16.01678,-404,319,-25,-5,2,0
16.01685,-404,319,-25,-5,2,0
16.01693,-400,322,-22,-5,2,0
16.01695,-400,322,-22,-5,2,0
16.01696,-395,317,-20,-5,2,0
16.01697,-395,317,-20,-5,2,0
16.06764,-395,317,-20,358,-350,91
16.06769,-401,267,-374,358,-350,91
16.06776,-401,267,-374,358,-350,91
16.06784,-358,279,-429,358,-350,91
16.06790,-358,279,-429,358,-350,91
16.06796,-358,279,-429,358,-350,91
16.06805,-369,285,-181,298,-259,5
16.06808,-372,279,-186,298,-259,5
16.06816,-372,279,-186,298,-259,5
16.06821,-403,265,-261,298,-259,5
16.06824,-403,265,-261,298,-259,5
16.06861,-403,265,-261,298,-259,5
16.06863,-431,287,-311,298,-259,5
16.06865,-431,287,-311,298,-259,5
16.06870,-407,305,-351,298,-259,5
16.06872,-407,305,-351,298,-259,5
16.12130,-373,291,-374,357,-347,99
16.12141,-358,316,-21,357,-347,99
16.12149,-358,316,-21,357,-347,99
16.12152,-359,353,-19,357,-347,99
16.12157,-359,353,-19,357,-347,99
16.12164,-359,353,-19,357,-347,99
16.12165,-403,324,-74,357,-347,99
16.12168,-403,324,-74,357,-347,99
16.12171,-427,321,-92,357,-347,99
16.12176,-427,321,-92,357,-347,99
16.12178,-428,318,-89,-24,81,34
16.12179,-393,346,-13,-24,81,34
16.12183,-393,346,-13,-24,81,34
16.12185,-377,312,4,-24,81,34
16.17421,-377,312,4,-24,81,34
16.17427,-377,312,4,-24,81,34
16.17438,-410,321,27,-13,57,21
16.17441,-456,283,-52,-6,69,27
16.17443,-456,283,-52,9,20,8
16.17446,-401,305,-66,18,-42,-21
16.17454,-401,305,-66,13,-67,-41
16.17458,-410,318,2,5,-38,-37
16.17461,-410,318,2,-12,-2,-16
16.17464,-445,314,36,-34,20,12
16.17473,-445,314,36,-38,45,42
16.17477,-381,350,60,-17,47,45
16.17479,-381,350,60,28,9,13
16.17483,-340,361,40,80,-41,-28
16.17491,-340,361,40,108,-79,-55
16.17494,-418,308,-44,96,-79,-53
16.22661,-417,291,-97,-115,127,-43
16.22666,-440,277,-18,-80,62,-21
16.22679,-440,277,-18,-8,-36,8
16.22686,-437,325,-17,51,-134,23
16.22691,-437,325,-17,64,-154,33
16.22693,-423,344,-131,21,-89,29
16.22696,-423,344,-131,-56,16,14
16.22700,-397,310,-193,-111,136,15
16.22703,-397,310,-193,-124,192,12
16.22704,-364,338,-71,-126,138,-20
16.22708,-364,338,-71,-125,61,-52
16.22709,-364,338,-71,-124,41,-54
16.22714,-361,360,128,-132,61,-37
16.22721,-361,360,128,-112,63,-17
16.22726,-402,332,239,-69,31,-4
16.22730,-402,332,239,-3,-22,-3
16.27753,-390,331,-175,-61,49,-11
16.27763,-390,331,-175,-91,117,15
16.27768,-386,321,-124,-102,104,15
16.27772,-386,321,-124,-92,57,-11
16.27774,-375,335,-12,-61,31,-41
16.27778,-375,335,-12,-16,18,-47
16.27781,-436,311,48,21,-3,-28
16.27784,-436,311,48,32,-29,5
16.27785,-383,323,-39,11,-47,26
16.27789,-383,323,-39,-20,-40,21
16.27793,-350,351,-55,-13,9,15
16.27798,-350,351,-55,49,14,4
16.27799,-403,324,-59,60,-48,-21
16.27800,-403,324,-59,41,-48,-27
16.27804,-452,278,-35,3,12,-17
16.27806,-452,278,-35,-17,66,-1
16.32945,-388,319,13,12,-53,-22
16.32950,-444,315,17,35,-26,13
16.32957,-444,315,17,61,-31,51
16.32962,-411,333,-53,62,-66,57
16.32976,-411,333,-53,32,-72,29
16.32982,-334,346,-97,-13,-21,-4
16.32987,-334,346,-97,-37,71,-7
16.32990,-339,347,-58,-12,52,8
16.32992,-397,332,17,20,-86,-4
16.32997,-397,332,17,4,-70,-24
16.33004,-442,301,74,-2,12,-20
16.33006,-442,301,74,2,50,-5
16.33007,-434,303,87,26,12,13
16.33009,-434,303,87,63,-57,30
16.33014,-406,319,21,92,-110,32
16.33019,-406,319,21,104,-114,19
16.38518,-410,345,38,124,-184,10
16.38526,-336,352,-13,143,-151,-3
16.38534,-336,352,-13,111,-46,4
16.38543,-393,312,-88,41,40,6
16.38548,-393,312,-88,-8,89,17
16.38549,-436,293,-88,-5,81,17
16.38550,-436,293,-88,32,7,-5
16.38552,-391,305,-42,73,-68,-13
16.38553,-391,305,-42,78,-112,-8
16.38554,-394,307,-71,44,-96,4
16.38555,-394,307,-71,4,-20,26
16.38556,-394,307,-71,-31,24,23
16.38556,-435,306,-141,-51,13,-2
16.38564,-435,306,-141,-52,4,-12
16.38565,-423,318,-155,-48,11,-10
16.38569,-423,318,-155,-35,42,1
16.44021,-401,322,-137,-78,35,-36
16.44045,-375,317,3,-23,20,-41
16.44057,-375,317,3,52,-31,-20
16.44062,-418,325,117,115,-67,15
16.44073,-418,325,117,146,-77,34
16.44075,-454,313,103,146,-75,29
16.44077,-454,313,103,148,-83,26
16.44095,-386,316,-158,132,-85,15
16.44106,-386,316,-158,69,-91,-11
16.44107,-410,292,-242,-24,-50,-27
16.44109,-410,292,-242,-107,72,-18
16.44110,-436,304,-150,-153,181,-2
16.44122,-436,304,-150,-154,181,3
16.44123,-418,328,1,-127,96,7
16.44125,-418,328,1,-79,15,13
16.44126,-397,313,85,-34,-36,9
16.49231,-409,320,-95,45,-17,26
16.49239,-409,320,-95,55,32,13
16.49252,-356,355,-89,41,31,-10
16.49259,-356,355,-89,11,37,-27
16.49268,-373,336,-23,-21,77,-28
16.49272,-373,336,-23,-46,106,-16
16.49275,-435,297,66,-54,85,2
16.49288,-435,297,66,-42,16,9
16.49295,-429,306,123,-15,-63,3
16.49300,-429,306,123,26,-108,0
16.49302,-399,326,78,73,-115,5
16.49305,-399,326,78,120,-107,18
16.49307,-391,321,-75,149,-103,31
16.49309,-391,321,-75,143,-93,22
16.49312,-387,313,-241,115,-43,0
16.49314,-387,313,-241,75,23,-18
16.54847,-420,306,-92,-122,139,-18
16.54853,-420,306,-92,-69,120,8
16.54866,-430,310,44,5,4,11
16.54870,-430,310,44,80,-111,6
16.54872,-414,321,124,131,-132,17
16.54874,-414,321,124,125,-91,22
16.54878,-406,319,42,80,-38,29
16.54887,-406,319,42,34,-5,34
16.54892,-398,310,-122,16,-9,16
16.54901,-398,310,-122,21,-32,-4
16.54904,-380,302,-205,31,-39,-6
16.54906,-380,302,-205,19,-4,-1
16.54908,-380,319,-176,-15,46,-8
16.54910,-380,319,-176,-52,78,-17
16.54919,-392,334,-78,-77,76,-19
16.54923,-392,334,-78,-88,58,-19
16.60417,-391,315,7,-163,108,-26
16.60423,-428,312,140,-99,22,-19
16.60431,-428,312,140,10,-39,3
16.60433,-436,325,209,116,-74,23
16.60439,-436,325,209,181,-106,29
16.60445,-391,348,132,198,-119,29
16.60453,-391,348,132,167,-113,15
16.60456,-370,339,-39,112,-84,-1
16.60463,-370,339,-39,54,-42,-4
16.60466,-381,306,-164,3,-11,0
16.60467,-381,306,-164,-36,16,-5
16.60468,-392,304,-169,-54,58,-20
16.60476,-392,304,-169,-45,101,-27
16.60478,-432,324,-105,-29,85,-19
16.60485,-432,324,-105,-31,16,-5
16.60487,-438,319,-65,-43,-17,5
16.65714,-429,351,100,-157,114,19
16.65740,-382,368,261,-118,124,22
16.65743,-382,368,261,-49,65,10
16.65746,-325,405,403,48,-40,-1
16.65748,-325,405,403,141,-141,-5
16.65759,-363,392,408,186,-199,-6
16.65760,-363,392,408,182,-174,9
16.65762,-418,343,261,150,-91,38
16.65770,-418,343,261,105,-34,49
16.65775,-346,357,60,58,-29,29
16.65783,-346,357,60,18,-31,-11
16.65788,-346,357,60,-20,-2,-54
16.65789,-414,323,12,-62,51,-72
16.65795,-414,323,12,-104,100,-54
16.65802,-483,309,54,-123,115,-19
16.65806,-483,309,54,-103,97,16
16.71223,-308,405,90,-93,61,-40
16.71228,-308,405,90,-103,63,-15
16.71233,-461,344,173,-106,80,14
16.71235,-461,344,173,-95,94,25
16.71237,-476,310,173,-50,73,13
16.71246,-476,310,173,29,1,-8
16.71250,-328,366,188,111,-99,-20
16.71254,-328,366,188,163,-166,-12
16.71259,-303,372,139,165,-153,12
16.71260,-303,372,139,125,-75,32
16.71262,-426,307,-33,70,5,28
16.71271,-426,307,-33,74,-15,-10
16.71273,-476,287,-177,66,-31,-31
16.71278,-476,287,-177,54,-53,-33
16.71282,-403,322,-174,27,-51,-13
16.71288,-403,322,-174,-28,0,14
16.76637,-377,321,-68,-78,71,-7
16.76643,-412,299,-21,-78,74,-7
16.76652,-412,299,-21,-53,47,-7
16.76658,-433,303,22,-13,7,-9
16.76660,-433,303,22,25,-28,-9
16.76663,-433,303,22,45,-42,-6
16.76665,-415,325,21,49,-35,3
16.76669,-415,325,21,42,-21,13
16.76682,-393,332,-29,31,-11,19
16.76685,-393,332,-29,16,-9,17
16.76689,-387,324,-79,-2,-5,7
16.76691,-387,324,-79,-20,5,-6
16.76698,-393,320,-78,-38,20,-14
16.76705,-393,320,-78,-53,37,-14
16.76708,-404,319,-25,-56,49,-7
16.76710,-404,319,-25,-41,42,2
16.82129,-384,326,-10,11,-52,-11
16.82134,-384,326,-10,-2,-35,-10
16.82140,-407,316,-23,-13,5,-4
16.82149,-407,316,-23,-16,41,5
16.82157,-432,302,-42,-12,49,8
16.82161,-432,302,-42,-8,37,10
16.82163,-410,320,-32,-3,7,6
16.82165,-410,320,-32,-1,-23,-1
16.82166,-389,336,-23,-6,-30,-2
16.82174,-389,336,-23,-14,-9,3
16.82176,-409,320,-32,-19,22,10
16.82177,-409,320,-32,-16,40,12
16.82178,-414,309,-27,-2,28,6
16.82185,-414,309,-27,15,-8,-3
16.82186,-388,323,-4,27,-43,-8
16.82192,-388,323,-4,30,-55,-4
16.87695,-399,323,-34,10,-16,-3
16.87699,-394,321,-42,-1,-4,-2
16.87705,-394,321,-42,-11,11,1
16.87707,-399,319,-35,-13,18,4
16.87708,-399,319,-35,-7,11,2
16.87708,-401,323,-22,2,-3,0
16.87709,-401,323,-22,9,-15,-1
16.87710,-398,324,-20,11,-18,-1
16.87711,-398,324,-20,8,-13,2
16.87721,-400,319,-24,5,-2,5
16.87725,-400,319,-24,5,5,6
16.87730,-405,319,-27,9,1,5
16.87734,-405,319,-27,13,-11,4
16.87736,-403,322,-32,13,-17,1
16.87740,-403,322,-32,8,-13,-2
16.87745,-404,322,-34,2,-2,-4
16.93110,-404,319,-20,3,-8,0
16.93118,-404,319,-20,8,-13,1
16.93121,-412,314,-19,9,-6,2
16.93133,-412,314,-19,8,4,3
16.93145,-412,314,-24,5,10,3
16.93186,-412,314,-24,5,5,4
16.93189,-403,322,-30,6,-5,5
16.93191,-403,322,-30,5,-9,6
16.93193,-403,322,-30,0,-2,4
16.93201,-400,322,-38,-8,12,1
16.93206,-400,322,-38,-11,18,-2
16.93208,-399,320,-37,-7,14,-2
16.93218,-399,320,-37,0,1,0
16.93228,-394,325,-27,5,-10,0
16.93232,-394,325,-27,5,-12,-2
16.93238,-394,324,-24,3,-7,-3
16.98329,-400,322,-15,9,-12,-1
16.98333,-402,319,-25,14,-15,0
16.98339,-402,319,-25,12,-10,3
16.98341,-403,319,-36,11,-6,3
16.98351,-403,319,-36,8,-2,4
16.98353,-403,319,-36,4,-1,4
16.98355,-398,324,-37,1,-4,4
16.98356,-398,324,-37,-1,-6,4
16.98359,-396,323,-34,-5,-2,3
16.98360,-396,323,-34,-9,9,2
16.98361,-399,319,-29,-12,17,0
16.98363,-399,319,-29,-12,16,-1
16.98365,-404,318,-20,-7,9,-1
16.98367,-404,318,-20,2,-3,-2
16.98370,-406,317,-16,6,-9,-1
16.98374,-406,317,-16,5,-5,1
17.03886,-403,318,-20,7,-15,2
17.03903,-403,318,-20,11,-10,4
17.03905,-402,317,-24,12,-4,2
17.03906,-402,317,-24,11,-1,1
17.03907,-401,319,-33,6,0,-1
17.03908,-401,319,-33,-2,1,-2
17.03909,-401,319,-33,-8,1,-2
17.03930,-402,319,-40,-7,2,0
17.03931,-402,319,-40,-3,2,0
17.03933,-407,321,-34,0,2,1
17.03936,-407,321,-34,0,3,0
17.03948,-406,323,-24,1,2,-1
17.03951,-406,323,-24,3,-1,-1
17.03972,-401,320,-21,7,-6,0
17.03973,-401,320,-21,10,-9,1
17.03974,-403,319,-22,14,-10,2
17.09061,-401,323,-37,-8,5,-2
17.09067,-397,323,-34,-9,3,-3
17.09074,-397,323,-34,-9,4,-3
17.09076,-399,322,-27,-7,6,-2
17.09085,-399,322,-27,-5,6,1
17.09093,-398,320,-23,-3,5,2
17.09096,-398,320,-23,-2,4,1
17.09102,-400,317,-22,2,4,-1
17.09104,-400,317,-22,3,2,-1
17.09111,-406,317,-24,3,0,1
17.09114,-406,317,-24,1,0,2
17.09115,-405,320,-28,-2,3,2
17.09117,-405,320,-28,-7,5,1
17.09119,-405,320,-28,-8,5,1
17.09123,-406,320,-28,-7,5,3
17.09125,-406,320,-28,-6,3,4
17.14536,-398,321,-27,0,-2,1
17.14541,-401,319,-32,-3,3,-1
17.14549,-401,319,-32,-4,6,-3
17.14551,-406,320,-27,-3,8,-2
17.14557,-406,320,-27,-1,4,0
17.14559,-409,319,-24,0,1,2
17.14561,-409,319,-24,-1,0,3
17.14571,-404,320,-24,0,1,1
17.14572,-404,320,-24,4,1,2
17.14575,-402,322,-25,8,-1,2
17.14576,-402,322,-25,8,-4,0
17.14578,-402,322,-31,8,-6,-2
17.14585,-402,322,-31,6,-5,-1
17.14586,-402,321,-37,2,-1,1
17.14592,-402,321,-37,-2,3,2
17.14593,-398,322,-36,-5,4,1
17.19845,-406,320,-36,-10,12,2
17.19922,-406,320,-36,-9,12,2
17.19927,-405,322,-28,-8,8,1
17.19930,-405,322,-28,-8,3,0
17.19932,-402,320,-22,-7,-1,0
17.19933,-402,320,-22,-3,-1,0
17.19938,-402,319,-19,5,0,2
17.19946,-402,319,-19,11,0,2
17.19955,-400,321,-20,13,-5,0
17.19963,-400,321,-20,11,-9,-1
17.19968,-399,322,-30,5,-10,-1
17.19970,-399,322,-30,0,-6,1
17.19971,-402,320,-39,-3,1,2
17.19973,-402,320,-39,-6,8,0
17.19974,-402,320,-35,-7,10,-3
17.19979,-402,320,-35,-8,7,-3
17.25464,-399,319,-26,-6,1,2
17.25470,-399,319,-26,-1,4,0
17.25477,-398,322,-19,4,3,-1
17.25479,-398,322,-19,8,-2,-2
17.25491,-402,320,-21,8,-9,0
17.25498,-402,320,-21,6,-13,2
17.25505,-406,316,-30,5,-12,4
17.25507,-406,316,-30,4,-5,3
17.25512,-405,319,-35,0,2,1
17.25520,-405,319,-35,-4,7,-2
17.25526,-406,319,-36,-8,9,-1
17.25528,-406,319,-36,-11,8,0
17.25530,-409,315,-34,-11,6,1
17.25533,-409,315,-34,-9,4,1
17.25540,-405,318,-26,-7,5,1
17.25544,-405,318,-26,-7,8,0
17.30726,-404,322,-25,-1,1,-1
17.30731,-405,320,-26,1,2,0
17.30741,-405,320,-26,0,2,1
17.30743,-403,320,-27,-1,2,-1
17.30745,-403,320,-27,0,0,-2
17.30746,-395,323,-27,2,-1,-3
17.30748,-395,323,-27,3,0,-2
17.30757,-400,321,-27,3,2,0
17.30759,-400,321,-27,4,3,2
17.30761,-404,320,-26,5,1,2
17.30769,-404,320,-26,7,-2,-1
17.30772,-398,325,-23,8,-8,-2
17.30773,-398,325,-23,7,-9,-1
17.30776,-403,321,-23,6,-4,2
17.30777,-403,321,-23,2,0,3
17.30779,-410,315,-26,-1,3,2
17.36287,-397,323,-22,10,-5,2
17.36292,-397,323,-22,9,-5,4
17.36299,-403,320,-23,7,-7,6
17.36317,-403,320,-23,3,-5,3
17.36319,-401,320,-31,1,-2,-1
17.36321,-401,320,-31,1,2,-4
17.36322,-407,319,-33,1,3,-5
17.36323,-407,319,-33,-1,1,-3
17.36326,-408,318,-32,-4,1,2
17.36336,-408,318,-32,-7,4,5
17.36341,-406,319,-25,-7,6,6
17.36351,-406,319,-25,-5,6,5
17.36355,-405,321,-20,-3,3,2
17.36356,-405,321,-20,2,0,0
17.36358,-400,320,-23,5,-4,-1
17.36363,-400,320,-23,6,-5,0
17.41509,-403,322,-31,-1,-1,2
17.41515,-403,322,-31,-3,0,1
17.41523,-403,322,-31,-5,3,0
17.41527,-400,321,-32,-6,5,1
17.41529,-400,321,-32,-5,5,2
17.41530,-397,321,-30,-3,4,0
17.41537,-397,321,-30,-2,3,0
17.41539,-399,322,-25,-1,0,3
17.41544,-399,322,-25,2,-4,3
17.41549,-401,320,-24,5,-7,2
17.41552,-401,320,-24,8,-6,1
17.41556,-402,319,-26,8,-2,2
17.41558,-405,319,-29,3,2,0
17.41560,-405,319,-29,1,1,-1
17.41565,-407,319,-31,-2,0,0
17.41573,-407,319,-31,-4,1,-1
17.46589,-399,321,-24,2,-7,6
17.46594,-401,318,-30,2,-5,6
17.46602,-401,318,-30,1,2,4
17.46609,-400,320,-30,0,5,1
17.46613,-400,320,-30,2,0,-1
17.46620,-399,321,-27,4,-7,-1
17.46626,-399,321,-27,3,-7,-1
17.46628,-406,317,-29,0,-3,0
17.46629,-406,317,-29,0,1,0
17.46630,-408,318,-28,1,4,-1
17.46631,-408,318,-28,1,3,-3
17.46632,-408,316,-27,1,1,0
17.46633,-408,316,-27,0,-1,5
17.46639,-408,316,-27,-1,0,8
17.46644,-404,317,-29,-3,0,6
17.46645,-404,317,-29,-3,2,2
17.52129,-398,320,-24,2,-2,-1
17.52134,-401,319,-26,1,0,0
17.52141,-401,319,-26,3,-2,1
17.52144,-404,320,-30,4,-3,1
17.52154,-404,320,-30,3,-2,0
17.52156,-405,320,-32,0,2,0
17.52157,-405,320,-32,-5,6,1
17.52158,-407,319,-32,-8,7,1
17.52160,-407,319,-32,-10,6,1
17.52172,-405,318,-28,-9,4,2
17.52184,-405,318,-28,-8,4,3
17.52188,-401,319,-24,-8,4,4
17.52189,-401,319,-24,-7,3,4
17.52194,-401,320,-22,-4,0,3
17.52198,-401,320,-22,1,-6,2
17.52199,-400,321,-25,5,-8,2
17.57705,-404,320,-32,-1,-1,-1
17.57708,-401,320,-33,-6,2,-1
17.57709,-401,320,-33,-6,6,1
17.57716,-401,320,-28,-3,7,3
17.57717,-401,320,-28,1,4,3
17.57717,-400,321,-23,3,-1,2
17.57720,-400,321,-23,4,-6,0
17.57720,-402,320,-24,4,-8,1
17.57721,-402,320,-24,3,-5,3
17.57728,-405,318,-27,3,-1,6
17.57728,-405,318,-27,2,2,5
17.57739,-405,319,-28,0,1,1
17.57740,-405,319,-28,-1,1,-4
17.57740,-406,319,-31,-6,4,-2
17.57744,-406,319,-31,-8,6,2
17.57744,-408,318,-31,-6,6,4
17.63249,-404,317,-30,-2,5,-1
17.63252,-405,318,-30,-5,3,-1
17.63252,-407,319,-28,-5,0,1
17.63252,-407,319,-28,-4,0,1
17.63259,-402,320,-27,-1,3,0
17.63264,-402,320,-27,-1,4,0
17.63264,-401,321,-27,-3,3,1
17.63273,-401,321,-27,-1,-2,3
17.63273,-401,321,-30,1,-3,2
17.63273,-401,321,-30,1,0,0
17.63274,-399,322,-28,-1,3,-2
17.63277,-399,321,-27,0,1,-2
17.63277,-399,321,-27,0,-2,-2
17.63278,-402,318,-27,-1,1,-2
17.63283,-402,318,-27,1,2,-1
17.63283,-405,319,-27,2,2,2
17.68485,-400,323,-24,3,-3,2
17.68487,-399,322,-26,5,-4,2
17.68492,-399,322,-26,7,-6,2
17.68493,-404,318,-30,8,-5,2
17.68493,-404,318,-30,6,-1,2
17.68493,-403,318,-32,3,4,0
17.68493,-403,318,-32,-2,3,-4
17.68494,-402,320,-32,-4,3,-4
17.68501,-402,320,-32,-6,3,-2
17.68502,-406,318,-28,-8,3,0
17.68505,-406,318,-28,-8,3,1
17.68505,-406,318,-23,-6,4,1
17.68505,-406,318,-23,-1,2,-1
17.68506,-401,322,-20,4,-2,-1
17.68506,-401,322,-20,6,-5,0
17.68506,-402,322,-24,5,-7,0
17.73854,-405,318,-25,9,-6,1
17.73857,-405,318,-25,6,-4,1
17.73864,-407,318,-29,1,-1,1
17.73865,-407,318,-29,-2,1,2
17.73871,-405,320,-32,-3,2,2
17.73872,-405,320,-32,-5,3,2
17.73873,-402,320,-29,-7,4,0
17.73878,-402,320,-29,-7,6,2
17.73878,-402,320,-29,-6,6,4
17.73879,-401,321,-23,-5,4,4
17.73882,-401,321,-23,-4,1,3
17.73885,-401,321,-19,-2,-3,1
17.73885,-401,321,-19,3,-7,-1
17.73886,-400,320,-22,8,-9,-2
17.73886,-400,320,-22,8,-8,-2
17.73886,-401,320,-31,6,-7,-1
17.79319,-403,322,-24,-1,-3,0
17.79321,-403,322,-24,-3,-1,1
17.79322,-402,319,-27,-5,3,1
17.79328,-402,319,-27,-3,6,1
17.79329,-397,322,-26,0,2,0
17.79336,-397,322,-26,4,-3,0
17.79337,-400,324,-25,5,-7,0
17.79338,-400,324,-25,2,-7,0
17.79345,-406,319,-29,1,-4,1
17.79353,-406,319,-29,0,1,3
17.79358,-405,318,-30,0,4,2
17.79366,-405,318,-30,1,3,0
17.79367,-406,321,-27,1,0,0
17.79370,-406,321,-27,1,-3,0
17.79371,-409,320,-30,-1,-4,-1
17.79376,-409,320,-30,-1,-6,-3
17.84883,-405,319,-25,7,-1,1
17.84888,-405,319,-25,2,3,2
17.84897,-407,319,-31,-1,5,1
17.84898,-407,319,-31,0,3,0
17.84898,-407,319,-33,-1,1,-1
17.84908,-407,319,-33,-4,2,-2
17.84908,-407,319,-28,-8,4,0
17.84909,-407,319,-28,-7,6,1
17.84909,-402,321,-22,-5,5,2
17.84910,-402,321,-22,-3,3,2
17.84917,-400,320,-22,-1,0,1
17.84917,-400,320,-22,2,-4,0
17.84918,-402,319,-28,5,-8,0
17.84919,-402,319,-28,5,-9,2
17.84925,-402,319,-28,3,-7,2
17.84925,-398,320,-32,2,-3,-1
17.90128,-404,319,-27,-2,0,0
17.90135,-403,318,-23,2,-3,0
17.90136,-403,318,-23,3,-6,1
17.90137,-400,320,-23,4,-5,1
17.90140,-400,320,-23,6,-3,1
17.90141,-402,319,-28,7,1,1
17.90149,-402,319,-28,6,3,0
17.90152,-407,320,-31,5,1,-1
17.90153,-407,320,-31,4,-1,-2
17.90154,-407,320,-31,2,-1,-1
17.90158,-408,321,-33,-1,2,0
17.90162,-408,321,-33,-6,7,2
17.90163,-406,319,-31,-8,10,2
17.90165,-406,319,-31,-7,7,0
17.90168,-402,320,-24,-4,4,-3
17.90172,-402,320,-24,0,1,-3
17.95558,-404,322,-28,-2,4,5
17.95568,-404,322,-28,-2,1,3
17.95576,-407,320,-28,-1,-3,0
17.95582,-407,320,-28,0,-3,-2
17.95585,-407,320,-28,-1,-1,-1
17.95589,-407,319,-27,-4,3,1
17.95593,-407,319,-27,-5,6,2
17.95594,-400,323,-26,-2,5,1
17.95596,-400,323,-26,1,2,-2
17.95597,-398,323,-26,1,-1,-3
17.95598,-398,323,-26,-1,-1,-2
17.95601,-401,321,-27,0,1,0
17.95604,-401,321,-27,3,1,1
17.95607,-400,322,-28,5,0,0
17.95613,-400,322,-28,5,-2,-2
17.95617,-398,322,-29,3,-5,-2
18.00939,-401,319,-28,-4,2,1
18.00944,-402,318,-24,-2,2,1
18.00953,-402,318,-24,-1,3,0
18.00956,-398,320,-23,0,2,1
18.00964,-398,320,-23,2,1,1
18.00966,-397,320,-22,5,-5,0
18.00975,-397,320,-22,7,-12,-1
18.00978,-397,320,-22,6,-11,-1
18.00979,-403,317,-26,2,-4,0
18.00981,-403,317,-26,-1,2,1
18.00983,-404,318,-31,-2,3,0
18.00984,-404,318,-31,-3,0,-1
18.00992,-404,319,-32,-3,0,-3
18.00996,-404,319,-32,-3,3,-4
18.00998,-409,317,-29,-4,5,-1
18.00999,-409,317,-29,-4,4,2
18.06231,-402,320,-25,3,-4,-6
18.06237,-405,319,-26,4,-3,-5
18.06245,-405,319,-26,4,-1,-1
18.06253,-409,319,-29,2,1,3
18.06261,-409,319,-29,0,2,2
18.06268,-406,320,-32,-6,5,-1
18.06269,-406,320,-32,-8,5,-2
18.06281,-404,319,-30,-6,3,-2
18.06288,-404,319,-30,-3,1,1
18.06292,-405,318,-27,-1,2,2
18.06300,-405,318,-27,1,4,3
18.06304,-401,319,-25,2,3,2
18.06316,-401,319,-25,5,-2,2
18.06318,-403,318,-25,7,-5,1
18.06319,-403,318,-25,6,-5,-1
18.06320,-403,319,-28,4,-3,-2
18.11683,-403,319,-28,-6,5,-1
18.11688,-403,319,-28,-8,9,-1
18.11711,-402,321,-24,-7,7,1
18.11715,-402,321,-24,-3,2,2
18.11717,-400,322,-21,1,-5,2
18.11719,-400,322,-21,4,-7,-1
18.11725,-400,322,-21,5,-3,-1
18.11740,-401,321,-26,3,2,1
18.11743,-401,321,-26,0,4,5
18.11744,-401,320,-30,3,2,7
18.11746,-401,320,-30,7,-1,5
18.11760,-400,320,-29,9,-3,1
18.11763,-400,320,-29,7,-4,-1
18.11764,-402,320,-30,1,-2,-1
18.11766,-402,320,-30,-5,2,1
18.11767,-408,318,-30,-6,4,1
18.17246,-399,319,-25,8,-5,-1
18.17340,-399,319,-25,6,-4,0
18.17345,-403,318,-29,4,-2,1
18.17382,-403,318,-29,2,0,0
18.17409,-405,318,-33,-1,2,-2
18.17423,-405,318,-33,-4,3,-3
18.17425,-406,319,-32,-7,4,-2
18.17427,-406,319,-32,-8,3,1
18.17428,-407,320,-28,-7,2,3
18.17436,-407,320,-28,-5,0,2
18.17441,-407,320,-28,-2,0,0
18.17446,-405,320,-26,1,0,0
18.17468,-405,320,-26,3,0,2
18.17473,-403,319,-24,4,0,3
18.17482,-403,319,-24,5,0,3
18.17498,-400,318,-28,5,-1,3
18.22957,-399,321,-27,-4,4,2
18.22962,-403,321,-24,-2,1,2
18.22977,-403,321,-24,0,-1,1
18.22986,-403,320,-25,2,-2,1
18.22991,-403,320,-25,3,-4,1
18.22994,-403,320,-25,5,-7,2
18.22996,-401,319,-26,8,-7,3
18.23006,-401,319,-26,10,-5,3
18.23009,-402,319,-29,10,-2,0
18.23013,-402,319,-29,6,0,-2
18.23018,-404,318,-33,0,0,-3
18.23021,-404,318,-33,-4,1,-1
18.23025,-407,318,-33,-5,4,1
18.23027,-407,318,-33,-4,5,1
18.23029,-406,320,-29,-3,5,0
18.23037,-406,320,-29,-2,2,0
18.28349,-409,340,-26,-75,31,4
18.28355,-409,340,-26,-101,55,0
18.28365,-394,345,19,-122,79,-3
18.28380,-394,345,19,-130,86,-4
18.28382,-392,354,110,-123,73,0
18.28388,-392,354,110,-108,49,2
18.28393,-405,368,213,-101,31,5
18.28397,-405,368,213,-111,34,10
18.28404,-393,379,305,-126,60,14
18.28406,-393,379,305,-124,91,14
18.28410,-352,393,415,-89,88,9
18.28416,-352,393,415,-21,32,2
18.28423,-348,396,514,68,-55,3
18.28444,-348,396,514,202,-165,19
18.28446,-397,349,356,268,-196,32
18.28447,-397,349,356,311,-201,37
18.34015,-377,341,-44,-107,101,-17
18.34117,-392,349,73,-113,75,-21
18.34140,-392,349,73,-66,7,-18
18.34142,-421,343,144,-6,-39,-14
18.34144,-421,343,144,21,-24,-1
18.34145,-420,329,115,1,14,18
18.34147,-420,329,115,-48,19,24
18.34153,-396,335,121,-89,-2,6
18.34157,-396,335,121,-99,6,-12
18.34163,-396,335,121,-91,57,-12
18.34165,-406,361,218,-81,116,3
18.34169,-406,361,218,-67,134,20
18.34170,-401,384,309,-69,106,27
18.34171,-401,384,309,-54,8,25
18.34172,-352,375,325,-24,-84,12
18.34173,-352,375,325,23,-93,3
18.39677,-396,334,170,-20,51,-8
18.39681,-396,334,170,56,-7,15
18.39686,-403,330,156,96,-69,17
18.39692,-403,330,156,102,-95,8
18.39694,-389,319,24,93,-81,0
18.39699,-389,319,24,80,-68,-3
18.39705,-393,317,-118,64,-63,2
18.39710,-393,317,-118,40,-38,4
18.39712,-395,323,-180,4,14,-8
18.39717,-395,323,-180,-47,69,-27
18.39723,-389,334,-157,-113,108,-38
18.39728,-389,334,-157,-174,125,-39
18.39731,-389,334,-157,-198,122,-23
18.39734,-409,326,-56,-156,102,5
18.39736,-409,326,-56,-54,50,18
18.39742,-424,313,74,52,-38,12
18.45038,-397,340,199,-184,152,-9
18.45046,-430,335,365,-53,50,-6
18.45051,-430,335,365,79,-48,8
18.45052,-407,328,291,187,-113,27
18.45062,-407,328,291,262,-165,33
18.45065,-383,334,5,316,-211,35
18.45066,-383,334,5,340,-255,33
18.45068,-362,335,-327,306,-275,16
18.45070,-362,335,-327,195,-211,-11
18.45077,-361,328,-484,20,-42,-36
18.45083,-361,328,-484,-161,171,-46
18.45086,-369,340,-351,-298,311,-42
18.45090,-369,340,-351,-379,335,-38
18.45092,-381,337,-55,-412,298,-49
18.45096,-381,337,-55,-412,266,-69
18.45099,-441,282,202,-365,257,-71
18.50558,-385,327,-226,-107,41,-8
18.50598,-385,327,-226,-172,134,-19
18.50604,-404,341,-156,-192,175,-4
18.50612,-404,341,-156,-184,144,27
18.50630,-382,362,12,-177,87,37
18.50634,-382,362,12,-184,71,12
18.50649,-302,365,202,-180,110,-24
18.50651,-302,365,202,-137,138,-44
18.50652,-379,330,360,-43,80,-35
18.50653,-379,330,360,90,-52,-9
18.50663,-480,299,356,210,-179,20
18.50669,-480,299,356,271,-225,41
18.50674,-406,330,140,269,-186,41
18.50684,-406,330,140,231,-129,22
18.50696,-339,363,-130,216,-125,4
18.50732,-339,363,-130,169,-137,-36
18.56245,-407,308,19,90,-177,29
18.56250,-393,303,-248,36,-86,5
18.56259,-393,303,-248,-1,8,-10
18.56265,-403,322,-373,-26,89,-9
18.56266,-403,322,-373,-40,137,-7
18.56268,-404,305,-9,-36,156,-6
18.56278,-404,305,-9,-16,137,-4
18.56281,-428,294,194,11,53,3
18.56294,-428,294,194,42,-75,17
18.56301,-431,300,126,83,-189,43
18.56304,-431,300,126,118,-258,58
18.56306,-387,327,-103,129,-270,38
18.56316,-387,327,-103,122,-193,9
18.56317,-381,341,-256,98,-61,-2
18.56321,-381,341,-256,57,42,-1
18.56332,-374,348,-197,14,108,6
18.61471,-428,300,77,125,-130,26
18.61477,-417,305,-47,175,-152,30
18.61486,-417,305,-47,168,-116,17
18.61492,-390,302,-209,118,-29,1
18.61494,-390,302,-209,55,55,-9
18.61496,-375,311,-273,7,84,-5
18.61506,-375,311,-273,-26,58,8
18.61512,-390,328,-213,-48,18,9
18.61515,-390,328,-213,-70,-2,-4
18.61519,-428,320,-94,-97,14,-14
18.61521,-428,320,-94,-126,54,-14
18.61524,-430,313,25,-130,101,17
18.61529,-377,344,121,-85,62,17
18.61531,-377,344,121,-13,-10,4
18.61532,-368,355,144,41,-93,-14
18.61534,-368,355,144,60,-120,-24
18.66683,-383,335,152,-228,245,-16
18.66695,-383,335,152,-192,179,-11
18.66697,-408,328,230,-152,72,-10
18.66709,-408,328,230,-123,-41,-17
18.66711,-401,326,140,-108,-86,-33
18.66721,-401,326,140,-85,-12,-38
18.66726,-397,322,-1,-60,103,-21
18.66729,-397,322,-1,-44,158,-5
18.66734,-413,345,-74,-42,143,-8
18.66738,-413,345,-74,-59,128,-15
18.66740,-404,330,-69,-130,146,-26
18.66744,-404,330,-69,-178,147,-36
18.66749,-395,293,-13,-181,124,-27
18.66751,-395,293,-13,-169,91,-13
18.66752,-413,292,36,-99,16,2
18.66760,-413,292,36,-8,-41,7
18.72130,-389,333,-62,-77,104,-35
18.72135,-387,337,-125,-126,113,-51
18.72141,-387,337,-125,-193,129,-56
18.72143,-387,337,-125,-249,163,-41
18.72144,-418,306,-141,-260,187,-17
18.72145,-418,306,-141,-216,175,-1
18.72154,-424,299,-72,-141,134,7
18.72164,-424,299,-72,-74,75,8
18.72168,-420,302,16,-32,30,0
18.72172,-420,302,16,-6,19,-10
18.72175,-440,304,-19,8,13,-14
18.72177,-440,304,-19,13,-25,-7
18.72182,-454,312,-39,7,-74,8
18.72183,-454,312,-39,-7,-72,30
18.72185,-408,323,18,-17,-1,47
18.72192,-408,323,18,-14,64,46
18.77696,-394,319,-135,-88,24,-16
18.77707,-418,293,-120,-88,66,-28
18.77710,-418,293,-120,-96,130,-27
18.77715,-460,287,-15,-87,168,-14
18.77724,-460,287,-15,-46,143,10
18.77726,-447,302,86,40,3,49
18.77728,-447,302,86,67,-98,42
18.77729,-382,315,83,65,-126,15
18.77730,-382,315,83,49,-82,-4
18.77731,-386,312,-21,36,-34,-6
18.77734,-386,312,-21,35,-29,5
18.77740,-426,315,-130,39,-54,20
18.77742,-426,315,-130,40,-60,29
18.77746,-401,335,-147,38,-42,26
18.77747,-401,335,-147,15,3,8
18.77750,-368,355,-86,-43,68,-17
18.82800,-472,304,70,-207,120,-9
18.82804,-451,302,58,-201,156,-5
18.82810,-451,302,58,-204,222,-18
18.82812,-344,344,48,-202,229,-42
18.82819,-344,344,48,-179,154,-56
18.82821,-370,366,58,-140,62,-41
18.82825,-370,366,58,-117,21,-17
18.82827,-392,298,11,-122,53,-18
18.82828,-392,298,11,-136,133,-33
18.82833,-389,316,5,-110,167,-32
18.82837,-389,316,5,-48,71,-16
18.82839,-429,304,-47,31,-41,5
18.82840,-429,304,-47,79,-102,14
18.82842,-465,278,-142,66,-87,2
18.82843,-465,278,-142,10,-6,-17
18.82845,-445,309,-175,-44,84,-14
18.87859,-483,264,12,-30,62,31
18.87864,-483,264,12,42,-96,54
18.87870,-424,263,9,105,-226,60
18.87873,-424,263,9,162,-283,46
18.87880,-424,263,9,222,-265,27
18.87882,-425,258,-166,287,-217,33
18.87888,-425,258,-166,345,-188,53
18.87891,-441,265,-380,368,-186,62
18.87897,-441,265,-380,328,-170,57
18.87901,-382,286,-524,219,-109,43
18.87903,-382,286,-524,123,-61,28
18.87904,-354,306,-503,-23,35,-6
18.87906,-354,306,-503,-143,118,-25
18.87907,-389,317,-289,-195,155,-27
18.87908,-389,317,-289,-174,126,-12
18.87909,-408,317,-11,-107,47,12
18.93026,-459,266,-185,-71,28,-28
18.93031,-459,266,-185,-26,-28,-46
18.93039,-348,339,-219,16,-59,-40
18.93043,-348,339,-219,29,-47,-18
18.93049,-393,319,-251,-6,15,8
18.93055,-393,319,-251,-77,109,22
18.93060,-469,246,-256,-138,195,12
18.93062,-469,246,-256,-138,216,-17
18.93063,-405,270,-162,-69,127,-43
18.93067,-405,270,-162,33,-46,-44
18.93073,-376,336,-70,107,-193,-12
18.93076,-376,336,-70,110,-212,35
18.93082,-443,292,-142,47,-106,58
18.93084,-443,292,-142,-40,27,36
18.93089,-446,240,-264,-87,97,-8
18.93090,-446,240,-264,-51,73,-33
18.98331,-372,330,14,55,-61,21
18.98336,-384,339,-45,12,-18,14
18.98351,-384,339,-45,-39,36,-4
18.98354,-430,309,-103,-74,63,-23
18.98360,-430,309,-103,-79,56,-24
18.98366,-444,298,-99,-58,36,-5
18.98369,-444,298,-99,-30,21,18
18.98371,-397,323,-28,-8,16,23
18.98378,-397,323,-28,2,18,11
18.98379,-416,310,7,-2,12,-6
18.98385,-416,310,7,-2,-7,-22
18.98387,-455,303,-45,1,-38,-16
18.98389,-455,303,-45,4,-44,5
18.98393,-395,332,-83,1,-26,24
18.98398,-395,332,-83,-15,30,20
18.98406,-345,347,-50,-26,62,2
19.03965,-391,325,-26,3,-7,3
19.03970,-403,320,-23,4,-9,9
19.03976,-403,320,-23,5,-7,11
19.03983,-397,321,-23,8,-5,5
19.03986,-397,321,-23,14,-6,-3
19.03996,-394,324,-24,20,-13,-7
19.03998,-394,324,-24,25,-18,-7
19.03999,-403,320,-34,22,-16,-4
19.04002,-403,320,-34,12,-10,-4
19.04008,-407,315,-49,1,-1,-5
19.04010,-407,315,-49,-6,6,-6
19.04017,-410,315,-58,-10,9,-6
19.04018,-410,315,-58,-15,11,-5
19.04022,-409,317,-54,-23,15,-4
19.04023,-409,317,-54,-30,20,-3
19.04024,-400,319,-37,-33,24,-3
19.09455,-402,321,-22,0,-1,-4
19.09460,-402,321,-22,-1,3,-6
19.09478,-398,319,-22,-3,3,-4
19.09482,-398,319,-22,-4,3,-1
19.09484,-401,319,-24,-3,4,1
19.09488,-401,319,-24,-4,4,2
19.09493,-400,320,-28,-4,4,2
19.09498,-400,320,-28,-5,7,0
19.09511,-395,322,-29,-8,9,-5
19.09514,-395,322,-29,-10,7,-7
19.09519,-407,318,-23,-8,2,-4
19.09521,-407,318,-23,-5,-2,-1
19.09524,-407,318,-23,-4,0,-2
19.09527,-408,320,-25,-6,5,-3
19.09529,-408,320,-25,-10,9,-1
19.09531,-405,323,-29,-11,9,1
19.14930,-404,321,-35,8,-3,4
19.14938,-404,321,-35,5,-2,5
19.14945,-404,319,-32,3,2,4
19.14961,-404,319,-32,1,2,1
19.14966,-405,320,-28,-1,-1,-1
19.14997,-405,320,-28,1,-4,-1
19.15001,-409,316,-31,2,-6,0
19.15003,-409,316,-31,0,-5,0
19.15014,-407,315,-36,-3,-1,0
19.15016,-407,315,-36,-6,4,-1
19.15018,-407,315,-36,-8,9,-1
19.15019,-400,320,-35,-9,8,-2
19.15028,-400,320,-35,-9,5,-1
19.15041,-398,321,-31,-8,3,1
19.15044,-398,321,-31,-6,1,1
19.15046,-400,319,-28,-4,1,1
19.20554,-396,320,-17,-7,7,2
19.20559,-396,320,-17,-3,5,-1
19.20567,-397,320,-18,1,3,-4
19.20570,-397,320,-18,4,1,-4
19.20576,-399,321,-19,8,-2,-2
19.20579,-399,321,-19,10,-4,-2
19.20592,-399,322,-19,12,-7,-4
19.20593,-399,322,-19,13,-10,-5
19.20595,-402,319,-22,13,-13,-4
19.20596,-402,319,-22,13,-14,-4
19.20598,-407,316,-30,13,-11,-4
19.20599,-407,316,-30,11,-7,-2
19.20605,-407,316,-30,9,-3,0
19.20609,-410,315,-37,6,0,0
19.20614,-410,315,-37,3,0,0
19.20620,-410,317,-37,-1,0,1
19.26027,-405,318,-25,3,-3,1
19.26031,-405,318,-25,4,-3,0
19.26037,-406,317,-28,2,-3,-1
19.26040,-406,317,-28,-1,-2,0
19.26046,-404,319,-31,-2,-1,1
19.26048,-404,319,-31,-2,0,2
19.26049,-404,319,-31,-2,0,3
19.26051,-403,320,-32,-3,1,3
19.26058,-403,320,-32,-4,2,2
19.26060,-401,319,-31,-5,4,0
19.26062,-401,319,-31,-4,4,-2
19.26064,-400,319,-29,-2,-1,-3
19.26069,-400,319,-29,2,-6,-1
19.26071,-405,318,-28,4,-7,2
19.26073,-405,318,-28,2,-3,3
19.26075,-401,320,-25,0,2,0
19.31548,-397,322,-19,-1,2,-1
19.31553,-397,322,-19,0,-1,-2
19.31560,-399,322,-20,2,-6,-4
19.31563,-399,322,-20,6,-8,-5
19.31568,-404,319,-23,10,-8,-4
19.31576,-404,319,-23,11,-6,-5
19.31578,-408,317,-28,8,-6,-4
19.31580,-408,317,-28,5,-6,-2
19.31581,-409,318,-34,1,-5,0
19.31586,-409,318,-34,-2,1,-1
19.31589,-407,319,-36,-6,7,-2
19.31591,-407,319,-36,-8,8,-1
19.31594,-405,319,-32,-8,8,1
19.31595,-405,319,-32,-10,10,0
19.31599,-403,320,-27,-13,12,-2
19.31601,-403,320,-27,-13,12,-2
19.37012,-403,320,-30,-3,3,-2
19.37017,-402,320,-27,-3,3,-3
19.37023,-402,320,-27,-5,2,0
19.37025,-405,319,-26,-5,1,3
19.37027,-405,319,-26,-6,2,1
19.37029,-403,319,-25,-5,1,-2
19.37030,-403,319,-25,-2,0,-4
19.37031,-398,320,-27,1,-1,-4
19.37041,-398,320,-27,3,2,-5
19.37044,-400,318,-28,2,5,-5
19.37047,-400,318,-28,-2,4,-1
19.37048,-404,317,-28,0,0,-1
19.37049,-404,317,-28,1,-2,-4
19.37050,-402,319,-28,-2,1,-7
19.37057,-404,318,-28,-3,2,-5
19.37059,-404,318,-28,-3,4,-4
19.42536,-398,321,-22,7,-6,-1
19.42543,-399,321,-24,10,-8,0
19.42554,-399,321,-24,11,-9,1
19.42558,-399,321,-24,9,-9,2
19.42560,-407,319,-28,6,-8,2
19.42569,-407,319,-28,3,-6,2
19.42574,-408,319,-32,2,-3,2
19.42578,-408,319,-32,0,0,2
19.42580,-405,319,-33,-2,3,4
19.42584,-405,319,-33,-4,3,6
19.42589,-403,318,-32,-5,4,7
19.42592,-403,318,-32,-7,5,4
19.42594,-398,320,-29,-8,4,2
19.42596,-398,320,-29,-6,2,2
19.42598,-396,322,-26,-2,1,2
19.42600,-396,322,-26,-1,2,0
19.47816,-401,320,-27,-4,6,2
19.47823,-401,320,-27,-4,7,3
19.47832,-401,320,-27,-6,6,2
19.47843,-399,320,-24,-6,3,2
19.47848,-399,320,-24,-2,-1,1
19.47850,-400,319,-23,1,-4,0
19.47852,-400,319,-23,3,-4,-1
19.47862,-403,318,-26,4,-5,-2
19.47868,-403,318,-26,4,-7,0
19.47871,-403,317,-29,4,-6,1
19.47874,-403,317,-29,3,-3,1
19.47881,-403,318,-30,1,-1,0
19.47885,-403,318,-30,0,-2,0
19.47891,-406,318,-28,0,-1,-1
19.47893,-408,319,-28,-1,0,0
19.47904,-408,319,-28,-1,-1,3
19.53334,-398,322,-27,4,-1,-1
19.53340,-398,321,-27,5,-2,-2
19.53356,-398,321,-27,6,-3,0
19.53359,-402,320,-25,9,-5,0
19.53361,-402,320,-25,10,-3,-3
19.53364,-407,320,-28,9,-1,-6
19.53381,-407,320,-28,6,2,-7
19.53394,-407,320,-28,4,0,-5
19.53396,-407,321,-33,1,-2,-3
19.53399,-407,321,-33,-3,-1,-1
19.53404,-406,320,-36,-8,4,0
19.53418,-406,320,-36,-10,8,2
19.53421,-402,319,-33,-10,10,2
19.53422,-402,319,-33,-9,10,1
19.53430,-399,321,-29,-10,8,1
19.53434,-399,321,-29,-11,5,2
19.58720,-401,322,-25,-5,4,2
19.58725,-401,322,-25,-5,1,0
19.58732,-399,321,-25,-3,1,0
19.58736,-399,321,-25,-2,3,2
19.58737,-401,319,-24,0,3,3
19.58744,-401,319,-24,1,1,0
19.58748,-400,319,-23,3,-3,-1
19.58749,-400,319,-23,6,-5,0
19.58751,-401,318,-23,8,-6,3
19.58754,-401,318,-23,8,-7,3
19.58758,-402,317,-26,7,-7,1
19.58761,-402,317,-26,6,-7,0
19.58763,-404,319,-30,5,-7,-2
19.58767,-404,319,-30,3,-4,-3
19.58771,-408,320,-34,0,0,-1
19.58773,-408,320,-34,-1,3,0
19.63848,-398,320,-22,4,-3,-1
19.63853,-398,320,-22,4,-6,-2
19.63859,-404,318,-23,4,-7,-1
19.63861,-404,318,-23,5,-4,2
19.63867,-406,319,-27,6,-2,3
19.63868,-406,319,-27,3,0,2
19.63869,-406,319,-27,1,2,-1
19.63870,-405,320,-29,-1,3,-4
19.63872,-405,320,-29,-2,1,-3
19.63879,-407,320,-30,-3,1,-3
19.63987,-407,320,-30,-5,4,-3
19.64006,-408,320,-32,-7,8,-2
19.64016,-408,320,-32,-6,9,-1
19.64033,-403,321,-31,-4,7,0
19.64052,-403,321,-31,-2,3,0
19.64053,-398,319,-26,-3,1,0
19.69171,-406,319,-28,0,-2,2
19.69174,-408,321,-29,0,0,3
19.69186,-408,321,-29,-3,2,2
19.69187,-404,323,-30,-7,0,0
19.69187,-404,323,-30,-7,1,-2
19.69190,-400,323,-27,-7,5,-2
19.69190,-400,323,-27,-7,9,-2
19.69191,-400,323,-27,-6,8,-2
19.69192,-400,321,-23,-4,7,-1
19.69194,-400,321,-23,0,5,0
19.69196,-400,321,-22,2,2,-2
19.69205,-400,321,-22,4,-1,-2
19.69206,-402,321,-23,6,-3,-1
19.69207,-402,321,-23,7,-1,0
19.69207,-402,321,-27,5,1,-2
19.69208,-402,321,-27,3,1,-3
19.74669,-400,318,-29,-5,10,-3
19.74671,-401,319,-26,-4,5,-3
19.74678,-401,319,-26,0,1,0
19.74682,-401,319,-26,3,0,3
19.74682,-400,321,-25,4,1,3
19.74686,-400,321,-25,3,-1,2
19.74686,-397,321,-24,2,-3,0
19.74690,-397,321,-24,3,-4,1
19.74690,-401,320,-23,4,-6,1
19.74691,-401,320,-23,5,-8,2
19.74691,-406,321,-29,6,-7,3
19.74691,-406,321,-29,4,-3,2
19.74692,-404,320,-32,0,3,-1
19.74698,-404,320,-32,-2,5,-4
19.74699,-406,318,-32,-3,6,-4
19.74699,-406,318,-32,-5,7,-2
19.80146,-407,317,-28,4,-1,3
19.80148,-406,319,-28,2,2,3
19.80148,-406,319,-28,1,1,-2
19.80149,-404,322,-28,0,1,-6
19.80155,-404,322,-28,-2,2,-4
19.80157,-406,322,-29,-5,4,1
19.80158,-406,322,-29,-7,6,5
19.80159,-406,322,-29,-9,6,5
19.80172,-400,321,-27,-9,7,3
19.80172,-400,321,-27,-5,6,1
19.80172,-396,322,-21,-1,3,-1
19.80173,-401,321,-22,2,-2,-2
19.80180,-401,321,-22,4,-1,-1
19.80180,-400,319,-27,6,-2,-1
19.80180,-400,319,-27,7,-5,-4
19.80181,-399,320,-28,7,-7,-7
19.85381,-403,318,-29,2,3,1
19.85386,-402,320,-27,1,5,0
19.85386,-402,320,-27,-1,3,1
19.85401,-399,322,-25,0,-2,2
19.85409,-399,322,-25,2,-4,2
19.85410,-401,320,-25,4,-3,1
19.85414,-401,320,-25,4,-1,1
19.85414,-405,318,-27,2,-1,2
19.85414,-405,318,-27,1,0,2
19.85415,-407,318,-29,1,2,0
19.85422,-407,318,-29,1,3,-1
19.85424,-405,320,-29,3,1,-1
19.85425,-405,320,-29,4,0,0
19.85425,-405,320,-29,1,1,1
19.85425,-405,320,-29,-4,3,2
19.85426,-405,320,-29,-6,4,1
19.90557,-403,319,-28,4,-1,0
19.90559,-407,319,-29,-1,1,2
19.90560,-407,319,-29,-3,3,2
19.90567,-410,319,-29,-5,3,-1
19.90570,-410,319,-29,-6,4,-3
19.90581,-408,320,-28,-5,5,-2
19.90587,-408,320,-28,-5,6,-1
19.90588,-403,321,-29,-5,5,1
19.90588,-403,321,-29,-7,6,-1
19.90591,-399,320,-26,-8,6,-1
19.90591,-399,320,-26,-8,6,1
19.90592,-400,320,-23,-5,6,1
19.90593,-400,320,-23,-2,5,1
19.90593,-400,320,-22,-1,2,1
19.90600,-400,320,-22,0,-1,0
19.90601,-400,319,-24,4,-3,0
19.96106,-406,320,-33,-1,2,1
19.96110,-406,320,-33,-4,3,0
19.96110,-404,320,-34,-5,5,1
19.96119,-404,320,-34,-6,6,1
19.96131,-403,321,-31,-6,5,0
19.96132,-403,321,-31,-8,3,-1
19.96143,-399,321,-28,-10,4,0
19.96144,-399,321,-28,-9,6,0
19.96154,-396,322,-26,-5,5,0
19.96155,-396,322,-26,-1,0,1
19.96164,-399,321,-25,1,-2,2
19.96165,-399,321,-25,0,-3,2
19.96173,-402,319,-25,-2,-2,-1
19.96174,-402,319,-25,0,-2,-1
19.96174,-406,319,-27,4,-3,1
19.96182,-406,319,-27,4,-1,1
20.01664,-398,321,-27,6,-1,0
20.01671,-398,321,-27,3,-2,-1
20.01680,-403,318,-29,1,1,0
20.01689,-403,318,-29,0,3,1
20.01692,-406,318,-29,1,3,1
20.01693,-406,318,-29,1,3,1
20.01696,-406,318,-29,0,2,0
20.01697,-408,318,-33,-2,1,1
20.01705,-408,318,-33,-4,1,1
20.01711,-404,319,-34,-7,3,2
20.01714,-404,319,-34,-11,8,3
20.01716,-398,321,-29,-13,11,2
20.01720,-398,321,-29,-13,9,0
20.01725,-400,320,-24,-10,6,0
20.01726,-400,320,-24,-6,4,-1
20.01729,-402,320,-22,-2,2,-2
20.07242,-403,320,-25,-3,1,4
20.07256,-400,319,-28,-5,0,4
20.07275,-400,319,-28,-6,1,0
20.07281,-395,320,-29,-6,1,-4
20.07303,-395,320,-29,-3,0,-4
20.07316,-399,319,-25,1,-1,-1
20.07319,-399,319,-25,3,0,0
20.07320,-404,318,-25,3,2,0
20.07327,-404,318,-25,3,1,1
20.07329,-403,320,-26,4,-3,2
20.07338,-403,320,-26,7,-6,3
20.07346,-403,320,-26,6,-5,2
20.07353,-404,321,-29,4,-1,2
20.07358,-406,320,-33,-3,9,-1
20.07360,-402,319,-31,-5,10,-2
20.07361,-402,319,-31,-3,6,-1
20.12657,-408,317,-30,1,0,-3
20.12664,-408,317,-30,-1,0,-3
20.12669,-409,319,-32,0,1,-1
20.12671,-409,319,-32,1,2,-1
20.12672,-407,321,-31,-1,4,-1
20.12673,-407,321,-31,-7,6,0
20.12677,-406,319,-29,-11,7,1
20.12679,-406,319,-29,-10,5,1
20.12680,-404,319,-27,-5,4,1
20.12683,-404,319,-27,0,2,1
20.12686,-401,321,-26,0,1,1
20.12690,-401,321,-26,-2,2,-1
20.12692,-401,321,-27,-4,2,-3
20.12693,-401,321,-27,-4,1,-4
20.12695,-401,320,-26,1,-3,-3
20.12696,-401,320,-26,6,-5,-1
20.18012,-400,319,-25,-2,4,-2
20.18029,-400,319,-25,1,1,-1
20.18036,-400,318,-25,4,-2,0
20.18038,-400,318,-25,5,-3,0
20.18039,-401,319,-25,3,-5,0
20.18040,-401,319,-25,4,-8,1
20.18045,-404,320,-28,6,-8,2
20.18046,-404,320,-28,6,-5,0
20.18051,-405,319,-31,4,-2,-1
20.18054,-405,319,-31,4,-1,-1
20.18056,-406,319,-32,2,2,0
20.18059,-406,319,-32,0,5,2
20.18063,-409,319,-31,-4,5,3
20.18067,-409,319,-31,-8,3,5
20.18068,-406,318,-30,-10,4,4
20.18070,-406,318,-30,-8,6,1
20.23125,-405,319,-28,3,0,-3
20.23130,-407,320,-30,3,1,-3
20.23138,-407,320,-30,3,-3,0
20.23140,-407,320,-30,1,-3,4
20.23147,-407,320,-33,-2,0,5
20.23152,-407,320,-33,-6,5,2
20.23154,-406,319,-35,-8,5,1
20.23156,-406,319,-35,-8,3,1
20.23163,-404,320,-31,-8,1,2
20.23168,-404,320,-31,-9,3,2
20.23173,-402,321,-27,-7,7,0
20.23175,-402,321,-27,-4,8,-1
20.23178,-401,320,-26,-1,5,-2
20.23179,-401,320,-26,3,2,-3
20.23181,-399,321,-23,4,0,-3
20.23186,-399,321,-23,5,-3,-3
20.28616,-406,319,-27,-3,1,-1
20.28622,-406,319,-27,-2,1,0
20.28639,-403,320,-28,-2,1,0
20.28646,-403,320,-28,-3,1,0
20.28648,-403,320,-28,-3,2,-1
20.28661,-399,322,-29,-3,5,-2
20.28669,-399,322,-29,-3,6,-2
20.28676,-400,322,-26,0,4,-1
20.28679,-400,322,-26,3,1,0
20.28683,-403,320,-24,5,-1,1
20.28685,-403,320,-24,5,0,1
20.28687,-403,320,-26,5,1,1
20.28696,-403,320,-26,4,1,3
20.28699,-404,319,-28,3,0,3
20.28701,-404,319,-28,2,-3,-1
20.28707,-408,318,-30,0,-5,-2
20.34012,-399,320,-25,5,0,2
20.34018,-398,321,-26,4,2,-1
20.34034,-398,321,-26,2,-2,-4
20.34037,-398,321,-26,3,-6,-4
20.34038,-405,320,-27,2,-4,-2
20.34039,-405,320,-27,0,0,0
20.34045,-409,319,-30,-4,2,0
20.34053,-409,319,-30,-4,2,0
20.34058,-406,320,-31,-2,4,0
20.34067,-406,320,-31,-2,5,1
20.34071,-406,320,-30,-4,3,2
20.34072,-406,320,-30,-6,2,3
20.34076,-404,318,-28,-7,4,3
20.34077,-404,318,-28,-5,7,1
20.34080,-398,320,-26,-3,7,1
20.34082,-398,320,-26,-1,5,-2
20.39304,-410,316,-30,-2,4,1
20.39309,-410,316,-30,-3,5,1
20.39317,-405,319,-29,-2,4,0
20.39323,-405,319,-29,-2,3,0
20.39326,-401,322,-28,-1,2,0
20.39327,-401,322,-28,-3,3,-1
20.39329,-402,319,-28,-4,5,0
20.39331,-402,319,-28,-4,3,-1
20.39332,-398,320,-22,-1,0,-1
20.39334,-398,320,-22,2,-2,-1
20.39344,-407,318,-24,2,-3,-1
20.39346,-407,318,-24,3,-3,0
20.39350,-407,318,-29,6,-4,2
20.39352,-407,318,-29,8,-4,4
20.39353,-403,319,-33,7,-3,3
20.39356,-403,319,-33,4,-3,1
20.44643,-403,319,-21,1,0,-1
20.44649,-401,320,-23,0,-1,-3
20.44658,-401,320,-23,0,-2,-3
20.44668,-400,321,-27,1,-2,-2
20.44670,-400,321,-27,1,1,-1
20.44672,-404,319,-28,1,0,-1
20.44677,-404,319,-28,1,-1,-1
20.44682,-406,318,-26,3,-1,-1
20.44694,-406,318,-26,3,-1,0
20.44700,-407,319,-27,3,0,0
20.44715,-407,319,-27,3,1,0
20.44720,-409,319,-30,3,2,1
20.44721,-409,319,-30,2,4,1
20.44733,-403,321,-32,-1,6,1
20.44744,-403,321,-32,-4,6,0
20.44748,-398,322,-30,-4,5,-1
20.50086,-406,320,-27,5,-4,2
20.50092,-408,319,-29,1,-1,1
20.50096,-408,319,-29,-2,0,0
20.50097,-404,319,-32,-3,-1,-1
20.50097,-404,319,-32,-3,1,0
20.50104,-403,320,-30,-5,7,1
20.50106,-403,320,-30,-7,9,1
20.50107,-405,319,-29,-7,6,0
20.50108,-405,319,-29,-4,3,-1
20.50114,-401,320,-27,0,1,0
20.50117,-401,320,-27,2,-2,1
20.50119,-400,321,-23,4,-4,2
20.50120,-400,321,-23,5,-3,3
20.50122,-402,319,-22,6,0,0
20.50126,-402,319,-22,6,-2,-5
20.50129,-403,320,-26,5,-7,-5
20.55596,-412,283,-292,223,-76,7
20.55607,-412,283,-292,213,-144,23
20.55610,-481,272,-268,178,-223,56
20.55614,-481,272,-268,116,-244,88
20.55626,-387,283,-252,57,-182,91
20.55627,-387,283,-252,44,-80,63
20.55629,-294,327,-134,95,-9,17
20.55630,-294,327,-134,181,-17,-23
20.55638,-405,327,-49,246,-94,-33
20.55642,-405,327,-49,244,-181,-8
20.55643,-482,291,-95,179,-214,34
20.55652,-482,291,-95,92,-179,65
20.55655,-358,315,-119,39,-116,59
20.55665,-358,315,-119,53,-75,17
20.55667,-335,328,-65,126,-64,-23
20.55668,-335,328,-65,216,-73,-28
20.61062,-415,320,-108,-13,-32,6
20.61067,-415,320,-108,-20,-66,8
20.61073,-459,308,-5,-28,-37,23
20.61081,-459,308,-5,-15,8,35
20.61082,-397,324,143,29,17,41
20.61087,-397,324,143,81,-38,33
20.61093,-355,375,274,123,-126,26
20.61099,-355,375,274,165,-186,44
20.61100,-390,368,289,209,-219,58
20.61101,-390,368,289,260,-239,45
20.61105,-373,339,220,309,-241,16
20.61107,-373,339,220,329,-223,7
20.61108,-339,341,115,337,-206,2
20.61111,-339,341,115,329,-208,8
20.61120,-339,341,115,320,-224,24
20.61121,-395,313,-26,323,-238,43
20.66553,-410,310,130,12,6,29
20.66563,-410,310,130,20,-31,26
20.66574,-379,340,68,38,-70,11
20.66577,-379,340,68,69,-72,2
20.66579,-362,351,6,94,-59,-4
20.66581,-362,351,6,97,-43,-1
20.66587,-377,330,-49,74,-15,7
20.66594,-377,330,-49,39,19,-1
20.66596,-374,328,-66,12,36,-24
20.66601,-374,328,-66,13,23,-31
20.66603,-402,346,-73,29,-27,-18
20.66608,-402,346,-73,20,-83,-2
20.66623,-426,326,-58,-21,-64,7
20.66626,-426,326,-58,-78,35,0
20.66628,-425,312,45,-115,137,-18
20.66631,-425,312,45,-93,164,-20
20.72138,-390,307,-293,-144,146,-2
20.72151,-390,319,-220,-210,152,-15
20.72154,-390,319,-220,-268,170,-30
20.72158,-394,325,-56,-287,188,-38
20.72169,-394,325,-56,-235,176,-34
20.72171,-420,325,136,-129,114,-3
20.72174,-420,325,136,-32,1,21
20.72181,-410,330,221,13,-79,17
20.72185,-410,330,221,35,-112,3
20.72188,-410,330,221,52,-59,-5
20.72200,-378,322,191,82,-1,-5
20.72204,-378,322,191,124,-28,6
20.72318,-398,340,109,154,-122,21
20.72375,-398,340,109,140,-175,20
20.72383,-381,351,5,85,-92,5
20.72407,-381,351,5,10,62,-20
20.77810,-409,310,-171,-128,21,-17
20.77816,-402,330,-228,-176,122,-36
20.77824,-402,330,-228,-151,221,-22
20.77827,-412,325,-99,-103,201,-12
20.77829,-412,325,-99,-73,93,-10
20.77832,-412,325,-99,-63,-5,-3
20.77834,-432,297,153,-61,-70,-5
20.77840,-432,297,153,-22,-88,3
20.77843,-463,281,179,69,-85,32
20.77844,-463,281,179,165,-121,49
20.77846,-408,322,65,224,-173,40
20.77850,-408,322,65,248,-178,30
20.77855,-368,342,-104,245,-138,30
20.77857,-368,342,-104,211,-104,26
20.77861,-363,345,-240,128,-72,9
20.77862,-363,345,-240,7,4,-12
20.82876,-379,318,-159,126,-27,-12
20.82880,-410,309,-247,45,-3,-14
20.82887,-410,309,-247,-35,50,-1
20.82889,-404,329,-174,-115,103,10
20.82892,-404,329,-174,-184,130,-1
20.82894,-384,326,15,-184,168,-7
20.82895,-384,326,15,-124,137,-17
20.82901,-408,323,155,-63,3,-38
20.82903,-408,323,155,-14,-80,-22
20.82904,-451,310,152,17,-69,18
20.82907,-451,310,152,35,-63,33
20.82908,-426,306,63,77,-83,37
20.82909,-426,306,63,146,-111,39
20.82911,-362,332,-52,193,-142,23
20.82912,-362,332,-52,177,-138,2
20.82913,-380,321,-141,111,-64,-11
20.88149,-404,308,-265,-207,205,-38
20.88155,-404,308,-265,-241,239,-21
20.88168,-387,329,-35,-242,178,-20
20.88179,-387,329,-35,-212,104,-26
20.88181,-388,344,164,-170,63,-35
20.88189,-388,344,164,-121,59,-29
20.88196,-388,344,164,-61,63,3
20.88205,-433,315,204,-8,22,21
20.88210,-433,315,204,36,-41,5
20.88222,-413,323,129,71,-70,-18
20.88229,-413,323,129,85,-66,-33
20.88233,-369,346,23,90,-58,-27
20.88239,-369,346,23,57,-23,-12
20.88241,-392,324,-45,-7,9,6
20.88249,-392,324,-45,-62,46,2
20.88251,-419,308,4,-59,90,-6
20.93742,-393,324,55,102,-131,-3
20.93746,-442,301,-51,79,-98,6
20.93752,-442,301,-51,41,-28,22
20.93753,-415,300,-156,20,33,32
20.93762,-415,300,-156,18,42,21
20.93767,-334,328,-169,28,24,-3
20.93768,-334,328,-169,18,10,-28
20.93771,-360,330,-131,-12,23,-38
20.93772,-360,330,-131,-49,50,-30
20.93775,-447,305,-91,-86,62,-16
20.93778,-447,305,-91,-113,69,-4
20.93779,-447,305,-91,-130,73,1
20.93784,-435,315,-50,-129,71,3
20.93786,-435,315,-50,-102,46,-1
20.93787,-371,348,8,-59,-1,-7
20.93796,-371,348,8,-20,-38,-9
20.99282,-403,331,83,168,-132,8
20.99287,-403,331,83,195,-140,13
20.99293,-379,332,-9,163,-107,1
20.99295,-379,332,-9,102,-67,-8
20.99301,-390,287,-206,74,-52,-8
20.99304,-390,287,-206,55,-16,-6
20.99310,-435,269,-340,43,14,-13
20.99313,-435,269,-340,32,34,-24
20.99316,-424,302,-360,-8,65,-34
20.99318,-424,302,-360,-92,106,-38
20.99320,-415,317,-328,-213,131,-30
20.99326,-415,317,-328,-330,142,-18
20.99328,-412,332,37,-372,177,-4
20.99330,-412,332,37,-315,197,3
20.99333,-412,332,37,-204,148,-1
20.99334,-368,377,311,-92,67,-11
21.04371,-410,303,64,101,-22,-2
21.04375,-410,303,64,171,-92,17
21.04380,-423,282,-55,212,-157,18
21.04383,-423,282,-55,212,-166,13
21.04384,-422,273,-300,174,-124,4
21.04389,-422,273,-300,103,-76,-8
21.04391,-405,289,-477,19,-18,-11
21.04392,-405,289,-477,-70,65,-7
21.04394,-403,315,-475,-170,149,-11
21.04396,-403,315,-475,-287,204,-27
21.04398,-430,304,-271,-389,251,-38
21.04399,-430,304,-271,-427,284,-37
21.04401,-430,304,-271,-387,256,-25
21.04405,-439,280,82,-278,178,-2
21.04407,-439,280,82,-121,94,18
21.04409,-408,320,409,56,-7,28
21.09672,-387,326,-170,-160,141,-9
21.09686,-428,276,-91,-141,166,-11
21.09694,-428,276,-91,-69,105,-10
21.09703,-424,283,56,-25,62,-2
21.09705,-424,283,56,57,-40,4
21.09707,-396,307,105,130,-113,4
21.09725,-396,307,105,199,-132,14
21.09728,-408,314,-45,237,-158,19
21.09730,-408,314,-45,208,-194,14
21.09731,-413,330,-297,111,-149,12
21.09737,-413,330,-297,-25,-2,5
21.09746,-373,331,-404,-153,159,-11
21.09748,-373,331,-404,-243,249,-23
21.09768,-373,331,-404,-297,259,-32
21.09770,-355,331,-251,-333,222,-46
21.09772,-355,331,-251,-327,185,-49
21.14988,-403,356,472,92,-119,13
21.14993,-403,356,472,179,-179,30
21.14999,-390,354,310,246,-188,45
21.15009,-390,354,310,278,-176,39
21.15016,-356,362,71,273,-150,20
21.15017,-356,362,71,234,-110,1
21.15019,-391,347,-124,160,-65,-11
21.15024,-391,347,-124,50,-22,-16
21.15026,-428,321,-169,-70,33,-20
21.15028,-428,321,-169,-155,105,-23
21.15033,-393,338,-50,-174,160,-17
21.15035,-393,338,-50,-136,148,-5
21.15037,-393,338,-50,-74,66,-3
21.15042,-367,359,85,-11,-18,-17
21.15045,-367,359,85,19,-38,-27
21.15051,-429,331,85,-8,10,-23
21.20486,-528,283,253,15,18,-1
21.20493,-528,283,253,91,-70,8
21.20499,-388,341,236,162,-150,22
21.20505,-388,341,236,199,-170,34
21.20507,-281,384,173,189,-122,36
21.20508,-281,384,173,138,-47,24
21.20515,-382,327,-21,76,6,1
21.20516,-382,327,-21,31,14,-21
21.20549,-473,288,-206,8,-15,-30
21.20553,-473,288,-206,-8,-38,-22
21.20556,-399,332,-214,-39,-16,-4
21.20563,-399,332,-214,-95,56,6
21.20565,-331,359,-102,-150,142,1
21.20566,-331,359,-102,-169,179,-17
21.20567,-410,315,-11,-138,133,-38
21.20570,-410,315,-11,-74,36,-45
21.25705,-425,309,2,48,-39,-2
21.25711,-389,331,-31,33,-23,7
21.25723,-389,331,-31,12,-2,16
21.25726,-397,325,-74,-9,13,18
21.25728,-397,325,-74,-25,19,14
21.25730,-414,314,-79,-35,19,4
21.25741,-414,314,-79,-43,20,-5
21.25744,-403,318,-27,-46,26,-8
21.25748,-403,318,-27,-41,33,-2
21.25757,-393,326,39,-23,28,6
21.25759,-393,326,39,9,3,14
21.25762,-408,323,48,47,-35,18
21.25765,-408,323,48,80,-72,16
21.25769,-419,316,-8,103,-100,11
21.25773,-419,316,-8,105,-102,14
21.25775,-392,323,-70,68,-58,20
21.30966,-430,299,-43,-16,14,-4
21.30973,-430,299,-43,-13,17,-5
21.30984,-414,311,-36,-6,18,-6
21.30987,-414,311,-36,1,15,-5
21.30989,-392,333,-21,1,7,-1
21.30991,-392,333,-21,-6,0,6
21.30995,-405,322,-29,-17,0,10
21.31006,-405,322,-29,-24,6,10
21.31009,-414,306,-32,-19,13,5
21.31011,-414,306,-32,-2,13,0
21.31019,-391,318,-9,17,4,-4
21.31021,-391,318,-9,29,-8,-5
21.31023,-387,329,-1,27,-20,1
21.31026,-387,329,-1,17,-22,8
21.31027,-418,316,-28,9,-21,12
21.31034,-418,316,-28,10,-18,10
21.36247,-403,319,-17,19,-23,0
21.36253,-399,322,-27,16,-25,-4
21.36263,-399,322,-27,6,-13,-6
21.36285,-396,319,-40,-7,6,-4
21.36292,-396,319,-40,-15,20,0
21.36308,-396,319,-40,-14,22,2
21.36314,-402,314,-40,-5,11,1
21.36323,-402,314,-40,2,-2,-3
21.36333,-406,317,-28,4,-6,-4
21.36336,-406,317,-28,2,-5,-6
21.36338,-407,320,-21,-1,2,-4
21.36340,-407,320,-21,-2,6,1
21.36350,-405,320,-22,0,4,5
21.36352,-405,320,-22,3,-4,3
21.36354,-396,324,-26,5,-11,-2
21.36356,-396,324,-26,5,-14,-6
21.41653,-404,320,-32,5,-11,5
21.41659,-400,318,-40,1,-2,3
21.41672,-400,318,-40,-4,6,1
21.41675,-400,318,-40,-7,9,1
21.41676,-399,318,-34,-8,8,3
21.41678,-399,318,-34,-9,5,4
21.41687,-399,320,-23,-9,4,2
21.41692,-399,320,-23,-5,5,0
21.41696,-405,319,-17,1,3,0
21.41701,-405,319,-17,8,-3,2
21.41705,-410,317,-18,13,-7,4
21.41707,-410,317,-18,13,-7,5
21.41708,-403,319,-30,11,-7,3
21.41709,-403,319,-30,7,-6,0
21.41710,-396,319,-43,1,-2,0
21.41716,-396,319,-43,-4,4,1
21.46779,-397,323,-39,-10,5,-7
21.46787,-404,323,-32,-7,1,-3
21.46792,-404,323,-32,-5,-2,4
21.46794,-407,319,-25,-5,-2,7
21.46803,-407,319,-25,-6,0,5
21.46808,-401,318,-17,-3,1,3
21.46811,-401,318,-17,2,-1,3
21.46813,-401,318,-17,7,-3,3
21.46815,-404,318,-17,8,-2,3
21.46817,-404,318,-17,11,-7,3
21.46820,-409,317,-26,10,-11,3
21.46827,-409,317,-26,6,-10,2
21.46830,-409,318,-33,2,-2,1
21.46833,-409,318,-33,-1,6,2
21.46836,-405,322,-32,-4,10,6
21.46846,-405,322,-32,-7,8,7
21.52304,-398,319,-38,1,3,1
21.52361,-398,319,-38,-5,7,-2
21.52367,-399,319,-42,-8,7,-3
21.52377,-399,319,-42,-10,7,-2
21.52383,-406,319,-35,-13,7,2
21.52389,-406,319,-35,-15,7,3
21.52391,-405,318,-18,-13,9,3
21.52393,-405,318,-18,-6,6,2
21.52394,-405,318,-18,4,-3,3
21.52395,-404,317,-14,10,-12,3
21.52396,-404,317,-14,12,-14,4
21.52400,-402,318,-23,11,-11,4
21.52408,-402,318,-23,10,-6,4
21.52414,-398,321,-37,9,-4,3
21.52433,-398,321,-37,4,-3,2
21.52437,-397,323,-42,-1,-3,1
21.57602,-403,322,-27,-13,7,-4
21.57606,-400,320,-16,-11,7,-2
21.57613,-400,320,-16,-8,7,0
21.57618,-402,320,-12,-2,2,1
21.57620,-402,320,-12,6,-7,2
21.57625,-405,322,-18,12,-12,2
21.57633,-405,322,-18,18,-15,3
21.57637,-405,322,-18,19,-10,4
21.57639,-405,320,-31,14,-3,3
21.57641,-405,320,-31,6,2,2
21.57643,-402,320,-40,-2,5,1
21.57647,-402,320,-40,-6,6,-2
21.57655,-403,321,-39,-7,7,-4
21.57656,-403,321,-39,-8,8,-2
21.57657,-405,320,-31,-10,11,2
21.57659,-405,320,-31,-11,11,5
21.63004,-401,319,-24,2,-1,3
21.63010,-401,320,-22,4,-1,4
21.63017,-401,320,-22,6,-3,4
21.63028,-403,321,-24,8,-4,1
21.63031,-403,321,-24,8,-5,-1
21.63033,-403,321,-24,6,-4,-1
21.63034,-407,319,-28,4,-4,1
21.63036,-407,319,-28,3,-4,2
21.63039,-409,318,-34,-2,-1,1
21.63048,-409,318,-34,-8,4,-1
21.63057,-401,319,-35,-13,9,-2
21.63060,-401,319,-35,-11,9,-2
21.63070,-402,320,-27,-6,5,0
21.63073,-402,320,-27,-1,0,2
21.63076,-403,321,-21,3,-2,4
21.63082,-403,321,-21,4,-1,5
21.68114,-402,319,-23,-8,12,5
21.68119,-402,319,-23,-6,7,3
21.68126,-402,318,-21,-2,-1,0
21.68133,-402,318,-21,3,-5,0
21.68136,-399,318,-25,6,-6,0
21.68143,-399,318,-25,8,-5,1
21.68145,-400,320,-26,6,-2,3
21.68152,-400,320,-26,2,0,6
21.68160,-404,319,-29,0,2,4
21.68167,-404,319,-29,0,2,1
21.68170,-402,318,-31,-1,1,-1
21.68176,-402,318,-31,-2,1,-3
21.68185,-402,318,-31,-4,2,-3
21.68192,-401,320,-25,-5,4,0
21.68195,-401,320,-25,-2,5,1
21.68197,-406,320,-18,2,1,0
21.73724,-402,320,-24,-4,6,0
21.73776,-402,320,-24,-1,3,-1
21.73782,-399,321,-19,3,-2,-2
21.73788,-399,321,-19,5,-7,-2
21.73794,-402,319,-23,8,-10,0
21.73798,-402,319,-23,9,-9,2
21.73800,-406,317,-31,8,-6,3
21.73802,-406,317,-31,5,-3,3
21.73803,-405,320,-36,0,-1,3
21.73806,-405,320,-36,-4,0,4
21.73808,-404,321,-37,-7,4,5
21.73810,-404,321,-37,-9,6,6
21.73811,-404,321,-37,-8,6,6
21.73818,-405,319,-31,-6,4,4
21.73819,-405,319,-31,-4,1,1
21.73825,-404,320,-24,-1,-1,-1
21.78962,-407,321,-25,0,3,1
21.78970,-407,321,-25,-3,2,4
21.78978,-401,323,-27,0,-1,3
21.78979,-401,323,-27,6,-3,1
21.78981,-399,321,-27,6,-2,-1
21.78981,-399,321,-27,1,3,-2
21.78986,-403,319,-26,-3,6,0
21.78990,-403,319,-26,-2,4,2
21.78997,-399,322,-23,3,-2,2
21.78998,-399,322,-23,7,-7,-1
21.79000,-397,322,-24,8,-7,-3
21.79001,-397,322,-24,7,-3,-2
21.79005,-403,319,-29,3,-1,3
21.79006,-403,319,-29,1,-3,4
21.79007,-405,318,-31,0,-3,3
21.79008,-405,318,-31,0,1,-1
21.84276,-399,318,-23,-2,2,0
21.84281,-401,320,-21,1,-3,1
21.84287,-401,320,-21,4,-8,2
21.84289,-398,323,-24,6,-12,2
21.84295,-398,323,-24,9,-11,2
21.84300,-400,321,-32,9,-5,1
21.84301,-400,321,-32,6,0,1
21.84301,-400,321,-32,1,1,2
21.84306,-407,319,-37,-2,2,0
21.84307,-407,319,-37,-6,4,-2
21.84308,-405,320,-33,-6,6,-1
21.84309,-405,320,-33,-4,4,1
21.84311,-405,321,-28,-4,1,1
21.84314,-405,321,-28,-3,-2,1
21.84315,-411,319,-26,0,-1,2
21.84317,-411,319,-26,3,0,3
21.89473,-403,318,-21,4,-1,-1
21.89478,-406,320,-26,6,-1,-1
21.89478,-406,320,-26,5,-4,1
21.89479,-405,321,-31,3,-7,3
21.89479,-405,321,-31,-3,-1,2
21.89480,-405,320,-34,-6,6,0
21.89480,-405,320,-34,-6,11,-2
21.89490,-404,320,-32,-6,11,-1
21.89494,-404,320,-32,-5,7,0
21.89504,-401,321,-27,-3,2,-1
21.89505,-401,321,-27,-2,3,0
21.89509,-400,320,-21,-2,6,2
21.89510,-400,320,-21,2,7,3
21.89512,-401,320,-19,7,4,2
21.89513,-401,320,-19,11,-5,-1
21.89525,-399,322,-24,11,-11,-2
21.94691,-405,318,-29,-4,3,0
21.94693,-405,318,-29,-3,-1,-3
21.94697,-399,320,-30,-2,-4,-3
21.94699,-399,320,-30,-2,-3,-1
21.94699,-400,318,-32,-6,3,0
21.94706,-400,318,-32,-9,6,0
21.94707,-400,317,-31,-7,3,-1
21.94707,-400,317,-31,-3,-3,-2
21.94708,-397,321,-27,0,-4,-1
21.94708,-397,321,-27,3,-4,-1
21.94714,-400,320,-24,4,-3,-2
21.94715,-400,320,-24,3,-1,-1
21.94716,-403,318,-24,3,-1,0
21.94717,-403,318,-24,5,-3,1
21.94717,-402,320,-27,7,-5,1
21.94718,-402,320,-27,8,-5,0
21.99906,-403,320,-25,1,-1,0
21.99909,-398,319,-27,1,2,0
21.99909,-398,319,-27,1,3,0
21.99909,-401,319,-29,1,0,-1
21.99910,-401,319,-29,3,-5,0
21.99918,-405,317,-31,2,-5,0
21.99919,-405,317,-31,-2,1,1
21.99922,-405,317,-31,-4,8,2
21.99922,-404,319,-30,-5,9,2
21.99930,-404,319,-30,-4,5,1
21.99930,-405,322,-27,-2,0,1
21.99931,-405,322,-27,0,-4,1
21.99932,-406,322,-26,0,-5,2
21.99940,-406,322,-26,-4,-3,2
21.99941,-401,319,-27,-7,1,0
21.99941,-401,319,-27,-5,5,0
22.05349,-401,319,-25,-2,1,2
22.05351,-403,318,-24,1,-2,0
22.05352,-403,318,-24,3,-6,0
22.05357,-408,318,-25,4,-7,2
22.05358,-408,318,-25,4,-4,3
22.05359,-405,321,-29,3,0,3
22.05364,-405,321,-29,0,5,2
22.05365,-401,322,-31,-3,6,1
22.05369,-401,322,-31,-4,4,1
22.05369,-402,321,-30,-4,1,0
22.05376,-402,321,-30,-3,2,1
22.05378,-402,321,-30,-4,6,1
22.05378,-398,322,-28,-5,7,1
22.05384,-398,322,-28,-1,1,-1
22.05384,-398,323,-23,4,-6,-1
22.05385,-398,323,-23,7,-10,0
22.10569,-406,319,-26,0,2,1
22.10580,-404,320,-29,0,7,4
22.10582,-404,320,-29,-1,5,3
22.10582,-395,324,-29,-2,1,1
22.10587,-395,324,-29,-1,-3,-1
22.10592,-402,319,-26,1,-4,0
22.10593,-402,319,-26,2,-4,-1
22.10593,-402,319,-26,3,-3,-2
22.10594,-399,321,-25,5,-2,-3
22.10598,-399,321,-25,6,-2,-2
22.10598,-403,319,-25,4,-2,-1
22.10600,-403,319,-25,3,-1,-1
22.10600,-410,317,-27,3,0,0
22.10601,-410,317,-27,3,2,1
22.10602,-406,321,-28,3,3,0
22.10603,-406,321,-28,1,3,0
22.15701,-400,320,-26,5,-1,-3
22.15703,-400,320,-26,2,3,0
22.15704,-400,320,-24,1,1,1
22.15709,-400,320,-24,3,-3,-2
22.15710,-406,319,-25,3,-6,-4
22.15710,-406,319,-25,3,-7,-3
22.15711,-408,319,-28,2,-6,-1
22.15711,-408,319,-28,2,-4,1
22.15711,-404,319,-30,1,-3,4
22.15719,-404,319,-30,0,-2,3
22.15725,-405,318,-29,1,-1,2
22.15725,-405,318,-29,0,-1,1
22.15726,-405,318,-29,-2,-2,3
22.15727,-403,318,-29,-5,0,3
22.15732,-403,318,-29,-6,5,2
22.15732,-395,321,-27,-4,8,2
22.21225,-403,322,-22,3,-1,2
22.21230,-403,322,-22,7,-3,0
22.21236,-403,322,-22,6,-1,0
22.21238,-405,319,-26,1,0,0
22.21247,-405,319,-26,-2,0,0
22.21250,-403,319,-30,-1,-1,0
22.21252,-403,319,-30,3,0,-1
22.21254,-399,322,-33,4,4,-2
22.21255,-399,322,-33,2,8,-3
22.21258,-397,321,-34,-3,9,-1
22.21261,-397,321,-34,-7,6,1
22.21262,-401,320,-29,-8,2,1
22.21263,-401,320,-29,-4,0,-1
22.21265,-403,321,-24,2,0,-3
22.21268,-403,321,-24,4,0,-4
22.21277,-402,319,-24,3,-1,-3
22.26787,-399,321,-30,-4,1,1
22.26793,-399,321,-30,-2,-1,-1
22.26799,-399,321,-30,0,-1,-2
22.26801,-399,321,-30,2,0,-2
22.26811,-402,321,-28,1,2,-1
22.26821,-402,321,-28,-1,-2,1
22.26827,-403,320,-25,-3,-5,2
22.26837,-403,320,-25,-2,-6,2
22.26838,-406,322,-25,0,-3,0
22.26845,-406,322,-25,4,1,-1
22.26847,-409,320,-27,8,3,-2
22.26849,-409,320,-27,5,1,-1
22.26851,-405,319,-29,-1,1,0
22.26852,-405,319,-29,-7,3,-1
22.26857,-399,321,-27,-9,4,-2
22.26864,-399,321,-27,-6,3,-2
22.32168,-406,318,-24,-1,-2,3
22.32174,-404,319,-25,-3,1,4
22.32182,-404,319,-25,-3,4,3
22.32185,-404,319,-25,0,2,-1
22.32188,-400,323,-25,2,-2,-3
22.32195,-400,323,-25,2,-5,-3
22.32200,-401,322,-27,0,-2,-1
22.32202,-401,322,-27,-2,2,2
22.32205,-400,321,-28,-2,4,2
22.32206,-400,321,-28,0,1,1
22.32207,-397,322,-25,4,-5,0
22.32209,-397,322,-25,8,-10,1
22.32222,-403,319,-26,9,-9,0
22.32225,-403,319,-26,6,-3,-2
22.32226,-407,315,-30,3,1,-4
22.32227,-407,315,-30,-2,6,-5
22.37382,-400,321,-29,-3,3,-1
22.37388,-398,322,-32,-2,0,-3
22.37397,-398,322,-32,0,-1,-2
22.37404,-400,321,-30,2,-1,0
22.37406,-400,321,-30,2,-1,2
22.37409,-404,318,-26,2,-1,1
22.37410,-404,318,-26,2,-1,-1
22.37413,-407,319,-26,2,-3,-1
22.37422,-407,319,-26,1,-5,-2
22.37427,-411,316,-29,0,-4,0
22.37431,-411,316,-29,-2,1,3
22.37437,-402,319,-32,-4,7,5
22.37443,-402,319,-32,-7,8,5
22.37445,-396,322,-30,-7,4,0
22.37448,-396,322,-30,-5,1,0
22.37457,-402,320,-26,-5,0,2
22.42972,-402,323,-27,-1,0,-3
22.42985,-406,320,-26,-1,0,-2
22.42993,-406,320,-26,-1,2,1
22.42998,-408,316,-27,-2,3,2
22.43003,-408,316,-27,-1,3,1
22.43009,-402,320,-26,0,0,1
22.43015,-402,320,-26,0,-2,2
22.43018,-402,320,-26,-1,0,2
22.43026,-400,319,-28,-2,0,0
22.43029,-400,319,-28,-1,1,-1
22.43034,-403,317,-28,-1,1,1
22.43039,-403,317,-28,-2,0,4
22.43047,-401,320,-26,-3,-1,5
22.43048,-401,320,-26,-3,1,3
22.43050,-398,322,-25,-2,2,2
22.43052,-398,322,-25,0,0,0
22.48375,-403,320,-31,-3,3,4
22.48384,-399,322,-28,-2,1,1
22.48391,-399,322,-28,0,-3,0
22.48402,-403,321,-25,0,-3,1
22.48409,-403,321,-25,0,-4,2
22.48411,-407,318,-26,2,-4,-1
22.48423,-407,318,-26,4,-4,-2
22.48427,-405,319,-27,5,-3,0
22.48429,-405,319,-27,4,-3,3
22.48437,-405,320,-29,2,-2,4
22.48440,-405,320,-29,0,0,3
22.48445,-407,319,-31,-3,2,1
22.48450,-407,319,-31,-4,5,0
22.48455,-402,319,-30,-3,7,0
22.48456,-402,319,-30,-3,7,2
22.48459,-399,321,-26,-3,4,2
22.53903,-406,322,-22,9,-6,1
22.53926,-406,322,-22,4,-1,3
22.53963,-407,322,-25,-2,2,3
22.53967,-407,322,-25,-4,2,2
22.53982,-403,321,-30,-6,6,1
22.53994,-403,321,-30,-5,7,1
22.54002,-401,321,-28,-2,5,2
22.54004,-401,321,-28,-2,2,2
22.54007,-402,321,-26,-2,0,1
22.54015,-402,321,-26,-2,-1,1
22.54020,-401,320,-23,0,-2,1
22.54033,-401,320,-23,2,0,0
22.54036,-399,320,-22,2,2,1
22.54038,-399,320,-22,2,4,1
22.54041,-399,319,-25,3,3,1
22.54052,-399,319,-25,4,-1,0
22.59497,-401,319,-27,-2,-2,-1
22.59508,-401,319,-27,0,-2,0
22.59511,-400,319,-24,3,-1,-1
22.59526,-400,319,-24,3,0,-2
22.59529,-402,318,-25,1,-1,-1
22.59531,-402,318,-25,2,-3,0
22.59534,-402,318,-25,4,-2,0
22.59541,-408,318,-28,6,2,-1
22.59545,-408,318,-28,5,5,-1
22.59548,-408,320,-30,1,7,0
22.59558,-408,320,-30,-4,7,2
22.59561,-402,320,-31,-7,6,3
22.59562,-402,320,-31,-7,5,2
22.59565,-401,321,-28,-6,4,1
22.59573,-401,321,-28,-5,1,1
22.59575,-404,322,-26,-2,0,1
22.65076,-405,318,-32,-7,4,1
22.65082,-399,319,-32,-9,8,3
22.65088,-399,319,-32,-8,7,1
22.65091,-396,321,-28,-4,1,-1
22.65095,-396,321,-28,1,-5,-2
22.65100,-400,320,-25,5,-8,0
22.65103,-400,320,-25,5,-6,1
22.65105,-403,318,-25,3,-1,1
22.65106,-403,318,-25,4,0,0
22.65107,-401,322,-25,6,-4,-1
22.65108,-401,322,-25,6,-8,-1
22.65109,-401,322,-28,4,-6,-1
22.65112,-401,322,-28,1,2,0
22.65126,-406,318,-32,-3,8,1
22.65129,-406,318,-32,-3,6,3
22.65130,-409,320,-32,-2,3,4
22.70569,-405,318,-24,3,0,0
22.70574,-407,319,-26,5,0,0
22.70581,-407,319,-26,5,-2,1
22.70596,-406,321,-31,3,-3,2
22.70598,-406,321,-31,1,0,2
22.70600,-405,321,-33,-3,5,2
22.70601,-405,321,-33,-6,9,0
22.70605,-403,322,-30,-6,9,-3
22.70607,-403,322,-30,-2,3,-6
22.70612,-401,323,-25,2,-2,-6
22.70615,-401,323,-25,4,-3,-3
22.70622,-400,320,-23,2,0,-1
22.70625,-400,320,-23,-1,2,0
22.70627,-401,320,-23,-1,2,0
22.70628,-401,320,-23,2,-2,1
22.70630,-401,323,-24,6,-5,1
22.75821,-401,321,-27,2,1,-3
22.75829,-401,321,-27,0,2,0
22.75831,-401,319,-27,-2,2,2
22.75838,-401,319,-27,-2,1,1
22.75839,-398,319,-25,0,0,0
22.75846,-398,319,-25,2,-3,0
22.75848,-398,320,-25,2,-5,0
22.75849,-398,320,-25,2,-2,0
22.75852,-404,320,-28,0,3,-1
22.75854,-404,320,-28,-1,6,-1
22.75858,-406,320,-29,-2,3,0
22.75860,-406,320,-29,-3,0,0
22.75864,-405,320,-28,-3,1,1
22.75866,-405,320,-28,-3,2,2
22.75870,-405,320,-28,-3,3,1
22.75871,-403,319,-28,-3,4,1
22.81045,-404,318,-25,4,-1,0
22.81050,-404,318,-25,2,0,3
22.81055,-404,319,-29,0,1,3
22.81057,-404,319,-29,0,-1,0
22.81062,-404,322,-30,1,-3,-1
22.81066,-404,322,-30,-1,-1,0
22.81067,-406,321,-30,-5,3,1
22.81068,-406,321,-30,-6,6,3
22.81069,-404,322,-28,-4,5,2
22.81070,-404,322,-28,1,0,-1
22.81071,-400,324,-24,4,-2,-3
22.81078,-400,324,-24,4,-1,-4
22.81079,-400,321,-24,2,2,-3
22.81096,-400,321,-24,2,2,-2
22.81097,-401,319,-26,3,-1,-1
22.81098,-401,319,-26,5,-5,-1
22.86249,-404,321,-30,2,2,0
22.86255,-399,321,-32,0,1,-3
22.86263,-399,321,-32,-3,4,-5
22.86266,-396,321,-29,-7,8,-4
22.86271,-396,321,-29,-8,9,-2
22.86276,-400,322,-23,-4,6,0
22.86285,-400,322,-23,2,-1,0
22.86288,-402,321,-22,4,-8,1
22.86296,-402,321,-22,4,-7,1
22.86304,-402,321,-22,3,-6,0
22.86313,-402,319,-26,3,-5,0
22.86317,-402,319,-26,3,-3,0
22.86319,-404,319,-29,3,-1,0
22.86326,-404,319,-29,1,1,-1
22.86328,-408,320,-31,-2,2,0
22.86336,-408,320,-31,-5,2,2
22.91724,-403,319,-29,2,5,2
22.91728,-403,319,-29,1,7,4
22.91747,-399,322,-26,-1,4,4
22.91757,-399,322,-26,0,-1,3
22.91762,-398,321,-24,2,-4,1
22.91837,-398,321,-24,3,-3,-2
22.91861,-404,317,-25,4,-1,-3
22.91868,-404,317,-25,3,0,-1
22.91879,-405,318,-25,2,0,2
22.91883,-405,318,-25,3,-1,3
22.91895,-405,321,-24,2,1,2
22.91900,-405,321,-24,-1,2,1
22.91910,-406,319,-28,-5,1,1
22.91913,-406,319,-28,-7,0,1
22.91917,-405,318,-30,-6,1,3
22.91922,-405,318,-30,-5,5,6
22.97386,-405,319,-27,-2,8,2
22.97398,-406,319,-27,0,4,3
22.97405,-406,319,-27,1,-3,3
22.97417,-407,319,-27,-2,-5,3
22.97418,-407,319,-27,-5,-1,3
22.97420,-405,318,-30,-7,8,2
22.97421,-405,318,-30,-8,12,1
22.97422,-400,319,-31,-5,10,0
22.97434,-400,319,-31,-2,2,-2
22.97438,-398,322,-25,2,-2,-2
22.97441,-398,322,-25,4,-3,-2
22.97442,-397,320,-23,5,-1,-2
22.97445,-397,320,-23,5,2,-2
22.97448,-400,319,-25,4,1,-1
22.97452,-400,319,-25,6,-3,1
22.97455,-402,321,-29,8,-9,3
23.02856,-400,320,-28,0,-2,-1
23.02861,-400,320,-28,1,-6,-1
23.02870,-402,321,-25,4,-5,-1
23.02873,-402,321,-25,5,-3,0
23.02875,-404,319,-27,3,1,1
23.02878,-404,319,-27,0,3,1
23.02880,-406,318,-29,-2,2,1
23.02881,-406,318,-29,-2,0,2
23.02883,-406,318,-29,-2,-1,3
23.02891,-406,318,-29,-3,3,3
23.02894,-402,319,-29,-4,6,2
23.02896,-402,319,-29,-4,7,-1
23.02898,-400,320,-28,-2,5,0
23.02909,-400,320,-28,-2,1,1
23.02912,-403,320,-24,0,-2,2
23.02915,-403,320,-24,3,-4,1
23.08010,-405,318,-28,-3,2,-1
23.08017,-401,319,-28,-5,3,-2
23.08019,-401,319,-28,-5,4,-4
23.08024,-399,320,-25,-3,3,-4
23.08028,-399,320,-25,0,0,-2
23.08035,-403,321,-22,2,-3,-1
23.08039,-403,321,-22,3,-5,1
23.08040,-403,321,-22,3,-5,1
23.08042,-403,321,-22,3,-4,1
23.08049,-402,319,-27,3,-4,0
23.08053,-402,319,-27,3,-3,1
23.08057,-402,319,-30,1,1,0
23.08062,-402,319,-30,-1,3,-2
23.08065,-404,319,-30,-3,2,-1
23.08072,-404,319,-30,-1,2,1
23.08074,-407,319,-30,0,1,4
23.13278,-400,320,-28,-7,4,2
23.13283,-399,322,-24,-3,1,3
23.13295,-399,322,-24,0,-2,0
23.13300,-404,320,-24,3,-3,-1
23.13304,-404,320,-24,4,-5,0
23.13307,-407,318,-26,4,-3,4
23.13309,-407,318,-26,3,-1,4
23.13315,-403,319,-27,2,1,1
23.13318,-403,319,-27,2,-1,-1
23.13320,-403,319,-27,2,-2,-2
23.13322,-404,319,-30,2,0,-1
23.13326,-404,319,-30,0,3,0
23.13336,-407,316,-31,-3,5,1
23.13338,-407,316,-31,-6,5,2
23.13339,-401,319,-28,-6,5,1
23.13340,-401,319,-28,-6,7,1
23.18850,-403,321,-24,5,1,0
23.18868,-403,321,-24,8,0,0
23.18877,-403,321,-24,5,0,-1
23.18902,-407,319,-28,1,1,-2
23.18934,-407,319,-28,-3,1,-2
23.18948,-407,317,-32,-4,2,-3
23.18984,-407,317,-32,-5,5,-1
23.18986,-399,320,-29,-5,10,0
23.18987,-399,320,-29,-3,10,1
23.18989,-397,322,-24,-1,6,1
23.19000,-397,322,-24,-1,0,1
23.19006,-404,322,-23,-2,-6,1
23.19017,-404,322,-23,-1,-8,1
23.19021,-404,322,-24,4,-5,2
23.19022,-404,322,-24,7,0,3
23.19026,-399,321,-26,6,0,2
23.24542,-398,324,-28,1,-6,-1
23.24548,-403,321,-26,0,-5,-4
23.24554,-403,321,-26,0,-1,-4
23.24555,-400,321,-25,0,1,-4
23.24567,-400,321,-25,2,-1,-1
23.24570,-399,324,-22,5,-4,1
23.24571,-399,324,-22,6,-5,3
23.24573,-405,320,-25,6,-8,3
23.24577,-405,320,-25,3,-6,1
23.24582,-408,318,-31,-3,2,0
23.24587,-408,318,-31,-5,7,-1
23.24594,-406,322,-30,-4,5,0
23.24598,-406,322,-30,-2,-1,1
23.24599,-404,321,-28,-2,-3,3
23.24603,-404,321,-28,-3,0,3
23.24606,-401,318,-27,-4,2,3
23.29999,-403,321,-33,-8,5,-2
23.30008,-403,321,-30,-10,4,-2
23.30015,-403,321,-30,-9,3,0
23.30021,-403,321,-25,-7,3,1
23.30022,-403,321,-25,-1,3,1
23.30023,-398,320,-23,0,3,2
23.30027,-398,320,-23,2,1,2
23.30035,-400,319,-23,5,-4,4
23.30039,-400,319,-23,8,-10,6
23.30041,-403,318,-26,10,-11,5
23.30042,-403,318,-26,8,-7,4
23.30043,-401,318,-31,4,0,2
23.30049,-401,318,-31,1,3,1
23.30056,-404,320,-31,0,3,0
23.30063,-404,320,-31,-1,2,0
23.30064,-407,320,-29,-3,2,0
23.35565,-404,318,-26,4,-3,1
23.35575,-404,318,-26,2,-3,1
23.35581,-408,318,-27,2,0,1
23.35588,-408,318,-27,2,3,1
23.35593,-408,320,-27,2,4,2
23.35610,-408,320,-27,1,6,2
23.35630,-408,320,-27,-2,5,2
23.35657,-406,321,-29,-5,3,1
23.35670,-405,321,-29,-5,4,5
23.35708,-405,321,-29,-2,6,4
23.35730,-402,322,-25,0,5,2
23.35748,-402,322,-25,1,4,0
23.35759,-400,322,-23,1,0,2
23.35766,-400,322,-23,1,-5,3
23.35793,-403,321,-24,2,-7,2
23.35798,-403,321,-24,3,-4,2
23.41093,-402,321,-23,0,6,0
23.41099,-402,321,-23,-2,4,2
23.41105,-401,321,-23,-4,3,0
23.41108,-401,321,-23,1,-2,-3
23.41117,-402,321,-25,7,-9,-4
23.41125,-402,321,-25,11,-12,-2
23.41128,-404,318,-30,10,-8,0
23.41133,-404,318,-30,4,-2,2
23.41140,-403,318,-32,-1,1,2
23.41142,-403,318,-32,-4,1,1
23.41143,-405,321,-30,-5,1,-1
23.41145,-405,321,-30,-2,2,-3
23.41161,-405,321,-30,0,2,-3
23.41163,-407,320,-29,-3,2,-2
23.41165,-407,320,-29,-8,5,0
23.41172,-404,320,-27,-9,7,1
23.46508,-405,322,-27,-1,-4,0
23.46519,-405,322,-27,-3,-1,-1
23.46526,-406,322,-30,-6,2,1
23.46529,-406,322,-30,-8,5,2
23.46551,-405,321,-31,-8,6,1
23.46553,-405,321,-31,-7,3,-2
23.46554,-404,322,-27,-4,-1,-3
23.46555,-404,322,-27,-1,-3,-1
23.46561,-403,322,-25,-1,-2,0
23.46563,-403,322,-25,-2,1,-2
23.46570,-400,320,-26,-1,1,-2
23.46574,-400,320,-26,1,-2,-2
23.46577,-399,320,-28,4,-5,0
23.46578,-399,320,-28,5,-7,3
23.46581,-401,319,-31,3,-3,3
23.46583,-401,319,-31,-1,2,2
23.51767,-401,321,-26,-3,0,2
23.51773,-402,317,-26,-1,0,1
23.51785,-402,317,-26,0,2,1
23.51797,-401,322,-24,2,2,1
23.51800,-401,322,-24,5,-2,1
23.51801,-401,322,-24,6,-8,2
23.51802,-407,319,-30,5,-10,4
23.51815,-407,319,-30,2,-4,3
23.51817,-405,320,-31,0,7,2
23.51818,-405,320,-31,-2,13,1
23.51822,-405,323,-27,-2,10,3
23.51829,-405,323,-27,-2,3,3
23.51837,-409,319,-29,-3,-2,0
23.51841,-409,319,-29,-4,-3,-2
23.51842,-404,319,-27,-5,1,-1
23.51843,-404,319,-27,-3,2,1
23.57235,-408,321,-27,6,-8,1
23.57247,-408,321,-27,5,-5,1
23.57259,-408,320,-32,2,0,-2
23.57285,-408,320,-32,-1,4,-4
23.57299,-408,320,-32,-1,5,-4
23.57314,-404,322,-32,-3,3,-2
23.57321,-404,322,-32,-4,3,-1
23.57334,-403,322,-29,-4,4,-1
23.57337,-403,322,-29,-4,6,-2
23.57338,-403,319,-26,-3,6,-4
23.57340,-403,319,-26,-2,3,-3
23.57347,-401,321,-23,-2,0,1
23.57349,-401,321,-23,-1,-3,4
23.57355,-402,322,-24,2,-4,4
23.57357,-402,322,-24,4,-4,3
23.57363,-400,321,-29,6,-5,1
23.62871,-402,321,-29,-4,6,4
23.62877,-402,321,-29,0,2,2
23.62879,-399,323,-26,2,-1,1
23.62880,-399,323,-26,3,-2,-1
23.62881,-402,322,-24,3,-3,-3
23.62883,-402,322,-24,3,-5,-2
23.62883,-400,320,-29,4,-5,-1
23.62894,-400,320,-29,6,-3,0
23.62897,-400,320,-29,6,1,1
23.62897,-402,320,-30,5,2,1
23.62898,-402,320,-30,3,1,0
23.62900,-405,319,-29,0,-1,-1
23.62901,-405,319,-29,-2,-1,-1
23.62906,-406,319,-27,-4,0,1
23.62907,-406,319,-27,-5,2,2
23.62909,-403,320,-26,-5,5,3
23.68305,-405,321,-29,-7,9,-1
23.68331,-405,321,-29,-5,4,-1
23.68334,-404,320,-26,-4,3,-1
23.68336,-404,320,-26,-2,3,1
23.68337,-404,320,-26,0,4,2
23.68347,-399,320,-25,-1,6,1
23.68351,-399,320,-25,0,5,0
23.68370,-397,323,-23,3,1,0
23.68373,-397,323,-23,6,-3,-1
23.68375,-401,322,-24,6,-4,-1
23.68376,-401,322,-24,4,0,1
23.68381,-402,321,-29,0,3,1
23.68382,-402,321,-29,-1,4,-1
23.68390,-401,321,-31,0,4,-2
23.68392,-401,321,-31,0,3,-2
23.68397,-404,319,-28,-1,3,-2
23.73729,-400,320,-25,2,-4,-1
23.73736,-403,317,-25,3,-2,2
23.73750,-403,317,-25,2,-1,4
23.73753,-398,319,-26,0,-1,2
23.73755,-398,319,-26,-1,-3,0
23.73759,-399,322,-28,-1,-4,-1
23.73765,-399,322,-28,0,-4,-1
23.73775,-407,320,-31,-2,0,1
23.73781,-407,320,-31,-4,5,2
23.73785,-406,321,-31,-5,6,2
23.73804,-406,321,-31,-2,4,2
23.73806,-404,322,-26,0,1,2
23.73808,-404,322,-26,0,-1,3
23.73810,-404,319,-25,-1,0,3
23.73812,-404,319,-25,-2,3,2
23.73820,-404,319,-25,-3,4,1
23.79029,-409,321,-31,0,-4,3
23.79034,-403,320,-28,-2,0,1
23.79041,-403,320,-28,-3,6,-1
23.79044,-401,318,-25,-2,9,0
23.79056,-401,318,-25,-2,6,3
23.79064,-400,321,-23,-2,1,4
23.79067,-400,321,-23,0,-3,2
23.79070,-400,321,-25,1,-6,-1
23.79072,-400,321,-25,1,-5,-4
23.79074,-400,321,-25,1,0,-2
23.79076,-402,318,-29,2,5,2
23.79079,-402,318,-29,2,4,4
23.79089,-399,320,-27,2,-2,3
23.79092,-399,320,-27,2,-9,0
23.79100,-401,320,-27,3,-10,-2
23.79105,-401,320,-27,2,-3,-1
23.84611,-397,323,-26,0,0,-3
23.84617,-397,323,-26,2,-3,-2
23.84626,-401,321,-24,4,-4,2
23.84630,-401,321,-24,6,-4,4
23.84631,-405,317,-27,4,0,3
23.84635,-405,317,-27,1,2,-1
23.84640,-397,321,-29,1,0,-3
23.84642,-397,321,-29,2,-4,-2
23.84644,-401,321,-29,3,-6,0
23.84658,-401,321,-29,2,0,1
23.84660,-411,316,-31,-1,8,0
23.84662,-411,316,-31,-3,10,-2
23.84665,-411,316,-31,-3,7,-4
23.84667,-405,319,-30,0,-1,-3
23.84671,-405,319,-30,2,-8,0
23.84676,-403,321,-24,2,-8,2
23.90131,-405,319,-31,-7,7,0
23.90136,-403,323,-27,-9,7,0
23.90144,-403,323,-27,-8,5,1
23.90146,-403,322,-25,-5,0,2
23.90148,-403,322,-25,-4,-3,3
23.90149,-399,320,-26,-4,-4,4
23.90152,-399,320,-26,-2,-3,3
23.90157,-397,321,-26,0,0,1
23.90160,-397,321,-26,3,3,-2
23.90162,-401,319,-27,5,1,-3
23.90165,-401,319,-27,7,-4,-1
23.90168,-402,319,-30,7,-7,0
23.90176,-402,319,-30,4,-4,1
23.90180,-403,319,-30,0,0,1
23.90181,-403,319,-30,-3,4,0
23.90183,-406,320,-27,-4,4,0
23.95742,-402,321,-27,0,-1,-1
23.95762,-403,321,-29,0,-2,-3
23.95786,-403,321,-29,1,-3,-4
23.95795,-403,321,-29,2,-2,-4
23.95811,-408,318,-29,-1,2,-1
23.95818,-408,318,-29,-4,6,2
23.95826,-409,317,-28,-4,7,3
23.95836,-409,317,-28,-2,4,3
23.95838,-405,320,-26,0,1,1
23.95840,-405,320,-26,0,1,0
23.95843,-405,320,-25,-1,0,0
23.95851,-405,320,-25,-1,-1,1
23.95863,-403,319,-26,0,0,2
23.95878,-403,319,-26,0,1,1
23.95883,-400,321,-27,2,-2,-1
23.95889,-400,321,-27,3,-5,-1
24.01397,-402,320,-26,-6,2,1
24.01403,-402,322,-24,-4,0,-1
24.01414,-402,322,-24,0,-1,-2
24.01415,-400,323,-23,4,-4,0
24.01423,-400,323,-23,6,-5,2
24.01425,-401,320,-25,6,-1,4
24.01426,-401,320,-25,2,4,4
24.01426,-399,319,-29,0,5,2
24.01430,-399,319,-29,-1,-1,0
24.01431,-397,322,-30,-1,-6,0
24.01432,-397,322,-30,-2,-5,0
24.01437,-403,320,-28,-2,0,0
24.01437,-403,320,-28,-4,4,-1
24.01438,-405,318,-26,-5,5,-2
24.01438,-405,318,-26,-2,0,-3
24.01439,-402,320,-25,3,-7,-2
24.06711,-404,321,-24,-7,4,-1
24.06714,-404,321,-24,-2,-3,-2
24.06715,-405,320,-24,3,-7,0
24.06715,-405,320,-24,3,-7,2
24.06721,-405,320,-24,0,-1,3
24.06723,-402,317,-29,-3,6,3
24.06723,-402,317,-29,-4,6,2
24.06730,-396,322,-30,0,-2,0
24.06731,-396,322,-30,3,-7,-2
24.06734,-398,322,-31,3,-6,0
24.06735,-398,322,-31,-1,0,2
24.06736,-401,317,-35,-4,5,1
24.06744,-401,317,-35,-4,6,0
24.06745,-401,318,-31,0,1,0
24.06750,-401,318,-31,4,-4,1
24.06750,-403,319,-26,5,-4,1
24.12218,-402,321,-25,3,-1,0
24.12222,-402,321,-25,5,-2,-1
24.12230,-400,322,-26,4,-2,-2
24.12234,-400,322,-26,2,-2,-1
24.12236,-401,321,-27,1,-2,0
24.12241,-401,321,-27,1,-2,2
24.12244,-401,319,-30,-1,-3,1
24.12250,-401,319,-30,-1,-2,0
24.12252,-402,318,-30,0,2,-1
24.12254,-402,318,-30,0,6,0
24.12259,-404,319,-26,0,5,1
24.12261,-404,319,-26,3,1,2
24.12263,-405,321,-23,4,-2,0
24.12267,-405,321,-23,5,-4,0
24.12268,-405,321,-24,4,-3,1
24.12268,-405,321,-24,2,1,2
24.17777,-405,319,-29,-1,0,-3
24.17780,-405,319,-29,-3,2,1
24.17781,-409,317,-28,-6,4,3
24.17789,-409,317,-28,-5,2,3
24.17796,-406,318,-26,1,-1,2
24.17796,-406,318,-26,7,-2,1
24.17805,-399,320,-27,6,-2,0
24.17805,-399,320,-27,3,-1,0
24.17806,-399,320,-27,0,0,0
24.17810,-398,321,-29,-1,-2,0
24.17811,-398,321,-29,2,-4,-1
24.17811,-398,321,-28,5,-2,-1
24.17811,-398,321,-28,3,-1,0
24.17812,-398,320,-26,-1,-1,1
24.17818,-398,320,-26,-3,-4,1
24.17819,-400,319,-26,-2,-6,0
24.23322,-401,319,-29,5,-8,0
24.23324,-401,319,-29,1,-3,-2
24.23324,-402,319,-32,-4,2,-1
24.23325,-402,319,-32,-6,3,2
24.23332,-403,321,-30,-5,2,3
24.23333,-403,321,-30,-2,1,1
24.23347,-407,320,-26,1,1,0
24.23347,-407,320,-26,1,0,-1
24.23348,-407,318,-25,0,-1,-1
24.23358,-407,318,-25,-1,-1,-1
24.23358,-404,320,-26,3,-1,0
24.23359,-404,320,-26,5,1,1
24.23362,-401,321,-29,3,3,1
24.23362,-401,321,-29,-4,5,-1
24.23365,-400,321,-30,-8,3,-1
24.23366,-400,321,-30,-7,-1,-1
24.28871,-402,321,-25,1,-3,1
24.28874,-402,321,-25,2,0,1
24.28886,-402,322,-27,1,3,0
24.28892,-402,322,-27,-2,1,-2
24.28895,-399,323,-29,-2,-1,-1
24.28896,-399,323,-29,0,-2,-1
24.28897,-397,322,-30,0,-4,-2
24.28904,-397,322,-30,0,-3,-2
24.28904,-401,320,-28,1,0,0
24.28906,-401,320,-28,-1,3,1
24.28907,-400,319,-26,-2,4,-1
24.28907,-400,319,-26,-1,2,-4
24.28912,-402,319,-25,2,-2,-2
24.28913,-402,319,-25,5,-4,2
24.28914,-408,318,-24,4,-5,4
24.28914,-408,318,-24,3,-2,4
24.34418,-399,321,-29,-1,2,-2
24.34419,-403,318,-30,-1,3,1
24.34420,-403,318,-30,1,3,1
24.34439,-407,318,-26,4,0,1
24.34442,-407,318,-26,6,-3,2
24.34443,-404,319,-24,2,-3,3
24.34446,-404,319,-24,-2,-1,3
24.34452,-404,319,-27,-3,4,2
24.34454,-404,319,-27,0,7,1
24.34454,-395,323,-29,2,6,-1
24.34458,-395,323,-29,1,1,-2
24.34461,-396,321,-28,-2,-1,-3
24.34463,-396,321,-28,-5,0,-2
24.34465,-396,321,-28,-4,2,1
24.34467,-403,319,-25,-1,0,3
24.34468,-403,319,-25,2,-1,2
24.39763,-396,321,-27,-2,2,0
24.39784,-396,321,-27,-1,3,-3
24.39791,-398,321,-28,2,1,-5
24.39806,-398,321,-28,4,-2,-5
24.39811,-401,319,-28,2,-3,-2
24.39825,-401,319,-28,-1,-3,1
24.39829,-400,320,-26,-2,-2,3
24.39839,-400,320,-26,0,-1,0
24.39840,-403,320,-25,2,-1,-2
24.39849,-403,320,-25,2,-2,-1
24.39852,-409,317,-26,-1,-2,1
24.39854,-409,317,-26,-2,-1,2
24.39860,-409,317,-26,-2,2,1
24.39865,-407,318,-28,0,4,0
24.39875,-407,318,-28,0,2,1
24.39878,-403,322,-29,-2,-1,1
24.45068,-401,319,-30,2,-5,0
24.45074,-406,319,-24,1,-5,3
24.45081,-406,319,-24,1,-1,5
24.45087,-408,318,-22,0,4,5
24.45092,-408,318,-22,1,5,2
24.45099,-403,320,-22,2,1,-1
24.45105,-403,320,-22,1,-5,-1
24.45107,-401,321,-27,0,-4,0
24.45116,-401,321,-27,-4,4,0
24.45118,-403,317,-32,-8,13,0
24.45120,-403,317,-32,-10,14,0
24.45122,-400,320,-31,-6,6,0
24.45123,-400,320,-31,1,-3,-2
24.45140,-398,323,-23,4,-8,-2
24.45144,-398,323,-23,3,-6,-1
24.45146,-402,319,-21,0,0,0
24.50663,-402,320,-25,1,1,2
24.50680,-401,320,-27,-1,3,3
24.50689,-401,320,-27,-2,4,2
24.50701,-401,322,-27,1,1,1
24.50706,-401,322,-27,5,-3,-1
24.50725,-399,321,-28,7,-4,-1
24.50730,-399,321,-28,4,-2,0
24.50753,-399,318,-30,2,0,0
24.50757,-399,318,-30,0,0,1
24.50763,-404,318,-27,-1,-1,2
24.50782,-404,318,-27,-1,-2,3
24.50784,-404,320,-24,-2,-3,2
24.50785,-404,320,-24,-1,-5,2
24.50786,-410,321,-25,6,-7,0
24.50795,-410,321,-25,8,-4,1
24.50798,-408,319,-30,4,0,2
24.56308,-405,318,-26,-1,4,-2
24.56319,-405,318,-26,1,5,-3
24.56320,-406,318,-23,4,4,-2
24.56328,-406,318,-23,6,1,2
24.56329,-406,321,-24,4,-2,5
24.56338,-406,321,-24,2,-3,5
24.56339,-404,321,-30,-1,-2,6
24.56340,-404,321,-30,-4,1,5
24.56341,-399,321,-32,-8,4,4
24.56342,-399,321,-32,-10,5,1
24.56343,-400,321,-27,-8,3,0
24.56353,-400,321,-27,-5,-2,-1
24.56354,-404,319,-23,-3,-3,-1
24.56355,-404,319,-23,-1,0,0
24.56356,-404,317,-22,1,2,1
24.56364,-404,317,-22,5,-1,1
24.61689,-397,321,-29,2,7,1
24.61696,-397,321,-29,1,7,0
24.61704,-399,320,-27,0,2,0
24.61723,-399,320,-27,1,-3,-2
24.61729,-403,321,-23,1,-5,-2
24.61735,-403,321,-23,1,0,-2
24.61736,-405,319,-23,0,5,-2
24.61737,-405,319,-23,-3,4,0
24.61738,-406,318,-24,-3,-1,2
24.61746,-406,318,-24,1,-6,3
24.61750,-404,320,-27,4,-5,2
24.61753,-404,320,-27,2,1,-1
24.61758,-400,319,-30,-3,8,-4
24.61767,-400,319,-30,-9,14,-3
24.61771,-401,318,-30,-9,11,0
24.61779,-401,318,-30,-4,2,2
24.67221,-404,321,-24,1,1,1
24.67234,-403,320,-29,-1,2,0
24.67246,-403,320,-29,-3,5,-2
24.67257,-403,321,-30,-5,6,-2
24.67275,-403,321,-30,-6,5,-3
24.67278,-399,322,-28,-3,4,-1
24.67281,-399,322,-28,0,5,0
24.67284,-397,320,-26,2,4,-1
24.67309,-397,320,-26,2,-1,-1
24.67315,-400,319,-25,4,-5,-1
24.67326,-400,319,-25,4,-6,0
24.67342,-402,319,-25,3,-3,3
24.67356,-402,319,-25,4,0,2
24.67362,-402,320,-26,7,0,1
24.67376,-402,320,-26,8,-2,-1
24.67382,-406,319,-28,6,-4,-2
24.72745,-402,318,-28,0,6,4
24.72749,-402,318,-28,3,5,4
24.72754,-397,322,-24,5,3,1
24.72756,-397,322,-24,7,0,-1
24.72763,-405,320,-25,7,-3,-1
24.72767,-405,320,-25,5,-5,1
24.72768,-410,318,-29,4,-3,3
24.72769,-410,318,-29,2,2,4
24.72771,-404,321,-30,-1,6,3
24.72773,-404,321,-30,-3,5,2
24.72778,-404,321,-31,-3,1,2
24.72782,-404,321,-31,-4,-2,2
24.72783,-405,320,-30,-6,-2,2
24.72798,-405,320,-30,-7,2,4
24.72801,-399,321,-26,-5,5,4
24.72805,-399,321,-26,-2,2,2
24.78076,-408,322,-27,1,-2,2
24.78094,-404,321,-30,-4,0,1
24.78096,-404,321,-30,-6,3,0
24.78098,-399,321,-30,-4,3,-1
24.78103,-399,321,-30,-2,3,-2
24.78106,-400,322,-26,-1,1,-1
24.78114,-400,322,-26,-2,-3,-1
24.78118,-401,321,-25,-4,-5,0
24.78120,-401,321,-25,-3,-4,0
24.78125,-401,320,-24,2,-3,0
24.78131,-401,320,-24,6,-5,-1
24.78133,-402,319,-25,7,-6,-1
24.78137,-402,319,-25,3,-4,0
24.78142,-405,316,-29,-2,1,1
24.78150,-405,316,-29,-3,6,2
24.78151,-406,317,-31,-1,7,1
24.83234,-401,318,-29,9,-10,1
24.83239,-401,321,-23,8,-7,0
24.83245,-401,321,-23,4,-1,0
24.83246,-403,320,-24,0,1,-1
24.83254,-403,320,-24,0,-1,-1
24.83262,-406,319,-27,2,-3,-1
24.83267,-406,319,-27,3,-1,0
24.83269,-407,321,-28,0,3,1
24.83271,-407,321,-28,-7,5,1
24.83274,-408,321,-31,-11,4,1
24.83281,-408,321,-31,-12,2,0
24.83282,-406,319,-32,-10,0,-1
24.83285,-406,319,-32,-7,0,-1
24.83286,-401,320,-26,-4,2,0
24.83294,-401,320,-26,-3,6,0
24.83296,-401,320,-23,-3,8,-1
24.88802,-408,319,-26,2,0,2
24.88860,-407,321,-26,4,-3,2
24.88926,-407,321,-26,6,-3,0
24.88930,-408,321,-29,5,1,-1
24.88933,-408,321,-29,1,4,0
24.88942,-406,321,-31,-1,4,0
24.88946,-406,321,-31,-2,3,0
24.88952,-401,321,-30,-1,3,-1
24.88954,-401,321,-30,-1,4,0
24.88962,-401,320,-28,-2,3,0
24.88969,-401,320,-28,-2,1,0
24.88974,-399,318,-25,-1,-1,-1
24.88979,-399,318,-25,1,-3,-3
24.88982,-398,317,-22,4,-3,-3
24.89006,-398,317,-22,4,-5,0
24.89012,-403,317,-24,3,-6,3
24.94283,-401,319,-29,-2,-2,1
24.94289,-401,319,-29,2,-4,1
24.94296,-399,322,-26,5,-4,1
24.94298,-399,322,-26,4,-2,1
24.94309,-401,321,-24,1,-2,-1
24.94315,-401,321,-24,-1,-2,-2
24.94328,-404,320,-25,1,-2,-2
24.94330,-404,320,-25,3,0,-2
24.94332,-404,322,-28,2,2,-2
24.94334,-404,322,-28,-1,2,-2
24.94336,-406,321,-32,-3,1,-2
24.94346,-406,321,-32,-3,0,0
24.94348,-409,319,-32,-3,2,1
24.94350,-409,319,-32,-2,5,2
24.94355,-405,321,-29,-1,6,-1
24.94357,-405,321,-29,0,2,-3
24.99772,-405,319,-30,-3,2,0
24.99778,-405,319,-30,-3,2,-2
24.99785,-400,321,-31,-4,0,-3
24.99798,-400,321,-31,-4,0,-1
24.99801,-399,322,-29,-3,2,-1
24.99803,-399,322,-29,-2,4,-3
24.99805,-401,321,-26,1,2,-4
24.99807,-401,321,-26,3,-2,-2
24.99818,-401,320,-25,5,-4,0
24.99820,-401,320,-25,6,-2,-1
24.99822,-401,319,-25,5,-1,0
24.99824,-401,319,-25,3,-3,2
24.99826,-405,319,-27,2,-3,4
24.99835,-405,319,-27,-1,-3,3
24.99841,-407,319,-30,-2,-1,1
24.99847,-407,319,-30,-4,2,2
25.04891,-400,318,-27,-2,2,1
25.04896,-400,318,-27,5,1,-2
25.04906,-402,319,-25,8,-1,-5
25.04911,-402,319,-25,6,-4,-6
25.04915,-408,317,-28,1,-4,-4
25.04922,-408,317,-28,-3,-1,0
25.04924,-410,318,-31,-2,3,4
25.04929,-410,318,-31,2,5,4
25.04935,-405,322,-29,3,4,1
25.04936,-405,322,-29,1,1,-1
25.04940,-403,322,-31,-3,-2,-3
25.04944,-403,322,-31,-7,-1,-3
25.04947,-403,319,-31,-7,5,-2
25.04955,-403,319,-31,-5,9,-1
25.04959,-400,321,-25,-3,7,1
25.04961,-400,321,-25,1,2,0
25.10195,-406,317,-27,-3,1,2
25.10199,-406,317,-27,-1,-1,2
25.10206,-408,319,-26,3,-4,1
25.10209,-408,319,-26,3,-5,0
25.10216,-405,322,-26,1,-1,0
25.10218,-405,322,-26,-3,3,0
25.10221,-405,321,-31,-4,5,1
25.10222,-405,321,-31,-3,5,2
25.10224,-401,322,-32,-1,4,1
25.10227,-401,322,-32,-1,3,0
25.10232,-398,323,-28,-1,2,1
25.10233,-398,323,-28,-1,2,0
25.10235,-400,321,-26,0,2,-2
25.10237,-400,321,-26,2,0,-2
25.10238,-403,320,-24,5,-3,-1
25.10241,-403,320,-24,5,-3,0
25.15649,-403,321,-28,0,0,1
25.15658,-403,321,-28,0,-1,1
25.15660,-405,319,-29,-1,1,0
25.15664,-405,319,-29,-2,1,-2
25.15666,-402,321,-29,-2,-1,-2
25.15668,-402,321,-29,-4,-3,-1
25.15672,-400,320,-28,-3,-3,0
25.15674,-400,320,-28,-1,-3,2
25.15678,-404,317,-26,1,-4,1
25.15683,-404,317,-26,2,-5,-2
25.15687,-404,321,-23,3,-5,-5
25.15690,-404,321,-23,1,-4,-6
25.15693,-404,323,-25,-1,-2,-3
25.15694,-404,323,-25,-2,0,1
25.15695,-408,319,-30,-4,2,3
25.15696,-408,319,-30,-6,1,3
25.20745,-402,318,-28,-1,6,0
25.20757,-403,319,-23,0,6,-2
25.20764,-403,319,-23,3,2,-2
25.20774,-405,321,-22,7,-5,0
25.20778,-405,321,-22,9,-10,3
25.20780,-407,320,-25,5,-7,4
25.20782,-407,320,-25,0,0,4
25.20783,-403,320,-29,-4,5,4
25.20794,-403,320,-29,-6,5,2
25.20797,-396,321,-31,-4,3,-2
25.20804,-396,321,-31,-3,2,-1
25.20816,-399,321,-29,-3,2,3
25.20821,-399,321,-29,-4,2,5
25.20822,-400,323,-24,-3,1,4
25.20824,-400,323,-24,-1,-2,2
25.20825,-400,323,-24,2,-5,-1
25.26126,-406,317,-25,4,-5,-2
25.26138,-411,318,-24,4,-1,1
25.26141,-411,318,-24,3,3,4
25.26144,-404,322,-25,1,4,5
25.26157,-404,322,-25,0,2,5
25.26161,-397,322,-29,-1,0,4
25.26162,-397,322,-29,-2,-1,2
25.26164,-396,320,-30,-4,0,0
25.26170,-396,320,-30,-5,2,0
25.26172,-397,321,-27,-6,3,2
25.26174,-397,321,-27,-5,2,3
25.26177,-397,321,-25,-1,-2,3
25.26181,-397,321,-25,4,-4,2
25.26182,-404,319,-24,7,-6,0
25.26189,-404,319,-24,6,-7,0
25.26190,-412,323,-27,2,-5,0
25.31344,-448,251,59,-213,148,-57
25.31351,-448,251,59,-166,101,-47
25.31360,-482,258,144,-117,79,-27
25.31365,-482,258,144,-77,73,-7
25.31380,-492,254,169,-54,65,9
25.31383,-492,254,169,-46,48,9
25.31385,-439,259,120,-37,29,-9
25.31386,-439,259,120,-24,18,-33
25.31388,-408,270,34,-18,22,-41
25.31392,-408,270,34,-27,46,-22
25.31402,-463,278,-66,-53,82,4
25.31405,-463,278,-66,-93,107,15
25.31407,-460,308,-143,-134,112,4
25.31413,-460,308,-143,-163,111,-13
25.31420,-369,344,-159,-178,116,-27
25.31427,-369,344,-159,-184,133,-33
25.36595,-416,333,61,118,-88,22
25.36600,-416,333,61,119,-80,23
25.36612,-398,326,13,107,-74,21
25.36615,-398,326,13,87,-69,8
25.36617,-393,305,-11,72,-63,-5
25.36618,-393,305,-11,66,-54,-4
25.36619,-413,295,-4,76,-48,9
25.36621,-413,295,-4,99,-53,18
25.36630,-417,309,-7,120,-73,8
25.36632,-417,309,-7,110,-85,-12
25.36634,-409,308,-66,60,-61,-18
25.36639,-409,308,-66,-12,5,-8
25.36651,-423,281,-144,-78,79,1
25.36653,-423,281,-144,-118,120,-2
25.36654,-424,286,-151,-127,117,-8
25.36655,-424,286,-151,-102,88,-6
25.42281,-410,304,-50,-138,88,-16
25.42307,-385,327,17,-148,106,-32
25.42333,-385,327,17,-141,114,-35
25.42337,-419,322,99,-113,98,-23
25.42346,-419,322,99,-62,60,-8
25.42350,-437,303,137,2,3,-3
25.42358,-437,303,137,58,-57,-4
25.42359,-422,292,105,89,-92,0
25.42361,-422,292,105,93,-79,4
25.42362,-415,291,28,78,-36,0
25.42363,-415,291,28,53,-3,-8
25.42364,-422,307,-61,23,3,-10
25.42375,-422,307,-61,-9,5,-1
25.42377,-419,327,-128,-42,27,11
25.42382,-419,327,-128,-73,60,13
25.42384,-397,340,-129,-99,86,5
25.47730,-423,272,40,-12,-1,-9
25.47741,-423,272,40,-41,45,-20
25.47748,-425,284,-4,-62,76,-21
25.47757,-425,284,-4,-67,83,-14
25.47760,-411,323,4,-67,75,-15
25.47761,-411,323,4,-75,64,-20
25.47777,-411,318,7,-95,63,-23
25.47780,-411,318,7,-113,71,-20
25.47781,-422,285,6,-106,69,-18
25.47784,-422,285,6,-69,44,-22
25.47793,-424,284,29,-12,13,-23
25.47797,-424,284,29,39,-2,-14
25.47801,-429,298,32,66,-7,-1
25.47818,-429,298,32,69,-23,3
25.47821,-449,297,-29,60,-53,0
25.47823,-449,297,-29,48,-75,6
25.52840,-356,354,-96,-191,143,-34
25.52850,-382,351,16,-144,125,-32
25.52858,-382,351,16,-71,77,-15
25.52867,-429,324,132,19,-7,7
25.52870,-429,324,132,113,-98,18
25.52874,-427,313,191,194,-163,18
25.52882,-427,313,191,247,-193,15
25.52886,-398,312,133,268,-193,17
25.52887,-398,312,133,259,-179,19
25.52888,-402,309,-26,228,-161,16
25.52890,-402,309,-26,173,-133,14
25.52894,-430,313,-200,98,-84,25
25.52898,-430,313,-200,15,-14,37
25.52899,-425,324,-283,-59,50,31
25.52901,-425,324,-283,-110,92,14
25.52904,-382,326,-228,-133,107,-1
25.57982,-400,302,21,39,-41,-21
25.57987,-407,327,10,59,-75,-13
25.57992,-407,327,10,40,-52,2
25.57993,-429,320,-47,-3,10,10
25.58003,-429,320,-47,-49,67,4
25.58004,-419,310,-98,-84,95,-8
25.58005,-419,310,-98,-100,93,-10
25.58006,-386,332,-73,-103,77,-6
25.58013,-386,332,-73,-101,62,-6
25.58017,-383,341,6,-99,58,-10
25.58018,-383,341,6,-97,62,-8
25.58023,-423,308,61,-92,67,0
25.58027,-423,308,61,-73,60,-1
25.58031,-429,285,78,-34,34,-18
25.58034,-429,285,78,13,-9,-36
25.58039,-404,293,71,45,-44,-38
25.63488,-414,320,-8,71,-49,22
25.63522,-414,320,-8,94,-84,23
25.63524,-380,329,-44,104,-106,19
25.63528,-380,329,-44,99,-91,5
25.63534,-361,338,-125,76,-46,-13
25.63535,-361,338,-125,31,6,-18
25.63536,-394,334,-169,-29,48,-10
25.63537,-394,334,-169,-83,76,-6
25.63540,-407,332,-119,-112,83,-10
25.63548,-407,332,-119,-109,67,-13
25.63555,-390,332,-11,-85,33,-6
25.63556,-390,332,-11,-51,1,-2
25.63557,-387,307,85,-8,-14,-9
25.63558,-387,307,85,39,-23,-21
25.63558,-426,279,119,82,-43,-20
25.63563,-426,279,119,113,-69,-4
25.68899,-431,316,62,-238,206,-37
25.68922,-431,316,62,-186,119,-31
25.68925,-453,318,205,-143,55,-27
25.68952,-453,318,205,-120,38,-14
25.68985,-454,293,177,-110,53,4
25.69005,-454,293,177,-93,69,13
25.69006,-414,301,74,-55,56,8
25.69007,-414,301,74,-2,9,0
25.69015,-384,341,6,50,-49,-4
25.69018,-384,341,6,83,-80,-3
25.69025,-401,349,-13,84,-65,-2
25.69027,-401,349,-13,50,-18,0
25.69030,-425,328,1,-1,34,9
25.69031,-425,328,1,-40,68,23
25.69034,-391,324,40,-42,69,29
25.69035,-391,324,40,-4,25,21
25.74536,-403,349,-238,-205,118,3
25.74547,-403,349,-238,-219,136,-10
25.74549,-388,334,-88,-198,141,-14
25.74564,-388,334,-88,-145,117,-5
25.74570,-395,325,106,-67,60,3
25.74573,-395,325,106,16,-16,2
25.74581,-401,320,206,77,-83,-3
25.74589,-401,320,206,95,-105,-1
25.74592,-403,302,134,78,-73,-2
25.74595,-403,302,134,44,-16,-18
25.74605,-375,298,-28,9,26,-51
25.74608,-375,298,-28,-26,43,-80
25.74613,-372,301,-144,-67,63,-85
25.74620,-372,301,-144,-114,107,-70
25.74622,-445,268,-174,-153,151,-56
25.74623,-445,268,-174,-168,157,-48
25.79650,-428,303,-111,-186,147,-19
25.79661,-428,303,-111,-184,171,-33
25.79664,-428,303,-111,-167,170,-33
25.79672,-403,325,36,-153,145,-13
25.79681,-403,325,36,-137,108,5
25.79683,-403,331,117,-113,67,2
25.79684,-403,331,117,-82,25,-12
25.79685,-415,328,82,-47,-8,-17
25.79689,-415,328,82,-20,-12,-10
25.79696,-394,338,11,-8,15,-2
25.79698,-394,338,11,-7,55,-3
25.79702,-380,345,1,-13,76,-1
25.79704,-380,345,1,-16,58,12
25.79705,-406,344,55,0,8,26
25.79706,-406,344,55,41,-58,28
25.79707,-414,336,106,105,-129,20
25.84881,-421,269,45,-31,49,-25
25.84889,-404,314,-74,-14,26,-38
25.84891,-404,314,-74,-18,10,-39
25.84897,-410,340,-203,-55,25,-32
25.84898,-410,340,-203,-121,81,-29
25.84901,-418,319,-247,-202,155,-36
25.84902,-418,319,-247,-279,222,-43
25.84903,-413,294,-120,-333,265,-41
25.84904,-413,294,-120,-341,273,-36
25.84905,-419,305,142,-289,232,-31
25.84906,-419,305,142,-189,138,-22
25.84906,-449,322,344,-75,22,-1
25.84908,-449,322,344,26,-69,23
25.84910,-449,306,329,107,-108,32
25.84911,-449,306,329,170,-116,29
25.84913,-433,287,140,217,-134,28
25.90057,-324,358,-344,153,-138,-14
25.90062,-324,358,-344,101,-76,-31
25.90076,-346,340,-420,20,24,-35
25.90080,-346,340,-420,-70,129,-34
25.90082,-360,324,-377,-157,198,-40
25.90084,-360,324,-377,-268,223,-77
25.90091,-350,330,-227,-322,224,-107
25.90094,-350,330,-227,-361,231,-114
25.90096,-414,306,-49,-381,240,-87
25.90104,-414,306,-49,-378,243,-42
25.90106,-496,281,88,-344,223,-15
25.90108,-496,281,88,-273,167,-22
25.90113,-457,310,173,-188,92,-40
25.90119,-457,310,173,-123,42,-42
25.90126,-409,324,191,-100,55,-23
25.90135,-409,324,191,-103,118,0
25.95474,-336,352,-98,198,-155,39
25.95627,-336,352,-98,158,-124,21
25.95685,-318,367,-159,106,-74,-13
25.95710,-318,367,-159,42,-29,-39
25.95802,-338,364,-210,-25,12,-41
25.95804,-338,364,-210,-85,57,-29
25.95807,-375,346,-230,-134,104,-21
25.95815,-375,346,-230,-171,136,-24
25.95822,-394,326,-186,-198,146,-28
25.95828,-394,326,-186,-208,148,-29
25.95829,-407,317,-77,-192,144,-30
25.95840,-407,317,-77,-149,120,-27
25.95847,-435,316,40,-94,67,-10
25.95849,-435,316,40,-46,6,9
25.95855,-444,307,102,-7,-28,15
25.95857,-444,307,102,26,-30,8
26.00875,-400,337,-47,8,-6,-7
26.00879,-362,338,-102,-52,54,-14
26.00885,-362,338,-102,-60,52,-6
26.00887,-378,359,-78,-54,30,-15
26.00897,-378,359,-78,-39,8,-33
26.00898,-398,352,-76,-36,0,-40
26.00903,-398,352,-76,-60,17,-28
26.00905,-417,309,-85,-98,60,-6
26.00906,-417,309,-85,-119,106,5
26.00908,-412,293,-39,-102,110,0
26.00909,-412,293,-39,-57,51,-11
26.00912,-426,304,28,-13,-25,-9
26.00915,-426,304,28,9,-58,5
26.00921,-449,298,30,7,-29,19
26.00927,-449,298,30,-4,22,27
26.00928,-437,289,-10,-7,45,32
26.06070,-378,362,29,269,-231,7
26.06087,-378,362,29,223,-163,9
26.06090,-378,362,29,150,-80,34
26.06101,-412,349,-176,81,-22,56
26.06103,-412,349,-176,33,-3,49
26.06105,-377,334,-273,9,-9,16
26.06106,-377,334,-273,-3,-22,-12
26.06107,-318,348,-201,-16,-21,-18
26.06120,-318,348,-201,-29,2,-14
26.06125,-344,350,-77,-37,32,-22
26.06163,-344,350,-77,-40,45,-37
26.06167,-397,337,-33,-53,41,-43
26.06172,-397,337,-33,-84,45,-34
26.06181,-410,323,-90,-127,79,-25
26.06183,-410,323,-90,-163,127,-29
26.06189,-400,319,-127,-179,148,-38
26.11502,-350,365,-112,132,-121,-1
26.11518,-350,365,-112,25,-10,15
26.11532,-373,337,-79,-61,85,30
26.11538,-373,337,-79,-94,122,20
26.11544,-387,319,-14,-68,87,-1
26.11548,-387,319,-14,-12,3,-12
26.11554,-378,334,7,35,-71,-9
26.11558,-378,334,7,50,-84,-10
26.11564,-372,339,-93,31,-38,-21
26.11569,-372,339,-93,-9,26,-31
26.11571,-376,325,-246,-64,70,-36
26.11574,-376,325,-246,-125,102,-43
26.11579,-374,317,-313,-182,144,-55
26.11583,-374,317,-313,-224,190,-61
26.11588,-392,325,-228,-249,210,-51
26.11590,-392,325,-228,-264,197,-36
26.16841,-378,314,4,172,-107,36
26.16843,-374,335,35,211,-158,37
26.16844,-374,335,35,220,-183,30
26.16850,-362,348,-40,190,-162,6
26.16850,-362,348,-40,126,-106,-19
26.16851,-366,334,-188,38,-36,-26
26.16851,-366,334,-188,-59,39,-17
26.16855,-365,331,-278,-142,116,-19
26.16856,-365,331,-278,-194,178,-39
26.16857,-366,354,-233,-223,211,-60
26.16857,-366,354,-233,-247,218,-64
26.16859,-384,342,-110,-277,223,-58
26.16861,-384,342,-110,-303,236,-56
26.16862,-420,304,20,-302,235,-52
26.16867,-420,304,20,-259,185,-30
26.16870,-439,301,127,-174,88,-6
26.22374,-355,357,-364,-155,73,-30
26.22377,-355,357,-364,-288,246,-19
26.22377,-382,300,-312,-354,347,-12
26.22378,-382,300,-312,-334,325,-29
26.22383,-404,293,-68,-244,212,-53
26.22384,-404,293,-68,-132,82,-49
26.22385,-426,327,165,-45,-12,-20
26.22385,-426,327,165,-4,-51,5
26.22386,-444,312,169,4,-44,10
26.22392,-444,312,169,2,-24,9
26.22392,-445,273,7,9,-20,15
26.22399,-445,273,7,39,-40,22
26.22399,-425,278,-97,93,-72,15
26.22399,-425,278,-97,152,-102,0
26.22400,-410,308,-57,189,-119,-2
26.22406,-410,308,-57,185,-106,13
26.27576,-390,343,-99,62,-50,11
26.27578,-390,343,-99,21,2,12
26.27585,-421,323,-40,-25,56,-5
26.27586,-421,323,-40,-58,71,-20
26.27586,-366,341,7,-79,52,-28
26.27586,-366,341,7,-100,39,-39
26.27587,-343,343,-6,-125,59,-50
26.27594,-343,343,-6,-143,100,-45
26.27594,-436,320,-21,-138,121,-21
26.27595,-436,320,-21,-108,95,-3
26.27601,-428,328,73,-65,35,-3
26.27602,-428,328,73,-18,-17,-1
26.27603,-428,314,189,23,-37,20
26.27603,-428,314,189,59,-38,43
26.27604,-424,294,223,95,-52,41
26.27609,-424,294,223,138,-87,18
26.32743,-377,346,-178,-170,141,-15
26.32745,-377,346,-178,-167,110,-46
26.32746,-344,362,-126,-182,100,-66
26.32754,-344,362,-126,-222,144,-68
26.32755,-398,310,-79,-273,226,-60
26.32756,-398,310,-79,-297,289,-46
26.32761,-438,304,-1,-267,274,-24
26.32769,-438,304,-1,-194,174,-9
26.32769,-382,360,82,-116,46,-17
26.32770,-384,359,104,-23,-28,-26
26.32771,-384,359,104,-3,-7,3
26.32775,-447,306,75,19,-8,27
26.32775,-447,306,75,57,-37,27
26.32779,-433,303,48,104,-77,15
26.32780,-433,303,48,144,-116,14
26.32780,-386,333,28,167,-140,32
26.38224,-436,311,-8,-140,116,-1
26.38226,-428,305,84,-90,55,4
26.38226,-428,305,84,-46,3,4
26.38232,-446,284,125,-16,-6,3
26.38237,-446,284,125,6,11,12
26.38237,-444,301,126,38,8,33
26.38239,-444,301,126,86,-40,48
26.38239,-389,346,119,141,-114,38
26.38245,-389,346,119,189,-170,18
26.38246,-385,330,86,219,-180,16
26.38255,-385,330,86,233,-156,36
26.38256,-414,284,8,242,-132,51
26.38257,-414,284,8,254,-139,47
26.38257,-388,319,-112,267,-173,35
26.38258,-388,319,-112,265,-205,31
26.38261,-336,373,-278,227,-196,27
26.43544,-316,356,110,105,-50,-95
26.43546,-352,321,109,71,0,-93
26.43547,-352,321,109,39,6,-61
26.43555,-511,254,-2,27,-33,-9
26.43556,-511,254,-2,29,-71,34
26.43556,-529,269,-111,18,-62,42
26.43556,-529,269,-111,-24,8,14
26.43557,-403,321,-153,-88,103,-23
26.43557,-403,321,-153,-141,170,-37
26.43564,-390,319,-111,-156,173,-17
26.43566,-390,319,-111,-126,110,16
26.43571,-451,307,-2,-67,23,39
26.43576,-451,307,-2,1,-40,49
26.43578,-412,334,86,61,-61,49
26.43579,-412,334,86,101,-58,39
26.43580,-349,363,82,123,-62,22
26.48960,-423,308,12,26,-9,21
26.48962,-421,311,0,27,-7,21
26.48962,-421,311,0,23,-8,16
26.48967,-420,315,-12,20,-13,13
26.48968,-420,315,-12,19,-21,14
26.48969,-411,317,-20,22,-28,18
26.48975,-411,317,-20,27,-29,20
26.48980,-394,322,-26,30,-25,18
26.48981,-394,322,-26,31,-21,11
26.48982,-382,329,-30,31,-21,3
26.48989,-382,329,-30,29,-21,-1
26.48989,-385,327,-34,23,-19,-3
26.48995,-385,327,-34,16,-17,-3
26.48995,-399,317,-34,12,-18,0
26.48996,-399,317,-34,13,-18,2
26.48997,-410,309,-32,12,-15,0
26.54422,-390,325,-52,-7,7,-7
26.54426,-390,325,-52,-11,8,-4
26.54434,-399,318,-37,-11,5,-2
26.54437,-399,318,-37,-10,3,-1
26.54442,-403,317,-26,-11,5,-2
26.54443,-403,317,-26,-10,6,-3
26.54447,-399,320,-24,-6,4,-6
26.54448,-399,320,-24,-1,1,-6
26.54454,-404,320,-30,1,0,-4
26.54456,-404,320,-30,1,0,-2
26.54458,-410,319,-38,-3,2,-3
26.54459,-410,319,-38,-6,7,-7
26.54463,-407,321,-41,-8,10,-9
26.54465,-407,321,-41,-7,8,-5
26.54471,-406,322,-36,-6,2,1
26.54472,-406,322,-36,-7,-1,4
26.59762,-406,321,-19,0,1,4
26.59794,-406,321,-19,8,1,3
26.59801,-400,324,-17,13,-2,2
26.59821,-400,324,-17,13,-8,2
26.59839,-401,322,-17,12,-11,5
26.59847,-401,322,-17,13,-11,8
26.59859,-401,321,-18,17,-10,8
26.59862,-401,321,-18,20,-12,6
26.59881,-398,321,-18,22,-15,4
26.59884,-398,321,-18,24,-19,3
26.59886,-399,320,-23,23,-19,3
26.59888,-399,320,-23,20,-15,3
26.59908,-402,320,-30,15,-9,2
26.59918,-402,320,-30,11,-5,3
26.59926,-404,318,-34,7,-2,3
26.59937,-404,318,-34,1,1,1
26.65018,-398,319,-32,0,-1,-3
26.65028,-398,319,-32,2,-5,-2
26.65041,-401,317,-31,3,-6,-1
26.65045,-401,317,-31,1,-2,-1
26.65047,-404,316,-32,-2,4,-1
26.65051,-404,316,-32,-2,6,-1
26.65053,-406,315,-34,-3,5,0
26.65075,-406,315,-34,-7,2,-1
26.65079,-406,314,-35,-10,3,-1
26.65081,-406,314,-35,-12,6,0
26.65083,-405,315,-33,-11,9,0
26.65088,-405,315,-33,-10,10,-1
26.65097,-406,319,-28,-9,8,0
26.65103,-406,319,-28,-8,5,1
26.65106,-408,320,-26,-6,3,1
26.65115,-408,320,-26,-4,3,-1
26.70539,-402,322,-26,9,-4,-1
26.70647,-402,322,-26,7,-3,-2
26.70654,-403,322,-28,5,-1,-3
26.70685,-403,322,-28,1,2,-4
26.70690,-407,320,-30,-3,5,-2
26.70692,-407,320,-30,-5,5,0
26.70697,-408,319,-30,-5,2,1
26.70700,-408,319,-30,-5,3,1
26.70705,-408,319,-30,-5,6,1
26.70709,-404,320,-27,-6,10,0
26.70711,-404,320,-27,-6,9,-1
26.70716,-402,320,-26,-3,6,-2
26.70718,-402,320,-26,1,3,-2
26.70727,-401,319,-26,4,-1,-1
26.70729,-401,319,-26,5,-3,0
26.70730,-401,319,-26,3,-1,2
26.76240,-399,319,-27,-8,3,0
26.76246,-399,319,-27,-4,4,0
26.76248,-396,321,-23,0,2,0
26.76249,-396,321,-23,0,-2,0
26.76251,-400,320,-23,-2,-5,0
26.76252,-400,320,-23,-1,-7,-1
26.76262,-402,320,-22,1,-8,-2
26.76264,-402,320,-22,4,-6,-2
26.76266,-405,321,-23,7,-4,-1
26.76274,-405,321,-23,8,-4,0
26.76277,-406,320,-26,6,-5,1
26.76283,-406,320,-26,2,-3,0
26.76284,-406,320,-27,-1,1,-1
26.76285,-406,320,-27,-3,4,-1
26.76287,-405,319,-26,-3,4,1
26.76288,-405,319,-26,-3,2,2
26.81357,-409,319,-33,0,2,-3
26.81362,-409,319,-33,0,-1,0
26.81380,-409,317,-35,-2,2,2
26.81388,-409,317,-35,-6,6,2
26.81394,-402,317,-33,-9,8,1
26.81396,-402,317,-33,-7,6,1
26.81408,-401,319,-27,-2,2,1
26.81411,-401,319,-27,4,-2,1
26.81414,-406,317,-26,7,-6,0
26.81418,-406,317,-26,7,-4,0
26.81419,-403,317,-28,4,0,-1
26.81430,-403,317,-28,2,1,-1
26.81436,-401,317,-28,5,-2,-2
26.81443,-401,317,-28,6,-5,-4
26.81448,-408,315,-32,4,-5,-4
26.81450,-408,315,-32,1,-2,-1
26.86534,-403,324,-27,-9,6,3
26.86540,-400,322,-24,-7,2,5
26.86549,-400,322,-24,-4,1,4
26.86554,-394,323,-20,-1,3,2
26.86559,-394,323,-20,1,4,1
26.86565,-396,322,-16,3,-2,-1
26.86569,-396,322,-16,5,-8,-3
26.86570,-400,321,-20,7,-10,-3
26.86572,-400,321,-20,8,-10,0
26.86573,-402,321,-25,9,-9,2
26.86574,-402,321,-25,9,-5,1
26.86587,-404,322,-27,7,1,0
26.86591,-404,322,-27,4,4,0
26.86594,-405,320,-29,0,1,0
26.86595,-405,320,-29,-5,-3,0
26.86609,-403,320,-29,-9,-2,0
26.91702,-402,314,-20,10,-11,1
26.91705,-403,314,-24,9,-9,1
26.91705,-403,314,-24,6,-6,0
26.91706,-402,315,-31,3,-5,0
26.91706,-402,315,-31,4,-6,0
26.91706,-406,316,-32,5,-7,-1
26.91706,-406,316,-32,2,-4,-3
26.91707,-412,316,-33,-2,0,-3
26.91707,-412,316,-33,-5,3,-1
26.91707,-413,315,-35,-5,2,1
26.91708,-413,315,-35,-5,1,2
26.91708,-408,317,-34,-5,1,1
26.91708,-408,317,-34,-6,3,1
26.91708,-403,317,-32,-7,6,0
26.91709,-403,317,-32,-7,8,-2
26.91709,-401,315,-30,-7,7,-2
26.96848,-404,322,-26,1,-3,2
26.96850,-406,323,-29,1,2,5
26.96850,-406,323,-29,-1,4,5
26.96851,-403,322,-32,-6,5,2
26.96857,-403,322,-32,-11,6,-1
26.96862,-402,321,-29,-12,6,0
26.96870,-402,321,-29,-10,5,1
26.96870,-404,320,-23,-7,4,3
26.96871,-404,320,-23,-4,4,5
26.96879,-399,322,-20,-2,4,3
26.96880,-399,322,-20,0,2,-3
26.96888,-396,324,-19,2,-1,-5
26.96889,-396,324,-19,4,-6,-1
26.96896,-402,322,-19,5,-6,4
26.96897,-402,322,-19,5,-3,5
26.96904,-401,320,-23,2,0,3
27.02411,-410,317,-35,-7,7,3
27.02414,-410,317,-35,-7,3,3
27.02414,-403,318,-33,-7,0,1
27.02421,-403,318,-33,-6,1,-1
27.02427,-400,320,-29,-4,3,-1
27.02436,-400,320,-29,-2,3,0
27.02442,-400,320,-25,1,0,-1
27.02443,-400,320,-25,4,-3,-1
27.02444,-401,319,-21,6,-3,1
27.02444,-401,319,-21,7,-4,4
27.02450,-403,319,-22,9,-7,4
27.02451,-403,319,-22,9,-8,1
27.02452,-403,319,-29,7,-5,-1
27.02459,-403,319,-29,7,1,-2
27.02460,-405,318,-34,5,5,-1
27.02461,-405,318,-34,1,5,-1
27.07969,-404,317,-19,9,-7,-3
27.07972,-408,317,-23,9,-2,-1
27.07972,-408,317,-23,7,0,0
27.07972,-405,320,-30,3,1,1
27.07979,-405,320,-30,-4,4,2
27.07980,-404,320,-33,-9,7,1
27.07981,-404,320,-33,-11,9,-1
27.07982,-407,318,-32,-11,7,-1
27.07990,-407,318,-32,-11,4,-1
27.07991,-406,318,-29,-9,1,-1
27.07996,-406,318,-29,-5,-2,0
27.07997,-403,318,-25,-3,-3,-1
27.07998,-403,318,-25,-2,0,-2
27.07998,-401,317,-23,0,4,-1
27.07999,-401,317,-23,2,3,-1
27.08004,-400,319,-22,5,-1,0
27.13460,-400,318,-24,-1,0,1
27.13463,-401,318,-22,0,-1,1
27.13467,-401,318,-22,1,-2,1
27.13468,-400,319,-24,2,-4,1
27.13473,-400,319,-24,4,-5,0
27.13474,-400,321,-25,4,-4,0
27.13475,-400,321,-25,4,-3,1
27.13475,-402,321,-28,5,-2,3
27.13476,-402,321,-28,6,-4,4
27.13479,-403,320,-30,4,-4,1
27.13479,-403,320,-30,1,-1,-1
27.13481,-404,320,-31,1,1,2
27.13482,-404,320,-31,0,4,5
27.13484,-400,321,-30,-2,5,2
27.13486,-400,321,-30,-4,6,-2
27.13486,-398,322,-28,-5,7,-5
27.18971,-409,318,-31,4,-1,-2
27.18975,-409,318,-31,-1,3,-3
27.18980,-408,317,-31,-4,3,-3
27.18985,-408,317,-31,-5,2,-2
27.18986,-407,318,-30,-6,2,0
27.18987,-407,318,-30,-6,4,3
27.18989,-403,319,-29,-5,5,5
27.18990,-403,319,-29,-2,4,3
27.18991,-399,318,-28,-2,2,1
27.18993,-399,318,-28,-2,1,-1
27.18994,-401,319,-25,0,-1,-1
27.18995,-401,319,-25,3,-1,2
27.18997,-404,320,-23,4,0,2
27.18998,-404,320,-23,3,-1,1
27.18999,-404,318,-26,2,-2,0
27.19001,-404,318,-26,4,-2,0
27.24498,-400,320,-21,8,-2,-1
27.24503,-400,320,-21,11,-4,1
27.24510,-400,321,-24,10,-7,2
27.24512,-400,321,-24,8,-6,1
27.24514,-402,321,-28,5,-4,-2
27.24515,-402,321,-28,3,-1,-3
27.24517,-405,320,-29,2,1,-2
27.24519,-405,320,-29,0,2,0
27.24527,-407,318,-31,-1,1,2
27.24532,-407,318,-31,-2,0,4
27.24538,-404,319,-31,-3,0,4
27.24543,-404,319,-31,-4,0,1
27.24544,-401,321,-29,-3,1,-2
27.24548,-401,321,-29,-4,1,-2
27.24549,-403,321,-28,-5,2,0
27.24550,-403,321,-28,-5,1,1
27.29649,-406,321,-34,-8,6,0
27.29658,-403,320,-31,-10,8,-2
27.29660,-403,320,-31,-12,10,-1
27.29664,-400,321,-26,-10,9,1
27.29670,-400,321,-26,-5,3,5
27.29679,-398,321,-22,-3,-4,7
27.29683,-398,321,-22,-3,-5,7
27.29688,-399,320,-21,-1,-4,5
27.29693,-399,320,-21,2,-4,3
27.29698,-404,318,-23,6,-4,1
27.29702,-404,318,-23,8,-6,3
27.29705,-408,317,-27,11,-8,4
27.29706,-408,317,-27,11,-10,4
27.29710,-403,316,-31,7,-6,1
27.29715,-403,316,-31,2,-1,0
27.29719,-404,317,-32,-1,3,0
27.35168,-397,321,-23,-2,1,-3
27.35171,-398,320,-18,3,-3,-2
27.35172,-398,320,-18,5,-4,0
27.35178,-399,318,-20,4,-4,1
27.35180,-399,318,-20,3,-4,1
27.35181,-398,319,-24,4,-4,-1
27.35190,-398,319,-24,6,-1,-2
27.35194,-403,319,-27,8,0,-2
27.35195,-403,319,-27,7,-2,-1
27.35200,-408,317,-31,3,-2,-1
27.35201,-408,317,-31,-2,1,-2
27.35201,-408,317,-32,-3,2,-2
27.35203,-408,317,-32,-3,0,-1
27.35204,-405,319,-31,-2,-1,1
27.35204,-405,319,-31,-4,4,-1
27.35205,-402,318,-30,-6,6,-5
27.40712,-409,320,-35,-5,2,-1
27.40714,-405,322,-38,-8,5,-1
27.40719,-405,322,-38,-8,4,2
27.40720,-406,321,-34,-7,3,3
27.40720,-406,321,-34,-9,9,2
27.40728,-405,318,-31,-7,9,1
27.40732,-405,318,-31,-2,5,1
27.40734,-400,320,-25,0,1,0
27.40738,-400,320,-25,0,-1,0
27.40740,-398,322,-21,2,-2,2
27.40741,-398,322,-21,4,-5,4
27.40742,-400,319,-22,5,-7,2
27.40749,-400,319,-22,5,-5,-1
27.40750,-400,318,-25,7,-1,-3
27.40752,-400,318,-25,8,0,-2
27.40753,-402,318,-27,7,-2,1
27.45826,-402,317,-22,2,-3,1
27.45830,-402,320,-21,2,-5,3
27.45837,-402,320,-21,3,-4,3
27.45842,-403,320,-25,6,-2,1
27.45844,-403,320,-25,7,0,0
27.45846,-404,319,-31,6,-1,1
27.45848,-404,319,-31,3,-2,2
27.45852,-406,318,-32,-1,-1,2
27.45854,-406,318,-32,-3,2,0
27.45866,-408,318,-31,-5,4,-1
27.45868,-408,318,-31,-6,1,-1
27.45869,-407,319,-31,-6,-1,-2
27.45870,-407,319,-31,-6,0,-2
27.45871,-404,320,-31,-7,3,-1
27.45872,-404,320,-31,-9,5,1
27.45882,-403,320,-29,-9,4,2
27.50949,-404,318,-27,8,-9,2
27.50954,-406,319,-31,5,-5,2
27.50962,-406,319,-31,2,-2,2
27.50964,-406,320,-35,-2,0,1
27.50972,-406,320,-35,-6,2,-1
27.50975,-407,319,-35,-8,5,-2
27.50982,-407,319,-35,-8,6,-2
27.50983,-405,317,-32,-8,6,-3
27.50987,-405,317,-32,-9,6,-3
27.50989,-403,318,-27,-8,7,0
27.50990,-403,318,-27,-5,5,3
27.50992,-401,319,-23,-4,0,2
27.51001,-401,319,-23,-3,-2,-1
27.51010,-398,319,-22,-2,1,-2
27.51012,-398,319,-22,1,3,-2
27.51016,-399,320,-22,6,0,0
27.56040,-408,318,-32,-3,-1,1
27.56048,-408,318,-32,-3,4,1
27.56049,-408,318,-33,-6,8,0
27.56051,-408,318,-33,-8,9,-1
27.56052,-400,319,-32,-8,7,-2
27.56063,-400,319,-32,-5,4,-1
27.56066,-399,319,-25,-3,1,1
27.56067,-399,319,-25,0,-2,0
27.56076,-402,320,-20,0,-2,1
27.56079,-402,320,-20,2,-3,1
27.56082,-401,320,-19,7,-6,0
27.56084,-401,320,-19,11,-9,-3
27.56085,-401,321,-23,10,-10,-3
27.56088,-401,321,-23,7,-6,-2
27.56089,-403,319,-28,5,-2,0
27.56091,-403,319,-28,3,-1,1
27.61166,-400,320,-26,-12,7,-1
27.61174,-400,320,-26,-9,4,-1
27.61177,-400,320,-26,-1,-3,1
27.61178,-400,319,-22,4,-8,2
27.61181,-400,319,-22,5,-8,0
27.61186,-398,317,-21,3,-4,-2
27.61193,-398,317,-21,2,-2,-2
27.61196,-400,316,-22,3,-5,-2
27.61198,-400,316,-22,4,-8,-2
27.61199,-406,316,-26,7,-8,-1
27.61205,-406,316,-26,7,-5,0
27.61213,-405,317,-32,4,-3,0
27.61215,-405,317,-32,-1,0,-2
27.61217,-404,318,-35,-5,4,-3
27.61219,-404,318,-35,-7,5,-1
27.61221,-408,318,-32,-6,4,1
27.66548,-402,320,-21,10,-4,2
27.66555,-400,319,-21,10,-5,3
27.66563,-400,319,-21,11,-5,3
27.66571,-400,320,-23,11,-5,1
27.66575,-400,320,-23,9,-4,-2
27.66580,-406,321,-27,6,-3,-2
27.66582,-406,321,-27,5,-1,-1
27.66584,-407,320,-32,3,0,0
27.66591,-407,320,-32,0,1,0
27.66596,-405,320,-35,-3,2,2
27.66602,-405,320,-35,-6,3,3
27.66606,-405,319,-34,-8,4,3
27.66609,-405,319,-34,-10,3,2
27.66613,-401,319,-32,-11,4,-1
27.66616,-401,319,-32,-11,4,-2
27.66620,-398,320,-25,-8,3,0
27.72014,-409,319,-33,1,-2,3
27.72021,-409,319,-33,0,1,2
27.72026,-408,320,-36,-2,6,0
27.72030,-408,320,-36,-6,8,-2
27.72037,-405,320,-34,-9,8,-5
27.72042,-405,320,-34,-10,6,-6
27.72044,-403,320,-30,-6,4,-1
27.72045,-403,320,-30,-1,1,3
27.72046,-401,321,-25,2,-1,2
27.72047,-401,321,-25,2,0,-1
27.72052,-398,321,-21,4,-1,-2
27.72058,-398,321,-21,6,-5,-4
27.72059,-400,319,-22,6,-11,-4
27.72060,-403,317,-25,5,-5,-1
27.72063,-403,317,-25,5,-1,1
27.72070,-406,319,-30,5,0,0
27.77488,-400,318,-22,2,-3,-1
27.77496,-400,318,-22,6,-4,0
27.77511,-399,317,-23,10,-6,0
27.77521,-399,317,-23,10,-7,-2
27.77524,-402,319,-26,9,-5,-2
27.77526,-402,319,-26,7,-3,-1
27.77528,-407,320,-29,6,-2,0
27.77531,-407,320,-29,7,-2,1
27.77545,-409,320,-33,5,0,1
27.77551,-409,320,-33,0,3,1
27.77553,-406,320,-35,-3,4,2
27.77555,-406,320,-35,-5,5,-1
27.77556,-403,321,-33,-7,8,-3
27.77566,-403,321,-33,-10,9,-3
27.77569,-402,321,-28,-9,4,0
27.77571,-402,321,-28,-7,2,0
27.82589,-408,317,-33,-4,-2,-1
27.82602,-408,318,-35,-7,2,2
27.82610,-408,318,-35,-10,6,1
27.82622,-402,320,-34,-11,8,0
27.82631,-402,320,-34,-9,6,-1
27.82642,-400,321,-28,-4,2,-2
27.82648,-400,321,-28,-3,-1,-1
27.82653,-400,321,-23,-4,0,0
27.82656,-400,321,-23,-5,2,1
27.82668,-398,320,-20,-2,2,1
27.82672,-398,320,-20,3,-4,0
27.82676,-402,319,-19,8,-10,1
27.82682,-402,319,-19,10,-12,3
27.82689,-406,318,-25,11,-9,3
27.82694,-406,318,-25,8,-4,1
27.82697,-405,318,-34,4,1,1
27.88101,-399,322,-27,-5,6,-2
27.88108,-399,322,-27,-6,4,-2
27.88120,-400,319,-26,-5,0,0
27.88125,-400,319,-26,-1,-2,1
27.88127,-399,320,-23,5,-1,2
27.88135,-399,320,-23,8,-3,1
27.88142,-400,318,-24,9,-7,-1
27.88145,-400,318,-24,9,-7,-3
27.88157,-403,317,-27,7,-4,-2
27.88160,-403,317,-27,6,-3,0
27.88163,-408,317,-31,7,-3,1
27.88165,-410,319,-35,2,1,1
27.88176,-410,319,-35,-2,2,2
27.88179,-407,321,-35,-7,1,2
27.88188,-407,321,-35,-12,3,-2
27.88199,-402,323,-31,-15,4,-1
27.93721,-405,317,-29,5,-5,1
27.93726,-406,320,-31,6,-9,3
27.93733,-406,320,-31,3,-4,1
27.93735,-406,320,-32,-1,4,-1
27.93742,-406,320,-32,-5,10,0
27.93746,-402,320,-30,-8,9,-1
27.93749,-402,320,-30,-7,7,-1
27.93755,-400,322,-26,-6,6,-1
27.93757,-400,322,-26,-5,4,1
27.93758,-399,320,-24,-4,2,2
27.93765,-399,320,-24,-4,2,1
27.93771,-399,320,-23,-4,3,1
27.93772,-399,320,-23,-3,-1,1
27.93777,-400,320,-22,2,-5,1
27.93782,-400,320,-22,8,-6,0
27.93783,-404,319,-24,10,-3,0
27.99127,-400,317,-22,3,-1,-2
27.99142,-400,317,-22,9,-6,-2
27.99147,-400,318,-20,13,-11,-1
27.99149,-400,318,-20,13,-11,0
27.99150,-403,317,-23,10,-6,0
27.99152,-403,317,-23,7,-2,-1
27.99153,-406,316,-29,6,-1,-1
27.99164,-406,316,-29,4,-3,-1
27.99167,-407,318,-31,2,-4,2
27.99171,-407,318,-31,0,-3,4
27.99174,-409,319,-32,-3,0,5
27.99179,-409,319,-32,-7,4,4
27.99181,-405,319,-33,-10,7,2
27.99183,-405,319,-33,-10,7,1
27.99184,-402,321,-29,-7,5,1
27.99194,-402,321,-29,-6,5,1
28.04496,-405,322,-32,-6,7,0
28.04500,-405,322,-32,-4,4,0
28.04508,-405,321,-31,-3,1,0
28.04512,-405,321,-31,-3,2,1
28.04514,-400,322,-28,-5,6,0
28.04515,-400,322,-28,-6,8,1
28.04525,-398,323,-24,-5,3,1
28.04535,-398,323,-24,-2,0,1
28.04544,-400,320,-23,-1,-1,1
28.04545,-400,320,-23,-1,-1,1
28.04547,-400,318,-23,0,-2,1
28.04555,-400,318,-23,3,-5,-1
28.04563,-403,319,-23,4,-6,-1
28.04564,-403,319,-23,5,-8,1
28.04566,-407,320,-28,8,-10,1
28.04566,-407,320,-28,9,-8,-1
28.10071,-395,320,-25,0,2,0
28.10074,-395,320,-25,5,0,0
28.10079,-404,320,-22,8,-3,0
28.10087,-404,320,-22,9,-3,0
28.10088,-406,319,-24,8,-5,1
28.10089,-406,319,-24,7,-7,0
28.10094,-404,319,-28,3,-7,-1
28.10095,-404,319,-28,2,-3,-2
28.10095,-408,319,-31,2,0,-1
28.10095,-408,319,-31,1,2,-1
28.10099,-408,317,-33,-2,4,-1
28.10099,-408,317,-33,-6,6,1
28.10101,-407,320,-34,-6,6,5
28.10105,-407,320,-34,-6,6,6
28.10106,-407,321,-32,-7,4,3
28.10107,-407,321,-32,-8,5,0
28.15416,-406,320,-32,-5,6,-2
28.15420,-403,320,-33,-5,6,-4
28.15420,-403,320,-33,-6,6,-4
28.15421,-405,319,-30,-7,8,-1
28.15429,-405,319,-30,-6,9,0
28.15430,-404,319,-26,-5,8,2
28.15434,-404,319,-26,-1,3,3
28.15446,-399,321,-22,2,-1,2
28.15447,-399,321,-22,5,-6,-1
28.15447,-401,321,-19,6,-8,-3
28.15455,-401,321,-19,7,-8,-2
28.15455,-406,318,-21,6,-6,1
28.15456,-406,318,-21,6,-5,3
28.15456,-406,320,-27,6,-5,4
28.15456,-406,320,-27,3,-4,2
28.15457,-405,321,-31,0,-3,1
28.20910,-401,319,-21,5,0,-5
28.20913,-401,319,-21,10,-2,-4
28.20923,-401,319,-21,12,-5,-1
28.20923,-405,317,-25,11,-7,3
28.20933,-405,317,-25,8,-7,3
28.20933,-402,318,-28,6,-4,0
28.20934,-402,318,-28,4,1,-1
28.20943,-405,320,-29,5,2,0
28.20943,-405,320,-29,5,1,1
28.20944,-410,319,-32,2,1,1
28.20944,-410,319,-32,-5,2,2
28.20944,-406,319,-34,-9,4,2
28.20944,-406,319,-34,-10,7,0
28.20945,-399,322,-31,-8,10,-3
28.20945,-399,322,-31,-5,10,-3
28.20953,-401,321,-24,-3,6,-1
28.26133,-408,322,-32,-10,2,0
28.26138,-405,320,-34,-11,5,-2
28.26146,-405,320,-34,-7,7,-3
28.26148,-402,319,-32,-4,7,-3
28.26155,-402,319,-32,-4,7,-2
28.26156,-400,319,-26,-5,9,-2
28.26158,-400,319,-26,-4,6,-2
28.26164,-400,321,-21,-2,0,-2
28.26171,-400,321,-21,2,-4,0
28.26173,-399,321,-21,6,-4,0
28.26176,-399,321,-21,9,-4,-3
28.26177,-401,320,-25,9,-4,-6
28.26178,-401,320,-25,7,-5,-4
28.26181,-406,319,-30,6,-5,1
28.26187,-406,319,-30,8,-3,3
28.26189,-408,319,-33,8,0,0
28.31695,-396,319,-25,-4,6,0
28.31698,-396,319,-25,1,0,2
28.31698,-400,317,-21,5,-6,3
28.31704,-400,317,-21,8,-6,2
28.31705,-402,317,-20,10,-5,2
28.31705,-402,317,-20,11,-5,4
28.31706,-404,319,-24,8,-6,5
28.31706,-404,319,-24,4,-4,4
28.31715,-407,321,-30,1,0,3
28.31716,-407,321,-30,0,3,2
28.31716,-409,320,-35,-2,5,0
28.31722,-409,320,-35,-6,7,0
28.31723,-409,319,-36,-8,8,-1
28.31724,-409,319,-36,-8,6,-1
28.31724,-406,318,-34,-8,6,-2
28.31735,-406,318,-34,-11,8,-2
28.37242,-406,317,-32,-1,2,-1
28.37246,-406,317,-32,-5,4,-2
28.37250,-403,319,-35,-9,9,-3
28.37251,-403,319,-35,-10,12,-4
28.37252,-401,319,-32,-10,9,-5
28.37258,-401,319,-32,-9,6,-6
28.37259,-401,319,-26,-6,3,-3
28.37265,-401,319,-26,-2,1,0
28.37266,-401,320,-21,0,-2,2
28.37266,-401,320,-21,1,-2,1
28.37271,-399,320,-20,2,-3,0
28.37276,-399,320,-20,4,-6,0
28.37276,-398,318,-23,5,-10,-1
28.37282,-398,318,-23,6,-10,-2
28.37283,-403,318,-27,5,-4,-1
28.37284,-403,318,-27,4,0,-1
28.42442,-404,320,-24,9,-3,0
28.42446,-404,320,-24,10,-3,-2
28.42451,-405,320,-29,10,-5,-6
28.42453,-405,320,-29,8,-5,-7
28.42460,-408,319,-34,4,-2,-3
28.42462,-408,319,-34,0,2,1
28.42463,-409,319,-35,-4,3,1
28.42466,-409,319,-35,-8,5,-1
28.42469,-406,320,-33,-10,6,-2
28.42470,-406,320,-33,-10,5,2
28.42476,-404,321,-30,-10,4,4
28.42478,-404,321,-30,-13,6,2
28.42479,-403,321,-27,-13,10,0
28.42481,-403,321,-27,-10,8,-1
28.42482,-400,322,-22,-6,2,-2
28.42489,-400,322,-22,-1,-3,-4
28.47863,-411,318,-30,0,3,1
28.47869,-408,318,-35,-5,5,2
28.47877,-408,318,-35,-8,6,0
28.47882,-401,321,-35,-8,7,-2
28.47885,-401,321,-35,-9,5,-1
28.47888,-403,320,-29,-7,4,1
28.47899,-403,320,-29,-8,5,2
28.47902,-403,319,-24,-10,8,1
28.47904,-403,319,-24,-8,6,-2
28.47905,-397,320,-20,-2,-2,-4
28.47907,-397,320,-20,4,-6,-7
28.47909,-399,321,-19,7,-4,-5
28.47918,-399,321,-19,6,0,0
28.47921,-405,316,-24,4,2,4
28.47924,-405,316,-24,3,0,0
28.47927,-406,316,-28,3,-4,-3
28.53284,-321,480,-17,228,-172,112
28.53289,-341,435,-120,204,-114,118
28.53301,-341,435,-120,223,-120,91
28.53305,-229,488,-79,279,-202,51
28.53312,-229,488,-79,339,-299,31
28.53315,-207,554,11,365,-338,46
28.53321,-207,554,11,349,-298,76
28.53323,-313,497,-35,314,-226,103
28.53327,-313,497,-35,296,-190,115
28.53331,-308,453,-104,312,-213,106
28.53339,-308,453,-104,348,-257,87
28.53340,-212,529,-72,365,-279,77
28.53342,-212,529,-72,339,-275,70
28.53343,-211,558,-65,285,-261,57
28.53345,-211,558,-65,249,-244,48
28.53356,-270,479,-130,252,-235,55
28.58838,-652,156,-47,-11,-24,-17
28.58843,-612,160,-12,20,-44,-27
28.58849,-612,160,-12,26,-27,-32
28.58850,-612,160,-12,7,0,-23
28.58851,-414,234,49,-19,26,1
28.58856,-414,234,49,-42,46,25
28.58857,-449,228,39,-44,61,41
28.58858,-449,228,39,-12,48,47
28.58858,-573,194,32,50,-16,36
28.58859,-573,194,32,121,-104,8
28.58866,-493,230,67,160,-162,-17
28.58867,-493,230,67,147,-138,-6
28.58868,-379,282,58,107,-49,44
28.58869,-379,282,58,83,5,87
28.58869,-401,304,9,114,-38,83
28.58874,-401,304,9,183,-157,35
28.64078,-426,307,46,77,-28,-3
28.64081,-405,339,-13,69,-5,7
28.64081,-405,339,-13,42,-4,6
28.64081,-370,342,-72,7,-23,-4
28.64088,-370,342,-72,-35,-22,-10
28.64090,-408,289,-95,-81,19,-13
28.64094,-408,289,-95,-109,85,-13
28.64094,-437,280,-76,-101,123,-13
28.64104,-437,280,-76,-61,86,-22
28.64104,-417,318,1,-14,9,-25
28.64105,-417,318,1,6,-32,-10
28.64105,-428,302,20,-16,-13,7
28.64108,-428,302,20,-57,41,15
28.64108,-459,265,-44,-82,82,15
28.64109,-459,265,-44,-76,79,7
28.64109,-421,304,-55,-50,47,-8
28.69607,-429,318,11,-78,152,12
28.69609,-471,326,39,4,-2,10
28.69610,-471,326,39,69,-129,-16
28.69610,-396,344,-8,75,-139,-27
28.69618,-396,344,-8,25,-52,-15
28.69619,-375,323,-110,-38,49,12
28.69619,-375,323,-110,-78,91,26
28.69621,-401,297,-113,-91,65,1
28.69634,-401,297,-113,-95,36,-40
28.69635,-428,280,-44,-112,59,-58
28.69635,-428,280,-44,-134,117,-43
28.69636,-443,286,18,-132,147,-7
28.69646,-443,286,18,-93,107,21
28.69647,-430,318,46,-30,20,21
28.69647,-430,318,46,18,-54,-5
28.69647,-419,322,4,23,-57,-26
28.74996,-489,284,-113,-73,59,25
28.74999,-442,313,24,3,-28,37
28.74999,-442,313,24,78,-88,35
28.75007,-347,350,124,128,-108,20
28.75007,-347,350,124,152,-105,2
28.75012,-389,311,53,150,-101,-13
28.75012,-389,311,53,136,-95,-8
28.75013,-438,291,-81,119,-80,24
28.75013,-438,291,-81,104,-72,53
28.75023,-388,352,-119,91,-76,53
28.75023,-388,352,-119,73,-74,26
28.75024,-370,374,-86,45,-52,-6
28.75024,-370,374,-86,14,-14,-22
28.75024,-421,310,-64,-7,15,-10
28.75025,-421,310,-64,-7,14,20
28.75025,-391,292,-37,20,-20,46
28.80529,-521,252,-36,-64,-9,41
28.80531,-521,252,-36,2,-25,29
28.80531,-376,334,-45,81,-44,9
28.80532,-376,334,-45,119,-32,0
28.80539,-269,408,-40,92,8,7
28.80540,-269,408,-40,23,44,20
28.80541,-390,334,-63,-36,50,41
28.80550,-390,334,-63,-45,9,50
28.80556,-472,291,-35,1,-70,29
28.80557,-472,291,-35,72,-128,-7
28.80557,-329,381,26,116,-124,-34
28.80558,-329,381,26,97,-67,-41
28.80568,-268,410,-24,31,14,-23
28.80569,-268,410,-24,-46,74,4
28.80571,-425,314,-128,-87,84,22
28.80577,-425,314,-128,-64,46,18
28.85738,-462,237,-22,-62,78,25
28.85759,-462,237,-22,-40,45,1
28.85784,-347,359,14,-27,5,-28
28.85791,-347,359,14,-33,2,-32
28.85805,-393,335,-39,-46,38,-14
28.85824,-393,335,-39,-57,64,4
28.85826,-515,242,-68,-53,51,15
28.85834,-515,242,-68,-39,17,18
28.85836,-431,296,-6,-25,0,11
28.85843,-431,296,-6,-23,8,-3
28.85845,-289,388,26,-27,26,-10
28.85846,-289,388,26,-20,33,-8
28.85848,-372,354,-24,0,13,-7
28.85849,-372,354,-24,25,-25,-8
28.85852,-506,297,-64,40,-54,-5
28.85856,-506,297,-64,30,-48,7
28.91346,-326,349,30,-23,-3,-37
28.91352,-387,302,21,-20,16,-30
28.91364,-387,302,21,-33,27,-23
28.91367,-478,261,-38,-54,33,-12
28.91369,-478,261,-38,-75,55,1
28.91386,-457,306,-27,-83,72,2
28.91388,-457,306,-27,-67,61,-9
28.91389,-383,337,28,-30,27,-21
28.91390,-383,337,28,4,-14,-31
28.91394,-419,278,10,24,-29,-18
28.91396,-419,278,10,23,-10,12
28.91400,-466,256,-41,6,14,28
28.91403,-466,256,-41,-5,19,19
28.91404,-380,342,-41,-4,4,-4
28.91405,-380,342,-41,-1,-13,-27
28.91405,-340,378,-50,-9,-8,-32
28.96537,-335,372,8,46,-39,-14
28.96544,-335,372,8,65,-94,-31
28.96561,-376,311,-65,46,-101,-41
28.96581,-376,311,-65,-13,-29,-29
28.96584,-511,245,-138,-83,79,-5
28.96588,-511,245,-138,-120,143,11
28.96592,-459,313,-40,-99,117,12
28.96599,-459,313,-40,-38,26,7
28.96604,-370,353,81,20,-62,8
28.96607,-370,353,81,46,-81,26
28.96609,-446,266,46,45,-36,49
28.96620,-446,266,46,41,9,59
28.96623,-452,268,-20,51,8,51
28.96626,-452,268,-20,81,-67,-2
28.96628,-294,395,-32,74,-66,-19
28.96630,-294,395,-32,48,-46,-22
29.01826,-417,351,93,28,14,41
29.01833,-417,351,93,55,-41,29
29.01849,-450,274,40,77,-101,8
29.01854,-450,274,40,78,-103,-10
29.01857,-419,266,-49,49,-48,-23
29.01865,-419,266,-49,1,21,-31
29.01868,-351,330,-80,-38,63,-27
29.01871,-351,330,-80,-57,63,-11
29.01873,-395,340,-77,-56,35,5
29.01895,-395,340,-77,-47,2,6
29.01897,-494,285,-68,-41,-4,1
29.01900,-494,285,-68,-42,31,5
29.01913,-461,281,-26,-47,67,12
29.01919,-461,281,-26,-38,63,13
29.01924,-355,337,42,-6,14,8
29.01927,-355,337,42,38,-49,8
29.07403,-392,314,-115,73,-35,37
29.07415,-392,314,-115,56,-8,7
29.07420,-441,308,-156,44,-25,-38
29.07428,-441,308,-156,24,-23,-56
29.07436,-454,302,-103,-17,20,-39
29.07449,-454,302,-103,-72,73,-8
29.07453,-437,287,-57,-121,104,19
29.07456,-437,287,-57,-153,108,28
29.07461,-424,275,-46,-165,108,21
29.07464,-424,275,-46,-160,108,3
29.07470,-409,288,3,-133,100,-14
29.07472,-409,288,3,-76,78,-18
29.07494,-395,311,109,4,27,-16
29.07505,-395,311,109,88,-46,-9
29.07509,-425,305,134,142,-100,6
29.07514,-425,305,134,143,-106,26
29.12876,-539,178,-15,-156,88,-37
29.12882,-388,264,109,-41,62,-60
29.12890,-388,264,109,45,17,-55
29.12904,-388,264,109,57,-22,-36
29.12908,-435,240,58,-8,-27,-20
29.12910,-435,240,58,-109,6,-19
29.12924,-624,115,-84,-174,67,-27
29.12929,-624,115,-84,-154,135,-34
29.12931,-564,124,-23,-55,161,-41
29.12944,-564,124,-23,53,96,-49
29.12960,-417,220,152,100,-39,-44
29.12964,-417,220,152,56,-143,-26
29.12967,-551,168,81,-50,-133,-9
29.12977,-551,168,81,-158,-16,-4
29.12979,-686,48,-149,-213,135,-5
29.12981,-686,48,-149,-185,251,0
29.18187,-240,417,90,62,-22,43
29.18197,-233,393,75,47,62,50
29.18214,-233,393,75,96,23,43
29.18219,-410,322,-37,183,-130,10
29.18222,-410,322,-37,243,-278,-30
29.18224,-392,376,-68,214,-287,-41
29.18233,-392,376,-68,103,-131,-7
29.18236,-318,400,-85,-25,70,39
29.18247,-318,400,-85,-91,168,53
29.18255,-373,323,-122,-65,103,16
29.18257,-373,323,-122,13,-50,-48
29.18261,-422,276,-87,71,-155,-95
29.18270,-422,276,-87,63,-128,-87
29.18273,-435,283,-19,5,-1,-25
29.18287,-435,283,-19,-52,110,49
29.18293,-480,294,-2,-67,120,89
29.23791,-364,319,-11,9,-4,-18
29.23794,-391,316,-12,17,-12,-15
29.23794,-391,316,-12,28,-22,-10
29.23795,-431,321,-22,34,-29,-5
29.23803,-431,321,-22,31,-27,3
29.23803,-426,319,-37,19,-16,8
29.23804,-426,319,-37,3,-5,5
29.23804,-396,308,-41,-7,1,-3
29.23804,-396,308,-41,-10,1,-9
29.23804,-397,303,-27,-6,1,-10
29.23805,-397,303,-27,3,2,-10
29.23805,-421,308,-7,12,0,-7
29.23805,-421,308,-7,21,-10,-1
29.23806,-435,313,-1,32,-25,7
29.23806,-435,313,-1,45,-42,16
29.23806,-428,315,-12,57,-52,22
29.28998,-398,328,-32,25,-12,16
29.29004,-381,336,-35,29,-22,11
29.29008,-381,336,-35,26,-30,4
29.29009,-365,345,-32,18,-28,-3
29.29017,-365,345,-32,10,-18,-8
29.29022,-383,333,-37,5,-4,-7
29.29030,-383,333,-37,5,5,-3
29.29033,-411,320,-39,9,4,1
29.29034,-411,320,-39,14,-6,1
29.29035,-412,320,-32,16,-15,-3
29.29037,-412,320,-32,11,-15,-7
29.29042,-410,317,-29,0,-3,-6
29.29044,-410,317,-29,-10,11,-1
29.29045,-424,307,-29,-13,18,6
29.29051,-424,307,-29,-8,14,13
29.29053,-418,312,-19,2,2,12
29.34078,-402,318,-35,-10,4,-2
29.34083,-401,319,-25,-5,0,-3
29.34093,-401,319,-25,-3,-1,-3
29.34100,-408,316,-20,-4,-1,-2
29.34103,-408,316,-20,-5,1,-2
29.34105,-415,313,-22,-6,5,-3
29.34106,-415,313,-22,-6,7,-3
29.34108,-414,316,-25,-5,6,-2
29.34122,-414,316,-25,-3,1,-1
29.34123,-408,319,-27,-2,-2,1
29.34128,-408,319,-27,-4,0,0
29.34129,-403,320,-29,-8,6,0
29.34131,-403,320,-29,-10,12,0
29.34133,-403,320,-29,-9,10,0
29.34140,-402,321,-28,-4,2,0
29.34144,-402,321,-28,-2,-4,-1
29.39627,-414,315,-22,-1,1,4
29.39631,-414,315,-22,0,-4,5
29.39636,-412,317,-18,3,-8,4
29.39637,-412,317,-18,5,-6,1
29.39638,-398,321,-20,3,-3,-1
29.39639,-398,321,-20,2,1,0
29.39640,-399,323,-29,4,2,3
29.39648,-399,323,-29,7,2,3
29.39650,-395,323,-33,7,0,0
29.39652,-395,323,-33,3,-3,-3
29.39652,-398,319,-34,0,-3,-2
29.39653,-398,319,-34,-1,1,0
29.39655,-405,319,-31,1,4,0
29.39657,-405,319,-31,1,7,-2
29.39658,-403,323,-29,0,6,-3
29.39659,-403,323,-29,-3,3,-2
29.44736,-400,321,-29,-3,-4,2
29.44741,-400,321,-29,-4,0,2
29.44744,-396,323,-26,-2,3,0
29.44745,-396,323,-26,2,2,-2
29.44746,-405,320,-24,4,0,-3
29.44747,-405,320,-24,4,1,-3
29.44752,-416,317,-23,5,2,0
29.44757,-416,317,-23,5,1,2
29.44758,-411,318,-23,4,-1,4
29.44759,-411,318,-23,5,-3,5
29.44761,-403,319,-25,7,-4,3
29.44763,-403,319,-25,7,-4,1
29.44765,-403,318,-27,5,-1,2
29.44766,-403,318,-27,3,1,6
29.44767,-399,321,-26,2,-1,5
29.44772,-399,321,-26,2,-5,3
29.49855,-410,315,-27,-10,4,-2
29.49877,-407,320,-23,-1,-3,1
29.49885,-407,320,-23,10,-9,1
29.49893,-406,322,-24,13,-9,2
29.49897,-406,322,-24,5,-1,2
29.49899,-405,320,-33,-5,4,2
29.49901,-405,320,-33,-9,2,2
29.49908,-403,321,-35,-4,-3,3
29.49914,-403,321,-35,4,-5,4
29.49921,-400,323,-30,7,-2,3
29.49926,-400,323,-30,3,3,2
29.49931,-401,318,-30,-4,5,2
29.49933,-401,318,-30,-8,2,0
29.49939,-402,315,-30,-5,-5,-1
29.49946,-402,315,-30,2,-10,1
29.49950,-404,317,-29,6,-6,4
29.55469,-406,321,-26,-7,5,-1
29.55490,-406,321,-26,-7,5,-3
29.55494,-404,322,-21,-5,5,-3
29.55505,-404,322,-21,-1,2,-3
29.55523,-405,322,-19,1,-1,-1
29.55530,-405,322,-19,1,-2,0
29.55560,-400,322,-21,1,-1,-1
29.55568,-400,322,-21,2,0,-3
29.55576,-396,323,-22,3,-1,-4
29.55579,-396,323,-22,1,-3,-3
29.55581,-398,322,-25,-1,-2,-2
29.55584,-398,322,-25,-3,0,-3
29.55591,-398,321,-27,-4,5,-3
29.55637,-398,321,-27,-3,7,-2
29.55639,-403,321,-26,1,2,-1
29.55643,-403,321,-26,4,-5,1
29.61098,-401,318,-29,-1,5,4
29.61106,-400,320,-26,-1,4,1
29.61113,-400,320,-26,-2,2,-1
29.61115,-405,320,-25,-1,0,-1
29.61122,-405,320,-25,3,-2,0
29.61123,-407,318,-27,2,-4,3
29.61125,-407,318,-27,1,-4,5
29.61126,-401,320,-28,0,-2,6
29.61134,-401,320,-28,3,-1,5
29.61136,-398,322,-29,5,-1,1
29.61137,-398,322,-29,5,-2,-3
29.61138,-402,321,-29,2,-1,-2
29.61139,-402,321,-29,-1,1,0
29.61141,-405,320,-29,-1,3,1
29.61146,-405,320,-29,1,2,1
29.61149,-401,322,-27,2,-1,1
29.66531,-401,321,-23,1,-5,-1
29.66534,-401,321,-23,0,-3,-2
29.66534,-400,320,-24,-1,1,-3
29.66539,-400,320,-24,1,1,-2
29.66542,-399,319,-26,4,-2,-1
29.66543,-399,319,-26,5,-4,-2
29.66547,-401,319,-28,3,-3,-4
29.66549,-401,319,-28,0,1,-7
29.66550,-404,318,-29,-1,4,-9
29.66551,-404,318,-29,-2,5,-6
29.66552,-408,317,-28,-3,2,-2
29.66552,-408,317,-28,-2,-2,0
29.66555,-409,318,-26,0,-3,1
29.66558,-409,318,-26,0,1,2
29.66559,-409,318,-27,-1,6,2
29.66565,-409,318,-27,-2,7,-1
29.72069,-403,322,-26,3,-6,-1
29.72071,-403,322,-26,5,-4,0
29.72072,-404,323,-29,7,-1,1
29.72077,-404,323,-29,4,1,1
29.72079,-403,322,-31,1,2,1
29.72082,-403,322,-31,0,2,1
29.72083,-402,320,-29,0,0,0
29.72088,-402,320,-29,0,-2,1
29.72089,-400,319,-27,0,-3,2
29.72089,-400,319,-27,-2,-2,1
29.72094,-398,318,-26,-3,1,-1
29.72094,-398,318,-26,-3,2,0
29.72099,-398,320,-23,0,2,1
29.72100,-398,320,-23,3,0,2
29.72101,-400,321,-22,5,-1,3
29.72105,-400,321,-22,4,-2,2
29.77188,-401,319,-26,1,-4,-1
29.77192,-401,319,-26,-1,-1,-1
29.77198,-402,317,-28,-4,5,-1
29.77200,-402,317,-28,-6,9,0
29.77207,-403,317,-29,-5,5,-2
29.77211,-403,317,-29,-1,-1,-4
29.77219,-406,318,-28,0,-2,-2
29.77220,-406,318,-28,-2,1,1
29.77230,-411,316,-28,-3,3,2
29.77232,-411,316,-28,-2,3,2
29.77241,-409,316,-28,-2,2,1
29.77246,-409,316,-28,-2,0,1
29.77250,-407,316,-28,-2,0,0
29.77274,-407,316,-28,-1,1,-1
29.77276,-407,314,-28,0,4,-1
29.77290,-407,314,-28,-2,6,-2
29.82404,-401,324,-29,-1,0,3
29.82411,-398,324,-28,-4,-1,1
29.82418,-398,324,-28,1,-3,-1
29.82420,-401,325,-25,8,-6,-4
29.82428,-401,325,-25,10,-7,-3
29.82430,-406,324,-24,6,-5,0
29.82432,-406,324,-24,0,-1,2
29.82438,-401,323,-27,-4,1,2
29.82440,-401,323,-27,-3,1,1
29.82442,-399,325,-27,0,1,0
29.82444,-399,325,-27,1,1,-1
29.82445,-403,325,-27,0,2,-1
29.82453,-403,325,-27,-2,2,0
29.82454,-401,321,-27,-3,2,1
29.82466,-401,321,-27,-1,0,0
29.82468,-398,321,-25,3,-2,-3
29.87984,-409,318,-22,4,2,-1
29.87997,-409,318,-22,3,0,-1
29.88015,-406,317,-25,2,-2,1
29.88021,-406,317,-25,2,-2,4
29.88029,-401,319,-28,1,-2,4
29.88034,-401,319,-28,0,-2,1
29.88040,-400,321,-33,-2,-1,-1
29.88050,-400,321,-33,-2,1,-1
29.88054,-404,318,-35,0,0,1
29.88066,-404,318,-35,2,-1,2
29.88071,-405,316,-30,1,-1,3
29.88083,-405,316,-30,-2,2,4
29.88088,-402,316,-25,-5,4,1
29.88097,-402,316,-25,-6,1,-2
29.88100,-404,316,-24,-1,-8,-1
29.88104,-404,316,-24,2,-4,-2
29.93327,-400,322,-27,0,4,0
29.93334,-403,321,-26,-3,3,-1
29.93350,-403,321,-26,-4,2,-1
29.93354,-403,322,-25,-3,1,-1
29.93365,-403,322,-25,-1,0,-1
29.93368,-403,321,-26,0,0,1
29.93371,-403,321,-26,0,-1,0
29.93380,-404,319,-28,1,-1,-2
29.93387,-404,319,-28,1,-1,-3
29.93399,-404,320,-29,-1,3,0
29.93402,-404,320,-29,-1,4,3
29.93407,-401,321,-27,0,2,2
29.93415,-401,321,-27,-1,1,-3
29.93423,-400,319,-25,-4,5,-3
29.93429,-400,319,-25,-5,6,1
29.93432,-400,320,-23,-1,2,3
29.98891,-401,320,-26,0,-1,5
29.98941,-401,320,-26,1,0,4
29.98970,-401,320,-26,0,2,2
29.98975,-399,322,-28,2,2,1
29.98981,-399,322,-28,3,-1,0
29.98985,-401,322,-29,1,-3,0
29.98991,-401,322,-29,-2,-1,1
29.98992,-401,320,-28,-3,1,3
29.98994,-401,320,-28,-1,2,4
29.98998,-400,320,-28,1,0,5
29.99005,-400,320,-28,1,-2,4
29.99008,-399,320,-27,-1,-2,1
29.99012,-399,320,-27,-2,2,-1
29.99016,-403,319,-27,-3,5,1
29.99020,-403,319,-27,-2,3,3
29.99022,-408,319,-27,1,-1,2
30.04416,-404,320,-32,-2,5,-1
30.04421,-403,321,-28,-1,2,-2
30.04427,-403,321,-28,1,-2,-3
30.04429,-403,321,-28,0,-3,-2
30.04435,-405,320,-25,-1,-1,0
30.04436,-405,320,-25,1,2,2
30.04441,-408,321,-24,3,2,1
30.04442,-408,321,-24,4,2,-1
30.04444,-405,322,-25,2,4,1
30.04449,-405,322,-25,-2,5,2
30.04451,-401,320,-26,-3,1,1
30.04452,-401,320,-26,0,-2,0
30.04457,-400,319,-25,4,0,0
30.04458,-400,319,-25,6,2,0
30.04458,-400,320,-23,6,2,2
30.04459,-400,320,-23,6,-2,4
30.09681,-408,319,-28,0,-1,4
30.09690,-408,319,-28,0,3,3
30.09714,-398,320,-29,-2,6,1
30.09721,-398,320,-29,-3,6,0
30.09733,-398,319,-26,-2,2,0
30.09735,-398,319,-26,1,-2,0
30.09738,-402,320,-23,3,-4,2
30.09747,-402,320,-23,3,-2,3
30.09750,-401,321,-23,0,1,1
30.09760,-401,321,-23,-2,1,0
30.09763,-406,322,-25,-2,-2,1
30.09765,-406,322,-25,-1,-4,3
30.09766,-408,321,-28,1,-6,4
30.09780,-408,321,-28,3,-5,2
30.09788,-400,321,-30,2,1,-1
30.09796,-400,321,-30,-2,6,-2
30.15212,-403,320,-31,-5,1,0
30.15221,-403,320,-31,-5,2,2
30.15227,-405,320,-29,-4,3,3
30.15229,-405,320,-29,-4,3,2
30.15240,-407,321,-24,-3,3,2
30.15246,-407,321,-24,-1,1,1
30.15247,-405,321,-21,0,0,0
30.15250,-405,321,-21,1,1,1
30.15254,-404,320,-23,4,1,4
30.15262,-404,320,-23,5,0,4
30.15265,-403,320,-25,4,-1,2
30.15267,-403,320,-25,1,0,-1
30.15272,-400,320,-27,-2,1,0
30.15275,-400,320,-27,-2,-1,1
30.15279,-398,320,-27,0,-3,0
30.15281,-398,320,-27,1,-5,-2
30.20560,-407,317,-25,-3,2,1
30.20567,-402,320,-28,1,3,2
30.20576,-402,320,-28,3,4,1
30.20581,-400,321,-30,1,4,-1
30.20583,-400,321,-30,-1,3,-1
30.20584,-400,322,-28,1,-1,1
30.20586,-400,322,-28,2,-6,1
30.20592,-400,321,-25,3,-7,0
30.20603,-400,321,-25,2,-3,1
30.20619,-403,320,-24,1,0,2
30.20623,-403,320,-24,1,-3,1
30.20645,-405,319,-26,2,-6,0
30.20655,-405,319,-26,3,-5,0
30.20709,-404,320,-29,2,-2,1
30.20740,-404,320,-29,0,2,3
30.20744,-403,320,-30,-3,4,3
30.25994,-401,318,-28,-4,1,0
30.26002,-406,317,-24,-1,2,0
30.26012,-406,317,-24,1,3,0
30.26025,-404,320,-22,2,2,1
30.26029,-404,320,-22,4,-1,1
30.26039,-403,322,-22,5,-2,1
30.26041,-403,322,-22,2,0,1
30.26042,-407,322,-24,-1,1,2
30.26043,-407,322,-24,-2,-1,3
30.26051,-404,323,-28,-1,-3,2
30.26053,-404,323,-28,-1,-1,0
30.26054,-398,322,-29,-1,2,-3
30.26055,-398,322,-29,0,4,-4
30.26057,-401,320,-27,0,3,-3
30.26058,-401,320,-27,0,2,0
30.26063,-400,320,-25,1,1,2
30.31349,-407,318,-24,0,7,5
30.31357,-404,318,-26,0,6,4
30.31368,-404,318,-26,2,3,0
30.31375,-400,320,-28,4,1,-3
30.31377,-400,320,-28,4,-1,-3
30.31385,-400,319,-29,3,-3,-2
30.31392,-400,319,-29,3,-4,0
30.31394,-402,319,-30,4,-4,0
30.31396,-402,319,-30,3,-2,-1
30.31402,-399,319,-30,1,0,-2
30.31404,-399,319,-30,0,1,-3
30.31405,-400,319,-30,-1,-1,-4
30.31406,-400,319,-30,0,-2,-4
30.31407,-406,319,-30,0,-2,-1
30.31408,-406,319,-30,-1,-1,1
30.31418,-408,318,-29,-3,0,3
30.36695,-401,320,-29,-3,2,-4
30.36708,-401,320,-29,-2,1,-2
30.36720,-401,320,-29,-2,-3,0
30.36724,-406,320,-26,-1,-4,0
30.36726,-406,320,-26,-1,-1,-2
30.36729,-408,320,-26,-1,2,-2
30.36739,-408,320,-26,0,1,1
30.36740,-407,321,-28,2,-2,5
30.36741,-407,321,-28,1,-2,5
30.36742,-402,321,-29,-2,1,4
30.36747,-402,321,-29,-4,5,3
30.36752,-401,322,-29,-4,6,1
30.36753,-401,322,-29,-3,3,1
30.36756,-400,322,-26,-2,0,0
30.36758,-400,322,-26,-2,-2,0
30.36762,-402,321,-26,-1,0,1
30.42232,-407,319,-23,2,1,1
30.42244,-407,319,-23,3,-5,0
30.42291,-404,320,-23,0,-7,0
30.42303,-404,320,-23,-3,-2,1
30.42325,-402,320,-27,-4,2,2
30.42347,-402,320,-27,-3,3,3
30.42355,-400,321,-30,-1,1,5
30.42362,-400,321,-30,1,-1,5
30.42364,-397,323,-28,1,0,2
30.42365,-397,323,-28,0,2,0
30.42367,-399,321,-26,1,2,0
30.42368,-399,321,-26,2,-2,1
30.42370,-404,319,-26,3,-5,1
30.42371,-404,319,-26,2,-5,1
30.42372,-405,320,-27,-2,-2,0
30.42373,-405,320,-27,-4,0,1
30.47624,-402,318,-29,1,-2,-2
30.47634,-404,317,-28,1,0,1
30.47648,-404,317,-28,0,1,1
30.47651,-404,318,-26,0,0,0
30.47653,-404,318,-26,2,-1,-1
30.47655,-404,318,-26,1,-2,0
30.47659,-404,318,-26,-1,-1,0
30.47665,-405,318,-28,-2,2,1
30.47672,-405,318,-28,-2,3,1
30.47675,-403,319,-28,0,2,1
30.47677,-403,319,-28,0,0,0
30.47677,-400,320,-25,-1,0,2
30.47679,-400,320,-25,-3,2,3
30.47687,-401,321,-24,-4,3,3
30.47689,-401,321,-24,-3,2,2
30.47693,-401,320,-23,-1,1,0
30.53002,-405,320,-23,-1,-2,-3
30.53008,-405,320,-23,-1,-1,0
30.53015,-404,320,-25,-2,-1,3
30.53020,-404,320,-25,-1,-1,3
30.53023,-400,321,-26,0,-1,1
30.53026,-400,321,-26,-1,-1,-1
30.53028,-396,321,-26,-1,0,-1
30.53036,-396,321,-26,1,0,1
30.53040,-396,320,-25,4,-2,1
30.53043,-396,320,-25,7,-5,-1
30.53044,-400,321,-25,8,-4,-1
30.53046,-400,321,-25,6,-1,-1
30.53047,-404,321,-27,4,0,0
30.53054,-404,321,-27,1,-2,-1
30.53057,-405,320,-29,-1,-4,-2
30.53063,-405,320,-29,-4,-1,-3
30.58536,-403,319,-26,-2,2,1
30.58542,-403,319,-26,-3,0,-1
30.58550,-403,319,-25,-4,-3,-1
30.58552,-403,319,-25,-3,-4,1
30.58561,-409,318,-27,-1,-4,4
30.58563,-409,318,-27,3,-4,6
30.58571,-409,318,-28,4,-4,5
30.58572,-409,318,-28,1,-2,2
30.58573,-404,319,-29,-2,1,-1
30.58575,-404,319,-29,-3,3,0
30.58576,-403,319,-30,-3,3,2
30.58578,-403,319,-30,-2,3,4
30.58579,-400,318,-30,-2,2,3
30.58582,-400,318,-30,-4,0,1
30.58583,-399,318,-27,-5,0,-1
30.58588,-399,318,-27,-4,2,0
30.63978,-402,323,-26,5,-2,0
30.63997,-402,323,-26,2,-2,1
30.64000,-402,323,-26,-1,-1,2
30.64002,-401,322,-28,-3,1,2
30.64009,-401,322,-28,-3,3,3
30.64012,-398,322,-28,-1,3,4
30.64019,-398,322,-28,3,0,2
30.64021,-398,321,-26,5,-5,0
30.64025,-398,321,-26,4,-8,-2
30.64027,-399,320,-25,2,-6,-2
30.64030,-399,320,-25,-1,0,-1
30.64034,-404,319,-27,-2,2,0
30.64037,-404,319,-27,-2,2,3
30.64043,-407,318,-28,-2,2,5
30.64051,-407,318,-28,-3,1,4
30.64053,-405,318,-27,-5,1,1
30.69396,-400,318,-28,-3,-2,0
30.69399,-400,318,-28,1,-2,-1
30.69400,-404,319,-26,3,-4,-2
30.69408,-404,319,-26,3,-4,-3
30.69410,-405,320,-28,1,-3,-1
30.69411,-405,320,-28,1,-2,2
30.69421,-405,319,-28,0,0,3
30.69422,-405,319,-28,-1,3,2
30.69433,-403,319,-28,-2,6,1
30.69433,-403,319,-28,-2,6,1
30.69437,-400,319,-27,-3,3,0
30.69438,-400,319,-27,-3,-2,0
30.69439,-400,319,-26,-3,-4,-1
30.69440,-400,319,-26,-2,-2,1
30.69443,-402,319,-25,2,-1,3
30.69444,-402,319,-25,5,-2,2
30.74959,-452,216,-10,-47,9,-60
30.74962,-514,152,-18,-60,20,-67
30.74962,-514,152,-18,-74,44,-60
30.74969,-567,115,-19,-86,68,-46
30.74970,-567,115,-19,-91,77,-38
30.74970,-562,112,4,-91,70,-47
30.74971,-562,112,4,-92,59,-65
30.74980,-601,79,18,-103,57,-75
30.74982,-601,79,18,-126,72,-64
30.74982,-677,36,15,-149,108,-31
30.74983,-677,36,15,-157,146,10
30.74983,-630,66,48,-138,152,26
30.74984,-630,66,48,-98,114,8
30.74985,-546,112,83,-62,54,-26
30.74985,-546,112,83,-58,15,-45
30.74986,-602,87,47,-86,28,-34
30.80363,-446,245,62,-4,-59,-107
30.80367,-446,245,62,-13,-41,-77
30.80372,-758,38,-112,-55,39,-15
30.80373,-758,38,-112,-116,129,43
30.80374,-608,113,-103,-168,183,72
30.80377,-608,113,-103,-191,188,62
30.80378,-316,309,40,-183,162,15
30.80379,-316,309,40,-162,118,-42
30.80380,-463,223,24,-137,72,-70
30.80384,-463,223,24,-118,49,-53
30.80385,-699,44,-48,-113,76,-9
30.80386,-699,44,-48,-122,136,28
30.80386,-504,159,63,-125,171,37
30.80387,-504,159,63,-99,136,12
30.80387,-310,322,174,-41,39,-28
30.80387,-310,322,174,33,-83,-55
30.85869,-400,369,111,1,38,56
30.85871,-491,260,-30,-8,69,51
30.85872,-491,260,-30,14,29,26
30.85878,-453,285,-92,58,-45,8
30.85880,-453,285,-92,97,-103,9
30.85884,-301,435,21,118,-115,24
30.85885,-301,435,21,120,-92,47
30.85886,-301,426,82,129,-71,69
30.85887,-301,426,82,165,-92,75
30.85888,-310,405,-19,219,-156,55
30.85888,-310,405,-19,268,-229,19
30.85895,-239,494,-22,282,-268,-11
30.85896,-239,494,-22,253,-237,-16
30.85896,-239,494,-22,199,-153,6
30.85897,-360,400,-67,144,-82,34
30.85897,-360,400,-67,111,-60,53
30.91359,-385,314,-54,-115,115,-17
30.91363,-385,314,-54,-131,149,12
30.91371,-402,298,51,-99,121,34
30.91372,-402,298,51,-29,31,26
30.91372,-507,243,53,44,-68,-5
30.91383,-507,243,53,78,-112,-27
30.91385,-465,269,-14,60,-69,-17
30.91386,-465,269,-14,12,27,18
30.91388,-333,363,-49,-30,93,45
30.91389,-333,363,-49,-45,78,45
30.91389,-344,384,-44,-30,12,24
30.91397,-344,384,-44,-1,-32,9
30.91398,-429,335,-36,21,-26,8
30.91408,-429,335,-36,33,-8,12
30.91409,-351,360,-4,56,-14,19
30.91410,-351,360,-4,83,-57,16
30.96883,-458,261,-94,-181,74,-15
30.96886,-458,261,-94,-150,46,-30
30.96886,-458,261,-94,-112,71,-41
30.96893,-374,303,-30,-88,133,-37
30.96897,-374,303,-30,-81,155,-31
30.96905,-391,314,35,-78,110,-28
30.96913,-391,314,35,-66,37,-27
30.96914,-476,287,29,-48,-19,-26
30.96915,-476,287,29,-30,-33,-25
30.96916,-442,307,-20,-19,-8,-19
30.96926,-442,307,-20,-25,43,-5
30.96927,-357,347,-68,-53,94,9
30.96928,-357,347,-68,-100,126,11
30.96928,-383,349,-99,-149,135,2
30.96929,-383,349,-99,-180,120,-12
30.96933,-437,342,-88,-174,96,-15
31.02388,-266,358,-78,-91,26,-20
31.02392,-377,325,-43,-98,40,-14
31.02400,-377,325,-43,-133,106,-12
31.02401,-499,283,-40,-163,165,-25
31.02404,-499,283,-40,-163,170,-52
31.02406,-431,296,-17,-136,123,-68
31.02407,-431,296,-17,-105,62,-57
31.02408,-351,322,-1,-92,33,-20
31.02410,-351,322,-1,-101,47,16
31.02411,-425,281,-25,-122,89,31
31.02413,-425,281,-25,-137,126,20
31.02420,-516,245,-13,-121,121,-5
31.02422,-516,245,-13,-71,65,-27
31.02423,-497,268,68,-7,-7,-31
31.02428,-497,268,68,51,-46,-7
31.02431,-428,305,103,86,-51,31
31.07650,-345,347,-138,-37,94,24
31.07657,-281,404,-6,-27,29,-20
31.07668,-281,404,-6,4,-61,-53
31.07672,-469,274,49,38,-103,-44
31.07682,-469,274,49,64,-78,7
31.07695,-534,241,15,88,-38,60
31.07702,-534,241,15,112,-37,63
31.07706,-346,372,-2,128,-71,24
31.07712,-346,372,-2,124,-99,-10
31.07715,-328,362,-49,94,-101,-20
31.07720,-328,362,-49,49,-74,-10
31.07725,-491,229,-116,10,-32,6
31.07730,-491,229,-116,-7,5,20
31.07734,-472,261,-61,6,20,26
31.07736,-472,261,-61,34,8,22
31.07749,-353,370,69,60,-15,21
31.13006,-410,357,2,20,-10,21
31.13012,-386,363,-2,14,-6,18
31.13021,-386,363,-2,-1,4,19
31.13030,-350,328,-71,-27,21,17
31.13036,-350,328,-71,-62,48,2
31.13038,-317,384,-141,-94,82,-22
31.13045,-317,384,-141,-106,96,-39
31.13047,-338,436,-97,-93,68,-40
31.13049,-338,436,-97,-57,24,-21
31.13051,-412,356,11,-18,-5,12
31.13060,-412,356,11,12,-20,32
31.13069,-404,284,52,36,-29,20
31.13071,-404,284,52,41,-32,-24
31.13073,-297,343,-5,12,-15,-76
31.13074,-297,343,-5,-47,29,-104
31.13085,-341,364,-100,-118,84,-84
31.18127,-474,266,-23,-169,160,17
31.18134,-369,354,92,-115,103,-3
31.18149,-369,354,92,-55,32,-32
31.18152,-388,342,85,-14,-9,-43
31.18155,-388,342,85,0,-7,-29
31.18163,-489,254,1,-4,15,3
31.18170,-489,254,1,-5,25,33
31.18172,-441,288,-27,10,13,45
31.18180,-441,288,-27,37,-19,30
31.18182,-328,385,-23,53,-45,1
31.18191,-328,385,-23,39,-30,-15
31.18201,-328,385,-23,-1,16,-8
31.18212,-367,370,-48,-39,55,14
31.18218,-367,370,-48,-51,48,36
31.18220,-459,311,-34,-18,-3,46
31.18234,-459,311,-34,55,-68,38
31.23425,-421,304,-114,74,8,-11
31.23438,-421,304,-114,-19,55,-1
31.23447,-445,267,-144,-105,87,16
31.23449,-445,267,-144,-138,71,11
31.23458,-427,271,-50,-109,18,-16
31.23464,-427,271,-50,-49,-20,-36
31.23472,-436,281,58,-5,-4,-30
31.23475,-436,281,58,0,58,1
31.23478,-463,293,38,-24,101,36
31.23481,-463,293,38,-38,68,47
31.23484,-425,321,-13,-17,-34,26
31.23497,-425,321,-13,32,-124,-4
31.23499,-381,315,-1,79,-129,-11
31.23502,-381,315,-1,103,-59,8
31.23503,-385,298,12,103,15,30
31.23506,-385,298,12,94,27,30
31.28929,-335,369,-61,37,16,24
31.28966,-335,369,-61,18,1,14
31.28969,-335,369,-61,-9,-21,-10
31.28971,-288,381,-76,-46,-13,-26
31.28975,-288,381,-76,-85,41,-24
31.28987,-400,314,-99,-110,101,-16
31.28990,-400,314,-99,-107,113,-19
31.28994,-462,283,-62,-74,67,-23
31.28998,-462,283,-62,-34,-2,-25
31.29000,-403,311,-2,-24,-35,-22
31.29001,-403,311,-2,-56,5,-22
31.29003,-372,306,-24,-121,93,-38
31.29004,-372,306,-24,-186,168,-66
31.29005,-433,252,-88,-224,201,-85
31.29013,-433,252,-88,-229,206,-70
31.29016,-494,246,-83,-206,191,-27
31.34439,-324,434,52,218,-166,72
31.34444,-324,434,52,211,-136,99
31.34452,-288,468,6,227,-124,122
31.34455,-288,468,6,277,-183,108
31.34456,-169,553,14,339,-271,76
31.34458,-169,553,14,376,-323,51
31.34459,-223,514,-34,372,-307,46
31.34461,-223,514,-34,342,-248,65
31.34468,-328,464,-97,319,-205,95
31.34471,-328,464,-97,331,-228,103
31.34475,-256,513,-97,369,-294,79
31.34476,-256,513,-97,398,-335,44
31.34478,-199,532,-95,383,-305,28
31.34481,-199,532,-95,324,-223,47
31.34485,-285,484,-118,252,-161,81
31.34486,-285,484,-118,213,-172,96
31.39523,-349,414,145,63,-81,9
31.39533,-349,414,145,82,-97,35
31.39541,-360,426,88,73,-62,39
31.39553,-360,426,88,70,-24,22
31.39559,-322,443,3,106,-40,2
31.39562,-322,443,3,177,-121,0
31.39564,-314,454,2,240,-217,23
31.39574,-314,454,2,255,-251,58
31.39582,-341,417,-46,210,-186,81
31.39589,-341,417,-46,131,-70,75
31.39594,-288,410,-166,62,9,36
31.39599,-288,410,-166,31,10,-8
31.39605,-229,491,-173,32,-39,-30
31.39616,-229,491,-173,36,-75,-26
31.39621,-286,510,-88,-17,23,6
31.39624,-348,425,-89,-51,87,14
31.45044,-352,339,-10,-120,65,-12
31.45056,-399,322,25,-87,37,-32
31.45062,-399,322,25,-74,36,-54
31.45066,-422,314,30,-76,57,-62
31.45067,-422,314,30,-77,80,-47
31.45072,-431,314,21,-66,76,-16
31.45076,-431,314,21,-41,44,14
31.45080,-438,305,2,-13,5,26
31.45083,-438,305,2,5,-20,11
31.45091,-427,294,-27,5,-23,-17
31.45093,-427,294,-27,-12,-6,-35
31.45094,-433,284,-44,-33,22,-27
31.45098,-433,284,-44,-47,47,0
31.45104,-447,293,-22,-44,55,32
31.45112,-447,293,-22,-23,37,49
31.45113,-424,313,19,11,-4,43
31.50541,-424,318,-24,11,-8,8
31.50622,-424,318,-24,9,-5,12
31.50700,-424,318,-24,5,-4,10
31.50709,-413,312,-33,-2,1,4
31.50725,-413,312,-33,-9,11,-1
31.50733,-391,318,-30,-9,18,-1
31.50734,-391,318,-30,0,15,4
31.50741,-394,325,-11,15,0,11
31.50743,-394,325,-11,34,-20,15
31.50745,-408,330,3,50,-40,14
31.50752,-408,330,3,56,-53,10
31.50757,-395,334,-10,55,-54,4
31.50759,-395,334,-10,48,-46,4
31.50766,-378,333,-39,43,-34,8
31.50771,-378,333,-39,42,-25,13
31.50772,-382,334,-52,43,-22,10
31.56288,-398,323,-31,3,-5,12
31.56296,-398,324,-26,12,-6,5
31.56315,-398,321,-14,20,-15,2
31.56326,-398,321,-14,28,-28,0
31.56333,-401,316,-6,33,-39,2
31.56335,-401,316,-6,35,-43,2
31.56337,-404,311,-11,34,-37,1
31.56340,-404,311,-11,36,-27,0
31.56351,-408,313,-20,39,-20,0
31.56356,-408,313,-20,41,-19,0
31.56360,-415,317,-29,38,-20,2
31.56362,-415,317,-29,13,-7,7
31.56369,-406,309,-43,0,2,7
31.56372,-406,309,-43,-9,8,5
31.56377,-397,313,-38,-12,8,2
31.56382,-402,317,-29,-4,1,0
31.61773,-406,323,-22,2,3,0
31.61792,-406,324,-24,5,1,-2
31.61806,-406,324,-24,9,-5,-1
31.61813,-400,323,-23,12,-10,2
31.61823,-400,323,-23,15,-14,6
31.61830,-401,319,-22,17,-17,7
31.61836,-401,319,-22,17,-17,5
31.61843,-402,319,-24,18,-15,3
31.61849,-402,319,-24,21,-16,3
31.61851,-402,322,-27,25,-18,3
31.61857,-402,322,-27,25,-16,3
31.61863,-410,319,-34,20,-9,5
31.61876,-410,319,-34,12,-4,6
31.61886,-413,316,-44,4,-1,5
31.61890,-413,316,-44,-1,0,2
31.61899,-403,317,-44,-4,1,2
31.67461,-409,316,-27,-5,-2,-4
31.67485,-409,316,-27,-4,-3,-2
31.67496,-411,317,-27,-5,2,-2
31.67499,-411,317,-27,-6,9,-1
31.67501,-409,318,-27,-9,15,-2
31.67502,-409,318,-27,-12,16,-4
31.67503,-406,319,-27,-13,13,-3
31.67504,-406,319,-27,-11,6,-2
31.67512,-402,321,-24,-7,1,0
31.67521,-402,321,-24,-5,3,0
31.67525,-395,322,-22,-5,4,-2
31.67526,-395,322,-22,-4,0,-4
31.67535,-396,321,-21,-1,-5,-4
31.67537,-396,321,-21,4,-6,-3
31.67538,-402,319,-21,7,-5,0
31.67543,-402,319,-21,6,-3,2
31.73057,-397,320,-27,6,-10,-2
31.73064,-405,319,-29,5,-6,-2
31.73073,-405,319,-29,3,-1,-1
31.73075,-411,319,-33,0,4,1
31.73085,-411,319,-33,-5,7,4
31.73093,-408,322,-35,-9,7,7
31.73099,-408,322,-35,-10,5,6
31.73111,-402,323,-33,-12,4,3
31.73113,-402,323,-33,-15,8,-1
31.73119,-401,321,-30,-17,13,-3
31.73123,-401,321,-30,-17,15,-3
31.73124,-400,321,-24,-15,14,-3
31.73128,-400,321,-24,-10,8,-3
31.73140,-398,324,-20,-6,2,-3
31.73144,-398,324,-20,-1,-2,-3
31.73146,-398,322,-22,0,-6,-3
31.78636,-404,319,-39,-10,10,-1
31.78647,-399,318,-36,-11,11,1
31.78659,-399,318,-36,-10,6,3
31.78662,-399,318,-36,-6,2,4
31.78678,-402,318,-28,0,-1,3
31.78680,-402,318,-28,3,-2,0
31.78683,-403,318,-23,5,-1,-2
31.78686,-403,318,-23,6,-2,-1
31.78696,-405,319,-24,8,-6,3
31.78698,-405,319,-24,7,-9,4
31.78700,-407,317,-29,2,-7,4
31.78701,-405,315,-34,-4,5,-1
31.78702,-405,315,-34,-3,5,-1
31.78703,-406,316,-33,-2,2,0
31.78705,-406,316,-33,0,1,2
31.78710,-410,316,-32,-1,2,4
31.83794,-405,323,-32,3,3,0
31.83801,-406,322,-33,-8,5,-1
31.83811,-406,322,-33,-11,5,-1
31.83814,-405,323,-32,-9,4,-2
31.83816,-405,323,-32,-8,6,-2
31.83818,-406,323,-27,-9,10,-2
31.83825,-406,323,-27,-10,13,-2
31.83836,-399,324,-22,-11,14,-3
31.83839,-399,324,-22,-9,11,-3
31.83841,-400,324,-21,-4,4,-3
31.83843,-400,324,-21,0,-1,-3
31.83850,-396,323,-22,0,0,-2
31.83857,-396,323,-22,-3,6,-3
31.83869,-394,322,-22,-5,7,-4
31.83874,-394,322,-22,-3,3,-6
31.83885,-403,320,-22,2,-4,-7
31.89446,-406,317,-32,-4,2,1
31.89452,-401,317,-31,-4,2,1
31.89460,-401,317,-31,-4,3,0
31.89462,-403,317,-28,-2,2,0
31.89470,-403,317,-28,1,-1,2
31.89472,-403,317,-27,3,-1,2
31.89475,-403,317,-27,4,1,-1
31.89477,-404,318,-26,5,2,-1
31.89485,-404,318,-26,8,-1,0
31.89487,-405,318,-25,11,-6,-1
31.89489,-405,318,-25,10,-11,-3
31.89491,-405,317,-26,8,-10,-3
31.89493,-405,317,-26,6,-6,0
31.89497,-406,316,-29,5,-3,1
31.89500,-406,316,-29,4,-3,1
31.89501,-410,317,-29,2,-2,2
31.94923,-408,317,-31,-5,-2,-3
31.94925,-408,317,-31,-5,3,-1
31.94934,-410,318,-32,-3,6,0
31.94935,-410,318,-32,-4,6,0
31.94935,-404,320,-29,-7,8,-2
31.94936,-404,320,-29,-9,8,-4
31.94936,-401,318,-27,-9,6,-2
31.94937,-401,318,-27,-6,4,-1
31.94937,-404,318,-24,-4,5,-2
31.94937,-404,318,-24,-2,4,0
31.94938,-402,321,-22,0,0,2
31.94938,-402,321,-22,0,-3,1
31.94939,-397,322,-22,-1,-6,-2
31.94942,-397,322,-22,0,-5,-3
31.94943,-398,320,-22,6,-5,-2
31.94944,-398,320,-22,10,-5,0
31.99965,-398,319,-25,7,-3,2
31.99970,-398,319,-25,10,-5,3
31.99976,-403,319,-23,12,-7,4
31.99983,-403,319,-23,12,-7,6
31.99985,-407,319,-24,11,-7,5
31.99988,-407,319,-24,10,-7,2
31.99990,-403,319,-28,7,-5,2
31.99994,-403,319,-28,4,-3,3
32.00001,-403,319,-31,2,-1,3
32.00003,-403,319,-31,1,-1,3
32.00005,-406,319,-31,0,1,2
32.00009,-406,319,-31,-3,2,1
32.00013,-407,320,-31,-4,1,1
32.00015,-407,320,-31,-5,2,0
32.00016,-403,322,-33,-7,3,0
32.00020,-403,322,-33,-10,5,1
32.05132,-401,319,-22,3,-1,-4
32.05138,-401,318,-25,0,5,-4
32.05146,-401,318,-25,-1,6,-5
32.05148,-406,318,-27,2,-1,-5
32.05156,-406,318,-27,4,-6,-3
32.05164,-410,318,-29,4,-6,-1
32.05169,-410,318,-29,3,0,0
32.05173,-406,319,-31,0,5,-1
32.05175,-406,319,-31,-4,7,-2
32.05177,-405,320,-30,-3,4,-1
32.05180,-405,320,-30,0,-2,3
32.05188,-407,318,-29,1,-3,4
32.05191,-407,318,-29,-1,2,2
32.05195,-405,316,-28,-4,9,0
32.05197,-405,316,-28,-5,8,0
32.05205,-404,316,-27,-3,1,0
32.10730,-408,321,-32,-1,1,0
32.10738,-408,321,-32,-3,5,3
32.10747,-405,321,-35,-4,6,3
32.10754,-405,321,-35,-4,6,-1
32.10756,-401,323,-31,-4,6,-4
32.10761,-401,323,-31,-3,4,-3
32.10770,-402,323,-27,-2,2,0
32.10773,-402,323,-27,-1,2,0
32.10788,-398,322,-25,-1,3,0
32.10795,-398,322,-25,-1,3,0
32.10804,-397,323,-22,2,2,1
32.10817,-397,323,-22,5,-2,2
32.10826,-402,320,-23,4,-6,1
32.10840,-402,320,-23,3,-6,1
32.10841,-402,318,-28,2,-2,0
32.10843,-402,318,-28,1,4,-2
32.16353,-403,318,-23,4,-5,-2
32.16364,-403,318,-23,6,-6,-1
32.16367,-402,318,-24,9,-6,-1
32.16368,-402,318,-24,10,-4,-2
32.16381,-402,318,-26,10,-2,-1
32.16387,-402,318,-26,10,-4,1
32.16390,-409,317,-29,7,-5,3
32.16391,-409,317,-29,4,-4,4
32.16397,-411,316,-31,1,-1,3
32.16400,-411,316,-31,0,1,1
32.16402,-406,318,-31,-1,0,-3
32.16403,-406,318,-31,0,-1,-5
32.16405,-407,319,-29,-1,0,-3
32.16406,-407,319,-29,-2,1,-1
32.16410,-408,318,-30,-3,3,0
32.16412,-408,318,-30,-4,5,0
32.21502,-404,321,-27,-8,9,2
32.21508,-404,321,-27,-8,8,1
32.21516,-403,321,-25,-8,4,-1
32.21525,-403,321,-25,-8,0,-1
32.21532,-399,321,-24,-5,-3,-1
32.21534,-399,321,-24,1,-4,-1
32.21536,-396,321,-23,6,-4,-2
32.21545,-396,321,-23,7,-2,-1
32.21550,-400,321,-25,5,-2,0
32.21553,-400,321,-25,4,-4,0
32.21555,-404,320,-27,4,-4,-2
32.21556,-404,320,-27,3,-1,-4
32.21565,-405,321,-29,0,3,-4
32.21567,-405,321,-29,-2,3,-2
32.21568,-405,321,-31,-4,2,-2
32.21570,-405,321,-31,-5,1,-3
32.26928,-403,315,-22,0,-2,2
32.26936,-403,315,-22,5,-4,-1
32.26964,-403,316,-20,11,-5,0
32.26969,-403,316,-20,13,-7,2
32.26972,-405,318,-23,11,-8,1
32.26984,-405,318,-23,7,-8,0
32.26992,-407,317,-29,6,-4,-1
32.27009,-407,317,-29,6,1,0
32.27012,-407,318,-33,6,4,0
32.27015,-407,318,-33,3,6,1
32.27017,-407,319,-32,-1,5,2
32.27019,-407,319,-32,-3,2,2
32.27031,-404,319,-29,-4,0,-1
32.27040,-404,319,-29,-3,4,-2
32.27045,-401,319,-27,-2,9,0
32.27050,-401,319,-27,-1,9,1
32.32170,-406,322,-37,-7,10,0
32.32175,-406,322,-37,-9,12,-1
32.32182,-403,321,-33,-10,10,-2
32.32188,-403,321,-33,-12,8,-2
32.32193,-401,321,-27,-10,9,0
32.32199,-401,321,-27,-6,10,2
32.32201,-398,323,-21,-3,6,2
32.32203,-398,323,-21,0,1,1
32.32325,-398,323,-20,2,-1,0
32.32343,-398,323,-20,4,-4,1
32.32347,-400,319,-22,7,-8,2
32.32349,-400,319,-22,8,-9,1
32.32357,-401,317,-26,6,-6,0
32.32361,-401,317,-26,5,-1,0
32.32363,-403,317,-29,4,0,0
32.32367,-403,317,-29,1,-2,-2
32.37646,-401,321,-30,-8,6,-2
32.37657,-398,320,-25,-2,-1,-4
32.37669,-398,320,-25,5,-8,-2
32.37673,-402,319,-21,8,-10,3
32.37675,-402,319,-21,7,-8,5
32.37683,-405,318,-23,3,-4,3
32.37686,-405,318,-23,1,-1,-1
32.37695,-401,318,-29,4,-1,-2
32.37697,-401,318,-29,9,-4,1
32.37700,-404,319,-30,11,-7,3
32.37709,-404,319,-30,7,-4,3
32.37715,-408,319,-31,0,4,0
32.37718,-408,319,-31,-5,9,-1
32.37723,-404,320,-30,-5,5,-1
32.37728,-404,320,-30,-3,0,-1
32.37731,-403,322,-27,0,0,1
32.43217,-405,317,-31,3,-2,2
32.43224,-405,317,-31,-2,3,-2
32.43234,-406,319,-32,-6,8,-3
32.43238,-406,319,-32,-8,10,-2
32.43244,-408,319,-33,-9,8,-2
32.43251,-408,319,-33,-9,5,-2
32.43259,-406,320,-31,-10,5,-1
32.43265,-406,320,-31,-11,6,2
32.43269,-403,321,-26,-9,7,4
32.43274,-403,321,-26,-7,6,2
32.43280,-401,320,-22,-4,3,-2
32.43283,-401,320,-22,2,-2,-4
32.43291,-399,320,-21,6,-5,-3
32.43296,-399,320,-21,6,-3,-1
32.43298,-401,319,-21,4,0,0
32.43301,-401,319,-21,3,2,-1
32.48794,-402,320,-23,1,-2,1
32.48801,-400,321,-24,4,-4,0
32.48810,-400,321,-24,8,-5,0
32.48825,-404,321,-27,9,-7,-1
32.48831,-404,321,-27,6,-8,-1
32.48846,-405,319,-30,3,-6,1
32.48852,-405,319,-30,0,-2,0
32.48858,-406,320,-31,-2,0,-2
32.48863,-406,320,-31,-3,2,-3
32.48867,-409,319,-32,-1,2,-1
32.48871,-409,319,-32,0,0,1
32.48885,-409,319,-32,-3,0,-2
32.48892,-404,318,-34,-10,4,-5
32.48917,-404,318,-34,-13,10,-6
32.48935,-398,320,-31,-9,10,-5
32.48983,-398,320,-31,-3,4,-2
32.54377,-404,320,-33,-10,5,-1
32.54387,-404,320,-33,-8,5,-1
32.54399,-405,321,-29,-7,7,0
32.54406,-405,321,-29,-5,7,1
32.54418,-403,322,-27,-4,5,2
32.54423,-403,322,-27,-2,0,2
32.54425,-399,322,-25,-1,-2,2
32.54429,-399,322,-25,-2,-1,2
32.54432,-397,321,-24,-1,0,3
32.54434,-397,321,-24,3,-3,0
32.54438,-398,319,-24,7,-4,-1
32.54441,-398,319,-24,8,-5,0
32.54450,-403,319,-25,8,-6,2
32.54456,-403,319,-25,8,-6,2
32.54460,-406,322,-27,5,-4,2
32.54463,-406,322,-27,1,-1,1
32.59877,-405,318,-30,4,3,-1
32.59889,-405,318,-30,3,1,-2
32.59904,-408,318,-30,1,0,-3
32.59906,-408,318,-30,-1,0,-4
32.59908,-408,318,-32,-3,1,-3
32.59910,-408,318,-32,-5,2,-3
32.59918,-404,319,-32,-9,5,-5
32.59919,-404,319,-32,-10,8,-5
32.59921,-402,318,-30,-10,10,-4
32.59922,-402,318,-30,-8,9,-4
32.59929,-402,317,-26,-7,7,-4
32.59931,-402,317,-26,-6,4,-3
32.59933,-401,318,-21,-5,1,0
32.59935,-401,318,-21,-2,-1,1
32.59942,-398,319,-20,4,-3,-1
32.59945,-398,319,-20,9,-4,-2
32.65348,-399,321,-24,-2,1,-1
32.65358,-399,321,-24,-1,-1,-3
32.65366,-398,321,-23,0,-1,-2
32.65373,-398,321,-23,2,0,-2
32.65380,-402,319,-22,5,-2,-1
32.65385,-402,319,-22,6,-4,0
32.65388,-402,317,-26,4,-3,1
32.65392,-402,317,-26,2,-3,1
32.65394,-402,318,-29,2,-4,-3
32.65398,-402,318,-29,3,-7,-5
32.65400,-406,320,-29,3,-7,-3
32.65404,-406,320,-29,1,-4,1
32.65410,-407,319,-30,0,-1,1
32.65412,-407,319,-30,-3,2,-2
32.65417,-406,321,-30,-4,4,-4
32.65419,-406,321,-30,-6,5,0
32.70626,-408,319,-31,2,5,-1
32.70644,-408,319,-31,1,3,3
32.70731,-409,318,-32,-1,2,5
32.70739,-409,318,-32,-3,2,3
32.70747,-403,318,-34,-7,2,-1
32.70762,-403,318,-34,-9,3,-4
32.70766,-401,319,-31,-8,4,-3
32.70777,-401,319,-31,-6,3,-2
32.70792,-403,318,-27,-5,3,0
32.70802,-403,318,-27,-6,3,1
32.70805,-399,318,-25,-6,2,-1
32.70806,-399,318,-25,-3,0,-2
32.70808,-396,319,-24,0,-3,-2
32.70809,-396,319,-24,3,-5,1
32.70816,-400,318,-25,2,-5,2
32.70826,-400,318,-25,0,-3,2
32.75920,-405,319,-29,-8,3,2
32.75926,-403,321,-24,-5,0,2
32.75948,-403,321,-24,-1,0,1
32.75952,-398,322,-22,-1,-1,-1
32.75954,-398,322,-22,0,-2,-1
32.75955,-398,322,-23,2,-3,1
32.75962,-398,322,-23,4,-4,3
32.75967,-402,322,-24,5,-4,3
32.75968,-402,322,-24,5,-4,2
32.75970,-402,318,-28,4,-6,0
32.75982,-402,318,-28,4,-5,-1
32.75983,-404,318,-30,3,-2,-1
32.75984,-404,318,-30,1,0,-1
32.75985,-408,318,-30,1,0,-1
32.75998,-408,318,-30,1,-1,-2
32.76002,-409,319,-30,0,-2,-2
32.81429,-402,318,-23,10,-10,0
32.81435,-403,319,-27,12,-9,1
32.81443,-403,319,-27,9,-3,1
32.81449,-403,319,-32,2,3,1
32.81450,-403,319,-32,-3,5,0
32.81455,-405,319,-32,-3,4,-1
32.81463,-405,319,-32,0,0,-1
32.81465,-405,319,-32,0,-2,1
32.81467,-406,319,-32,-3,1,1
32.81469,-406,319,-32,-7,6,1
32.81470,-401,319,-33,-8,10,0
32.81472,-401,319,-33,-6,8,0
32.81475,-399,320,-31,-3,3,-1
32.81477,-399,320,-31,-4,1,-1
32.81479,-402,322,-27,-6,4,-1
32.81480,-402,322,-27,-6,7,0
32.86782,-403,319,-30,-9,7,-4
32.86784,-403,319,-30,-8,4,-2
32.86785,-402,319,-27,-5,0,0
32.86785,-402,319,-27,-2,-2,0
32.86792,-399,320,-23,-1,1,0
32.86793,-399,320,-23,-1,3,0
32.86797,-398,318,-22,1,1,1
32.86798,-398,318,-22,4,-4,1
32.86807,-402,316,-24,6,-7,1
32.86808,-402,316,-24,8,-7,2
32.86808,-405,317,-27,8,-4,2
32.86815,-405,317,-27,5,-1,-1
32.86815,-402,319,-28,0,1,-4
32.86816,-402,319,-28,-2,0,-3
32.86817,-406,320,-30,0,-4,0
32.86824,-406,320,-30,-1,-3,2
32.92215,-404,317,-26,7,-9,4
32.92222,-404,317,-26,4,-4,5
32.92227,-399,320,-28,1,0,3
32.92228,-399,320,-28,1,1,-2
32.92229,-402,322,-27,1,0,-4
32.92238,-402,322,-27,3,-2,-3
32.92239,-409,319,-28,4,-4,-1
32.92239,-409,319,-28,1,0,0
32.92240,-408,319,-30,-4,7,2
32.92240,-408,319,-30,-7,10,5
32.92253,-403,322,-29,-7,7,5
32.92254,-403,322,-29,-6,1,2
32.92254,-400,322,-29,-4,0,-1
32.92255,-400,322,-29,-3,2,-3
32.92255,-402,320,-27,-2,5,-3
32.92259,-402,320,-27,-1,7,-2
32.97645,-403,321,-31,-7,9,-5
32.97648,-402,321,-25,-5,10,-3
32.97648,-402,321,-25,-3,8,-2
32.97648,-402,321,-22,-1,3,-1
32.97656,-402,321,-22,0,0,0
32.97657,-400,321,-21,4,-4,2
32.97657,-400,321,-21,8,-8,2
32.97658,-399,321,-23,8,-9,0
32.97658,-399,321,-23,7,-6,-1
32.97658,-401,318,-27,8,-4,0
32.97659,-401,318,-27,8,-4,0
32.97660,-404,317,-29,7,-2,-1
32.97675,-404,317,-29,4,0,0
32.97676,-407,318,-29,3,-1,3
32.97676,-407,318,-29,4,-3,3
32.97685,-405,320,-33,4,-5,-1
33.03192,-240,491,-78,234,-179,59
33.03195,-293,452,-115,199,-127,80
33.03196,-293,452,-115,180,-108,91
33.03196,-257,517,-70,194,-128,74
33.03204,-257,517,-70,233,-178,33
33.03206,-201,544,-61,262,-233,-5
33.03207,-201,544,-61,249,-249,-18
33.03221,-231,486,-130,189,-196,-8
33.03221,-231,486,-130,108,-93,6
33.03226,-278,447,-158,42,4,12
33.03226,-278,447,-158,13,38,2
33.03226,-279,450,-113,31,-7,-23
33.03234,-279,450,-113,82,-86,-40
33.03235,-324,435,-71,126,-147,-36
33.03235,-407,389,-54,77,-92,21
33.03235,-407,389,-54,29,6,49
33.08352,-405,355,-70,99,-112,-28
33.08356,-414,294,-95,46,-56,-11
33.08365,-414,294,-95,-15,13,16
33.08366,-417,307,-43,-48,54,41
33.08367,-417,307,-43,-26,38,48
33.08367,-356,394,31,34,-34,15
33.08376,-356,394,31,92,-107,-32
33.08376,-401,360,-14,114,-117,-38
33.08385,-401,360,-14,89,-78,3
33.08385,-475,272,-85,26,-20,85
33.08387,-475,272,-85,10,-9,103
33.08393,-385,317,-24,15,-31,71
33.08394,-385,317,-24,39,-41,27
33.08395,-291,397,62,72,-37,-5
33.08396,-291,397,62,103,-61,-18
33.08397,-363,360,25,132,-106,2
33.13882,-439,301,87,71,-95,-3
33.13885,-428,297,57,67,-82,0
33.13886,-428,297,57,16,0,22
33.13908,-508,250,-73,-41,98,55
33.13910,-508,250,-73,-61,128,69
33.13914,-412,330,-96,-34,58,46
33.13917,-412,330,-96,9,-46,6
33.13922,-269,408,-58,10,-87,-22
33.13928,-269,408,-58,-51,-13,-17
33.13929,-348,333,-89,-137,128,13
33.13929,-348,333,-89,-188,217,33
33.13930,-443,284,-58,-164,184,19
33.13931,-443,284,-58,-82,64,-21
33.13935,-353,371,41,-3,-53,-61
33.13935,-353,371,41,26,-83,-76
33.13942,-323,389,27,-1,-27,-55
33.19032,-450,310,12,-10,4,1
33.19038,-481,274,-50,-14,9,22
33.19045,-481,274,-50,-27,20,26
33.19047,-380,301,-60,-45,37,13
33.19058,-380,301,-60,-62,47,-13
33.19059,-328,328,-27,-72,49,-43
33.19060,-328,328,-27,-79,53,-53
33.19061,-450,282,-15,-85,63,-32
33.19063,-450,282,-15,-80,61,-2
33.19065,-535,258,-2,-61,42,18
33.19068,-535,258,-2,-29,29,29
33.19070,-421,319,30,1,25,23
33.19071,-421,319,30,20,13,4
33.19076,-320,357,43,31,-8,-9
33.19081,-320,357,43,40,-40,-4
33.19084,-402,310,6,51,-70,15
33.24430,-391,352,-24,64,-54,28
33.24436,-391,352,-24,66,-70,3
33.24447,-340,344,-5,61,-73,-26
33.24452,-340,344,-5,50,-55,-39
33.24455,-397,297,-49,36,-34,-27
33.24458,-397,297,-49,27,-22,-2
33.24460,-461,286,-71,27,-30,17
33.24474,-461,286,-71,36,-56,22
33.24484,-417,329,-31,42,-76,14
33.24495,-417,329,-31,27,-52,1
33.24508,-372,322,-12,2,11,-4
33.24525,-372,322,-12,-4,44,1
33.24529,-423,277,-37,15,2,3
33.24531,-423,277,-37,38,-70,2
33.24534,-463,301,-46,41,-94,6
33.24539,-463,301,-46,15,-51,8
33.29653,-433,314,-11,-53,31,24
33.29659,-433,314,-11,-10,-7,56
33.29669,-378,350,60,28,-41,53
33.29676,-378,350,60,47,-56,29
33.29685,-390,345,29,47,-49,-3
33.29695,-390,345,29,43,-28,-20
33.29697,-409,316,-23,50,-16,-4
33.29699,-409,316,-23,72,-29,27
33.29700,-351,335,-11,99,-64,36
33.29702,-351,335,-11,117,-96,20
33.29703,-336,361,-23,107,-103,-4
33.29705,-336,361,-23,68,-73,-22
33.29709,-424,335,-110,18,-26,-26
33.29714,-424,335,-110,-24,7,-16
33.29718,-431,307,-163,-54,20,-8
33.29723,-431,307,-163,-82,41,-12
33.34854,-463,279,-60,-41,99,49
33.34859,-463,279,-60,-10,38,40
33.34866,-378,343,-91,25,-35,14
33.34871,-378,343,-91,32,-53,-19
33.34877,-295,414,-63,1,-7,-41
33.34880,-295,414,-63,-54,40,-45
33.34882,-369,344,-63,-100,53,-35
33.34887,-369,344,-63,-110,43,-11
33.34889,-437,263,-73,-87,38,11
33.34890,-437,263,-73,-52,46,9
33.34891,-393,306,-39,-28,59,-17
33.34900,-393,306,-39,-23,53,-50
33.34903,-394,353,12,-37,16,-68
33.34905,-394,353,12,-57,-21,-48
33.34907,-488,267,-6,-39,49,82
33.34912,-366,329,13,11,79,95
33.40102,-385,316,-110,-7,13,-25
33.40109,-360,368,-61,-7,-17,-66
33.40119,-360,368,-61,-15,-23,-66
33.40125,-458,303,-80,-43,11,-27
33.40128,-458,303,-80,-81,61,18
33.40137,-496,240,-77,-112,100,45
33.40140,-496,240,-77,-120,106,35
33.40143,-383,300,44,-96,77,-2
33.40151,-383,300,44,-48,31,-33
33.40157,-364,342,102,0,-2,-36
33.40161,-364,342,102,32,-13,-14
33.40172,-474,288,-3,46,-22,14
33.40174,-474,288,-3,50,-37,29
33.40186,-473,282,-101,36,-39,23
33.40192,-473,282,-101,0,-6,12
33.40199,-339,356,-87,-49,45,2
33.45729,-440,320,-45,-22,12,32
33.45753,-440,300,81,51,-55,33
33.45765,-440,300,81,102,-108,20
33.45774,-423,294,97,111,-108,15
33.45785,-423,294,97,78,-57,17
33.45791,-395,324,-15,27,5,15
33.45794,-395,324,-15,-14,36,5
33.45802,-368,355,-115,-35,28,-11
33.45804,-368,355,-115,-43,10,-21
33.45816,-391,333,-113,-48,11,-15
33.45819,-391,333,-113,-46,32,1
33.45821,-419,297,-37,-30,41,10
33.45828,-419,297,-37,5,10,4
33.45833,-390,315,38,44,-41,-9
33.45835,-390,315,38,62,-77,-21
33.45836,-385,329,19,42,-67,-23
33.51333,-388,323,-21,4,7,3
33.51339,-468,285,-20,41,7,20
33.51346,-468,285,-20,58,-11,13
33.51353,-359,321,-35,37,-28,-12
33.51355,-359,321,-35,-5,-16,-30
33.51358,-445,275,-53,-44,12,-28
33.51363,-445,275,-53,-55,18,-14
33.51366,-499,279,-31,-24,1,3
33.51369,-499,279,-31,19,-22,13
33.51374,-499,279,-31,34,-21,16
33.51379,-433,327,-27,8,18,22
33.51383,-433,327,-27,-34,60,33
33.51385,-376,330,-53,-61,55,35
33.51391,-376,330,-53,-56,11,18
33.51394,-368,295,-26,-23,-24,-9
33.51397,-368,295,-26,16,-29,-31
33.56821,-398,340,-21,-35,9,18
33.56828,-373,352,-60,-22,23,7
33.56838,-373,352,-60,-18,44,-6
33.56846,-397,316,-23,-8,61,0
33.56849,-397,316,-23,16,44,18
33.56874,-410,312,69,55,-17,25
33.56880,-410,312,69,87,-88,20
33.56882,-366,347,56,91,-121,7
33.56901,-366,347,56,66,-105,-9
33.56905,-347,355,-79,31,-62,-22
33.56908,-347,355,-79,4,-17,-31
33.56910,-397,319,-163,-13,19,-37
33.56918,-397,319,-163,-28,50,-36
33.56925,-453,290,-89,-40,82,-24
33.56929,-453,290,-89,-47,96,0
33.56930,-440,313,59,-37,62,21
33.62208,-476,172,71,125,62,-18
33.62280,-476,172,71,158,-21,-105
33.62301,-410,226,101,56,-79,-150
33.62322,-410,226,101,-115,-63,-117
33.62330,-676,64,-59,-257,38,-20
33.62334,-676,64,-59,-300,179,86
33.62340,-707,23,-112,-229,282,130
33.62345,-707,23,-112,-98,272,71
33.62349,-459,178,43,11,132,-52
33.62360,-459,178,43,42,-58,-145
33.62366,-458,209,137,-10,-174,-139
33.62369,-458,209,137,-95,-126,-36
33.62371,-665,85,63,-143,52,90
33.62374,-665,85,63,-113,211,142
33.62378,-580,109,11,-23,226,92
33.62382,-580,109,11,72,98,-16
33.67777,-370,341,-89,-90,149,45
33.67782,-370,341,-89,-18,24,-6
33.67794,-432,281,-68,73,-129,-62
33.67795,-432,281,-68,118,-186,-81
33.67797,-439,280,9,93,-110,-42
33.67798,-439,280,9,34,24,36
33.67801,-468,290,28,-3,93,101
33.67803,-468,290,28,10,49,114
33.67804,-478,294,-8,53,-51,70
33.67811,-478,294,-8,85,-113,10
33.67812,-414,297,-37,79,-96,-25
33.67817,-414,297,-37,38,-29,-17
33.67820,-366,304,-50,-11,42,18
33.67824,-366,304,-50,-42,81,45
33.67828,-351,338,-61,-50,71,36
33.67831,-351,338,-61,-39,35,-3
33.72999,-429,314,-7,15,-7,5
33.73018,-429,314,-7,27,-18,11
33.73023,-429,314,-7,33,-25,15
33.73028,-421,322,-15,34,-26,14
33.73035,-421,322,-15,29,-21,10
33.73036,-396,328,-32,20,-16,6
33.73038,-396,328,-32,9,-12,2
33.73042,-380,327,-47,2,-7,-2
33.73046,-380,327,-47,1,-1,-5
33.73048,-381,324,-45,2,0,-7
33.73050,-381,324,-45,6,-3,-10
33.73059,-395,322,-33,9,-10,-13
33.73064,-395,322,-33,9,-16,-11
33.73112,-418,316,-29,5,-16,-5
33.73116,-418,316,-29,-1,-10,3
33.73127,-430,305,-30,-5,-2,5
33.78643,-382,332,-34,-7,9,-3
33.78649,-400,323,-33,0,1,-1
33.78657,-400,323,-33,7,-10,-4
33.78669,-405,322,-26,12,-16,-7
33.78672,-405,322,-26,10,-7,-5
33.78675,-405,319,-23,3,5,0
33.78679,-405,319,-23,-4,11,7
33.78681,-413,311,-27,-4,5,10
33.78689,-413,311,-27,1,-4,7
33.78692,-409,311,-27,6,-9,2
33.78695,-409,311,-27,7,-6,-3
33.78697,-399,317,-24,4,0,-1
33.78708,-399,317,-24,3,5,7
33.78713,-407,319,-25,7,3,14
33.78716,-407,319,-25,11,-5,17
33.78720,-411,325,-26,16,-12,13
33.83970,-401,324,-29,12,-14,2
33.83976,-401,324,-29,11,-17,5
33.83991,-398,323,-33,8,-13,5
33.83994,-398,323,-33,5,-5,0
33.83998,-398,320,-34,2,1,-6
33.84003,-398,320,-34,-3,3,-8
33.84005,-406,317,-32,-8,2,-8
33.84014,-406,317,-32,-11,0,-5
33.84017,-412,316,-27,-11,0,-4
33.84019,-412,316,-27,-9,3,-2
33.84020,-413,313,-23,-6,5,-2
33.84021,-413,313,-23,-5,5,-1
33.84024,-411,312,-22,-6,3,0
33.84029,-411,312,-22,-8,3,1
33.84036,-405,314,-23,-8,6,0
33.84040,-405,314,-23,-7,10,-2
33.89084,-403,322,-28,0,-2,2
33.89091,-399,321,-27,0,2,0
33.89105,-399,321,-27,-1,5,-3
33.89113,-399,323,-27,1,4,-3
33.89116,-399,323,-27,3,0,-1
33.89119,-405,321,-30,5,-4,1
33.89129,-405,321,-30,4,-2,2
33.89132,-404,317,-35,-1,4,3
33.89135,-404,317,-35,-7,8,2
33.89143,-398,319,-34,-8,10,2
33.89148,-398,319,-34,-3,8,2
33.89153,-402,323,-29,1,5,3
33.89159,-402,323,-29,2,1,2
33.89163,-409,323,-26,4,-1,1
33.89171,-409,323,-26,7,-2,2
33.89176,-407,322,-27,7,-2,3
33.94578,-396,322,-21,5,-11,1
33.94584,-396,322,-21,3,-10,2
33.94588,-399,322,-24,3,-5,5
33.94590,-399,322,-24,5,0,5
33.94597,-401,322,-26,5,1,4
33.94599,-401,322,-26,4,1,-1
33.94604,-392,326,-25,3,-2,-4
33.94607,-392,326,-25,2,-6,-6
33.94609,-399,325,-27,1,-6,-6
33.94611,-399,325,-27,-1,0,-4
33.94618,-410,319,-31,-3,6,-1
33.94619,-410,319,-31,-7,9,-2
33.94624,-403,319,-28,-7,6,-3
33.94626,-403,319,-28,-4,2,-3
33.94634,-402,318,-23,-1,-3,-2
33.94639,-402,318,-23,0,-3,0
33.99686,-402,323,-25,-4,4,0
33.99691,-404,322,-23,-1,2,-2
33.99697,-404,322,-23,3,-4,-4
33.99699,-406,321,-25,4,-5,-3
33.99704,-406,321,-25,4,-2,0
33.99708,-401,321,-27,4,0,3
33.99709,-401,321,-27,5,-3,4
33.99713,-398,320,-29,7,-8,2
33.99719,-398,320,-29,7,-11,-2
33.99726,-400,320,-35,5,-10,-2
33.99731,-400,320,-35,0,-5,1
33.99739,-401,321,-37,-4,2,4
33.99743,-401,321,-37,-7,5,5
33.99746,-401,322,-33,-7,4,4
33.99751,-401,322,-33,-7,2,2
33.99758,-404,322,-30,-8,1,2
34.04824,-400,320,-24,-6,-1,1
34.04828,-400,320,-24,-4,-2,-1
34.04834,-399,320,-22,-2,0,-2
34.04836,-399,320,-22,1,1,-2
34.04838,-403,320,-21,5,-1,0
34.04846,-403,320,-21,7,-2,1
34.04849,-402,321,-23,7,-2,1
34.04851,-402,321,-23,4,0,-1
34.04852,-399,322,-29,0,1,-2
34.04853,-399,322,-29,-3,0,-1
34.04854,-403,320,-32,-4,-2,1
34.04861,-403,320,-32,-4,-2,0
34.04864,-407,319,-29,-5,1,-2
34.04868,-407,319,-29,-7,4,-4
34.04869,-406,319,-26,-7,4,-4
34.04871,-406,319,-26,-4,4,-1
34.10034,-396,322,-30,3,3,2
34.10036,-396,322,-30,5,0,1
34.10036,-401,321,-31,4,0,-1
34.10042,-401,321,-31,2,2,-2
34.10046,-402,322,-30,0,4,-2
34.10046,-402,322,-30,0,3,-3
34.10047,-402,321,-30,0,0,-3
34.10055,-402,321,-30,-1,-2,-3
34.10056,-408,321,-30,-2,-2,-2
34.10056,-408,321,-30,-1,-1,-1
34.10057,-406,322,-29,0,1,0
34.10062,-406,322,-29,-3,4,0
34.10064,-403,323,-26,-5,6,2
34.10065,-403,323,-26,-2,4,3
34.10070,-405,322,-23,2,-2,4
34.10070,-405,322,-23,6,-5,4
34.15482,-402,320,-22,7,3,-4
34.15491,-411,320,-23,3,2,-1
34.15497,-411,320,-23,0,0,4
34.15501,-412,320,-26,-1,-1,5
34.15503,-412,320,-26,-3,-1,3
34.15505,-407,320,-28,-4,0,0
34.15520,-407,320,-28,-6,2,-3
34.15523,-406,319,-29,-8,3,-3
34.15524,-406,319,-29,-7,3,-1
34.15525,-405,319,-25,-5,3,1
34.15535,-405,319,-25,-3,2,4
34.15537,-403,320,-23,-1,-2,5
34.15538,-403,320,-23,2,-7,4
34.15539,-402,320,-26,4,-7,2
34.15541,-402,320,-26,4,-3,0
34.15552,-401,317,-28,2,1,-2
34.20615,-400,321,-28,-1,1,3
34.20621,-400,321,-28,-1,0,4
34.20631,-400,321,-28,-1,-2,2
34.20632,-398,321,-28,-2,-1,0
34.20633,-398,321,-28,-2,1,-1
34.20633,-395,321,-27,2,2,1
34.20645,-395,321,-27,5,-1,2
34.20646,-399,323,-27,6,-3,1
34.20657,-399,323,-27,3,-2,-1
34.20668,-402,322,-30,0,1,-2
34.20670,-402,322,-30,0,4,-2
34.20678,-401,323,-31,0,4,-1
34.20679,-401,323,-31,0,3,0
34.20679,-402,325,-27,1,0,-1
34.20688,-402,325,-27,0,-2,0
34.20689,-403,326,-25,-2,-2,0
34.26014,-400,320,-28,1,-3,-3
34.26018,-401,319,-27,2,-3,-4
34.26025,-401,319,-27,0,1,-2
34.26027,-405,317,-25,0,3,-1
34.26030,-405,317,-25,0,1,-2
34.26031,-407,318,-26,4,-3,-3
34.26033,-407,318,-26,5,-5,-2
34.26039,-408,317,-30,3,-2,-2
34.26043,-408,317,-30,-1,1,-3
34.26045,-406,317,-28,-4,4,-3
34.26046,-406,317,-28,-6,7,-2
34.26048,-405,318,-24,-5,5,-1
34.26049,-405,318,-24,-3,2,-1
34.26053,-406,318,-25,-2,1,-1
34.26055,-406,318,-25,-1,0,1
34.26059,-406,317,-26,1,-1,2
34.31165,-404,322,-25,-1,-4,0
34.31171,-402,323,-28,-1,2,2
34.31178,-402,323,-28,-4,5,2
34.31181,-398,322,-27,-5,5,2
34.31191,-398,322,-27,-2,0,1
34.31197,-397,322,-25,1,-5,1
34.31202,-397,322,-25,3,-5,2
34.31205,-397,322,-26,5,-1,2
34.31207,-397,322,-26,5,2,0
34.31208,-397,322,-27,4,0,1
34.31215,-397,322,-27,2,-3,2
34.31217,-399,323,-26,2,-4,1
34.31218,-399,323,-26,2,-4,-1
34.31228,-399,323,-26,2,0,-2
34.31231,-401,323,-27,1,4,-2
34.31232,-401,323,-27,1,5,0
34.36498,-405,320,-32,-1,-1,-3
34.36505,-405,320,-32,-3,5,-2
34.36522,-402,319,-31,-3,7,-2
34.36525,-402,319,-31,-2,4,-2
34.36531,-404,316,-28,0,0,-2
34.36539,-404,316,-28,0,-2,-3
34.36550,-404,315,-26,0,1,-4
34.36556,-404,315,-26,-1,2,-3
34.36563,-404,317,-26,-2,0,-2
34.36574,-404,317,-26,-1,-4,-2
34.36579,-409,317,-28,-1,-7,0
34.36582,-409,317,-28,0,-5,0
34.36584,-412,317,-31,-1,-1,0
34.36589,-412,317,-31,-2,2,-2
34.36600,-408,320,-31,-2,1,-3
34.36606,-408,320,-31,-1,0,0
34.41763,-402,321,-27,-3,-1,0
34.41786,-403,319,-25,-3,2,3
34.41792,-403,319,-25,-4,3,5
34.41794,-402,320,-25,-3,2,4
34.41819,-402,320,-25,-3,0,0
34.41823,-406,321,-25,-3,-3,-1
34.41826,-406,321,-25,-1,-5,0
34.41842,-407,322,-27,0,-5,2
34.41845,-407,322,-27,-2,-1,4
34.41847,-400,323,-28,-5,2,5
34.41849,-400,323,-28,-4,3,4
34.41856,-395,323,-24,-1,2,3
34.41860,-395,323,-24,3,1,3
34.41862,-399,321,-23,6,-1,4
34.41870,-399,321,-23,7,-2,2
34.41872,-399,320,-28,5,-1,0
34.47299,-407,316,-27,1,1,3
34.47307,-405,317,-29,-5,5,6
34.47310,-405,317,-29,-5,5,4
34.47323,-400,319,-30,-4,3,2
34.47325,-400,319,-30,-2,1,1
34.47328,-403,320,-27,0,0,-1
34.47334,-403,320,-27,-1,0,-2
34.47335,-405,319,-25,-4,0,0
34.47337,-405,319,-25,-5,0,3
34.47343,-401,319,-23,-2,-3,6
34.47348,-401,319,-23,4,-8,5
34.47350,-403,319,-25,8,-11,1
34.47352,-403,319,-25,8,-8,-1
34.47353,-407,319,-31,5,-4,-1
34.47362,-407,319,-31,1,-1,0
34.47364,-404,319,-34,-1,1,2
34.52809,-403,319,-29,-2,6,-3
34.52814,-403,319,-29,-2,5,-1
34.52821,-407,319,-24,-1,3,1
34.52829,-407,319,-24,1,1,1
34.52839,-408,319,-21,2,1,1
34.52841,-408,319,-21,2,3,0
34.52843,-403,319,-23,2,5,-1
34.52844,-403,319,-23,2,4,-1
34.52846,-402,320,-26,2,3,1
34.52849,-402,320,-26,1,1,1
34.52860,-401,322,-28,-3,1,0
34.52863,-401,322,-28,-5,2,1
34.52864,-397,323,-27,-6,3,1
34.52867,-397,323,-27,-3,3,-1
34.52870,-398,321,-24,2,0,-2
34.52873,-398,321,-24,6,-2,-2
34.58107,-402,319,-24,-3,3,3
34.58126,-400,320,-26,-1,2,3
34.58151,-400,320,-26,1,0,1
34.58177,-401,321,-27,2,1,-1
34.58180,-401,321,-27,-1,5,-1
34.58182,-399,321,-28,-3,6,-1
34.58189,-399,321,-28,-2,2,-2
34.58190,-398,321,-26,0,-2,-1
34.58192,-398,321,-26,1,-3,-1
34.58197,-404,320,-25,0,0,-1
34.58199,-404,320,-25,-2,3,-2
34.58203,-406,321,-26,-1,3,-3
34.58204,-406,321,-26,3,1,-3
34.58205,-406,322,-28,4,-2,-3
34.58206,-406,322,-28,1,-2,0
34.58215,-406,319,-29,-6,4,2
34.63654,-401,319,-27,4,2,-1
34.63658,-404,318,-24,4,0,-1
34.63664,-404,318,-24,1,-1,0
34.63671,-406,319,-23,2,-1,1
34.63673,-406,319,-23,3,0,3
34.63674,-406,321,-23,5,-1,4
34.63675,-406,321,-23,5,-3,4
34.63675,-405,322,-27,3,-3,3
34.63683,-405,322,-27,1,-3,2
34.63684,-400,322,-29,0,0,1
34.63688,-400,322,-29,-2,3,-1
34.63689,-398,321,-28,-3,5,-1
34.63690,-398,321,-28,-4,3,0
34.63691,-400,320,-25,-3,0,1
34.63692,-400,320,-25,0,-2,0
34.63700,-400,320,-22,3,-3,-1
34.69054,-402,318,-28,2,1,2
34.69057,-402,318,-28,0,2,-1
34.69057,-396,318,-29,-1,1,-2
34.69063,-396,318,-29,1,-1,0
34.69064,-400,318,-27,3,-3,1
34.69065,-400,318,-27,4,-5,0
34.69065,-403,319,-26,3,-3,0
34.69074,-403,319,-26,1,3,1
34.69075,-402,320,-29,-2,4,1
34.69079,-402,320,-29,-2,-1,0
34.69082,-408,321,-30,1,-7,-1
34.69083,-408,321,-30,2,-7,0
34.69084,-409,319,-30,0,-1,0
34.69084,-409,319,-30,-4,7,0
34.69087,-401,320,-29,-7,9,2
34.69087,-401,320,-29,-6,5,3
34.74512,-405,319,-27,2,-2,1
34.74516,-408,319,-27,4,-3,3
34.74521,-408,319,-27,3,-2,2
34.74523,-406,319,-27,-1,2,0
34.74533,-406,319,-27,-5,4,1
34.74534,-404,319,-26,-4,2,3
34.74536,-404,319,-26,-1,0,4
34.74537,-400,318,-25,-1,1,3
34.74538,-400,318,-25,-1,4,2
34.74542,-399,319,-25,-3,6,2
34.74543,-399,319,-25,-3,4,1
34.74550,-402,322,-23,0,0,1
34.74551,-402,322,-23,4,-3,3
34.74552,-402,323,-25,6,-3,5
34.74556,-402,323,-25,3,0,6
34.74558,-398,322,-28,-1,1,3
34.79809,-405,320,-30,3,2,3
34.79816,-405,320,-30,2,3,3
34.79830,-400,321,-30,0,5,3
34.79834,-400,321,-30,0,3,4
34.79837,-400,321,-27,2,-2,3
34.79842,-400,321,-27,4,-5,3
34.79851,-402,319,-25,5,-4,2
34.79858,-402,319,-25,4,-1,1
34.79886,-403,319,-27,1,-1,1
34.79889,-403,319,-27,1,-2,2
34.79890,-404,321,-29,1,-3,2
34.79892,-404,321,-29,0,0,0
34.79898,-404,321,-31,-2,3,-3
34.79906,-404,321,-31,-4,4,-2
34.79910,-403,320,-29,-7,3,0
34.79914,-403,320,-29,-8,2,2
34.85428,-403,321,-28,-3,-3,1
34.85433,-403,321,-28,-3,-6,1
34.85440,-403,321,-28,-1,-5,0
34.85442,-406,321,-25,0,-3,-1
34.85443,-406,321,-25,1,0,-2
34.85444,-409,321,-25,1,2,-1
34.85446,-409,321,-25,0,2,0
34.85447,-406,321,-26,0,1,1
34.85448,-406,321,-26,1,1,3
34.85456,-403,320,-26,2,3,4
34.85457,-403,320,-26,1,5,4
34.85462,-403,320,-26,0,5,4
34.85467,-403,320,-26,-2,4,2
34.85469,-398,322,-25,-1,3,0
34.85470,-398,322,-25,4,2,-2
34.85471,-396,323,-25,8,-3,-2
34.90695,-401,319,-28,1,2,-4
34.90700,-401,319,-28,-2,6,-4
34.90714,-401,320,-27,-3,7,0
34.90716,-401,320,-27,0,2,3
34.90719,-400,322,-25,4,-4,3
34.90731,-400,322,-25,5,-5,2
34.90737,-403,320,-26,2,-3,3
34.90738,-403,320,-26,0,-2,4
34.90739,-407,321,-29,0,-3,4
34.90745,-407,321,-29,1,-2,3
34.90749,-407,322,-31,1,1,-1
34.90750,-407,322,-31,-1,4,-2
34.90753,-405,321,-30,-4,3,-1
34.90754,-405,321,-30,-4,0,-1
34.90755,-403,320,-26,-4,-2,-1
34.90760,-403,320,-26,-2,-2,-1
34.96005,-406,320,-29,-4,0,0
34.96009,-406,320,-29,-3,2,-1
34.96015,-403,321,-26,0,2,-1
34.96024,-403,321,-26,3,-2,-1
34.96027,-405,320,-25,3,-5,-1
34.96029,-405,320,-25,0,-5,0
34.96031,-406,319,-28,-3,-3,2
34.96032,-406,319,-28,-4,1,3
34.96034,-401,321,-30,-3,4,1
34.96036,-401,321,-30,-2,5,0
34.96038,-398,322,-28,1,3,0
34.96039,-398,322,-28,2,-1,-1
34.96042,-400,320,-27,2,0,0
34.96043,-400,320,-27,0,3,1
34.96045,-401,319,-28,0,3,2
34.96047,-401,319,-28,2,0,1
35.01322,-406,320,-25,-3,1,2
35.01330,-406,320,-25,-1,0,2
35.01336,-402,322,-26,3,-3,2
35.01338,-402,322,-26,5,-6,2
35.01338,-403,321,-27,4,-4,2
35.01345,-403,321,-27,1,2,2
35.01346,-402,320,-28,-1,7,3
35.01349,-402,320,-28,-1,7,3
35.01349,-401,321,-25,3,3,1
35.01350,-401,321,-25,5,-3,-1
35.01351,-403,320,-24,5,-5,0
35.01355,-403,320,-24,2,-3,2
35.01356,-404,319,-27,0,1,2
35.01357,-404,319,-27,0,3,2
35.01357,-404,319,-27,1,1,1
35.01358,-404,321,-29,3,-3,2
35.06413,-400,320,-29,0,-2,2
35.06417,-400,320,-29,-1,-1,0
35.06423,-398,320,-30,0,-1,-1
35.06425,-398,320,-30,1,-2,1
35.06431,-401,320,-29,3,-4,2
35.06432,-401,320,-29,3,-5,0
35.06432,-407,319,-29,0,-3,-3
35.06433,-407,319,-29,-3,0,-3
35.06433,-408,320,-31,-5,2,-2
35.06434,-408,320,-31,-5,4,1
35.06435,-407,321,-30,-5,4,1
35.06439,-407,321,-30,-5,3,-1
35.06440,-403,321,-24,-7,3,-3
35.06443,-403,321,-24,-6,2,-2
35.06444,-405,320,-23,-2,2,1
35.06445,-405,320,-23,1,0,3
35.11503,-404,321,-28,-5,2,-2
35.11507,-404,321,-28,-7,1,0
35.11512,-406,319,-24,-3,0,3
35.11513,-406,319,-24,2,0,4
35.11513,-403,318,-23,3,1,1
35.11515,-403,318,-23,0,1,-2
35.11520,-403,318,-23,0,-1,-1
35.11522,-401,319,-24,1,-5,0
35.11525,-401,319,-24,3,-6,1
35.11526,-403,320,-28,4,-4,1
35.11527,-403,320,-28,1,-1,2
35.11528,-400,321,-31,-2,2,1
35.11529,-400,321,-31,-6,4,0
35.11530,-396,322,-30,-6,4,-1
35.11531,-396,322,-30,-2,1,-1
35.11535,-400,320,-26,2,-1,0
35.17047,-405,319,-24,-5,7,0
35.17049,-405,319,-24,-2,3,1
35.17050,-402,321,-19,1,-2,3
35.17057,-402,321,-19,3,-4,3
35.17062,-401,323,-21,4,-4,2
35.17062,-401,323,-21,5,-3,2
35.17062,-401,322,-28,6,-4,3
35.17063,-401,322,-28,5,-4,3
35.17063,-401,321,-33,3,-1,1
35.17063,-401,321,-33,1,1,-2
35.17064,-400,320,-33,1,2,-3
35.17073,-400,320,-33,1,0,-1
35.17073,-403,318,-30,3,-4,1
35.17079,-403,318,-30,3,-7,3
35.17079,-405,316,-27,1,-8,2
35.17080,-405,316,-27,-3,-4,0
35.22217,-399,319,-32,-3,-5,4
35.22220,-399,319,-32,-3,0,3
35.22227,-400,321,-33,-4,5,0
35.22228,-400,321,-33,-4,4,-2
35.22228,-401,323,-30,-3,-1,-2
35.22236,-401,323,-30,-2,-5,-1
35.22237,-404,322,-25,-1,-4,0
35.22238,-404,322,-25,-1,0,1
35.22242,-408,321,-24,-3,2,4
35.22244,-408,321,-24,-2,2,3
35.22246,-402,317,-25,-2,-1,-7
35.22246,-402,317,-25,-8,2,-17
35.22247,-402,298,-28,-19,12,-20
35.22251,-402,298,-28,-27,23,-17
35.22252,-426,273,-32,-31,27,-16
35.22252,-426,273,-32,-32,23,-22
35.27760,-334,271,101,-231,217,50
35.27763,-334,271,101,-180,126,-25
35.27763,-472,205,87,-133,71,-105
35.27763,-472,205,87,-114,58,-137
35.27764,-725,53,-75,-125,70,-97
35.27772,-725,53,-75,-145,96,-3
35.27776,-540,185,-31,-160,137,87
35.27777,-540,185,-31,-172,180,114
35.27777,-299,359,127,-176,190,64
35.27777,-299,359,127,-151,152,-26
35.27778,-487,237,85,-88,78,-97
35.27778,-487,237,85,-21,-9,-105
35.27779,-656,103,-45,13,-66,-43
35.27779,-656,103,-45,13,-52,55
35.27784,-384,266,12,0,21,121
35.27784,-384,266,12,-13,78,99
35.32801,-484,227,-149,-91,98,-43
35.32803,-507,216,-115,-109,128,-41
35.32803,-507,216,-115,-77,79,-43
35.32807,-507,216,-115,-21,-15,-49
35.32808,-364,336,71,9,-74,-50
35.32809,-364,336,71,-5,-41,-25
35.32809,-443,273,86,-36,53,20
35.32813,-443,273,86,-52,111,39
35.32815,-574,142,-48,-37,74,7
35.32820,-574,142,-48,-3,-10,-46
35.32820,-454,220,-71,11,-56,-79
35.32821,-454,220,-71,-15,-19,-66
35.32821,-368,344,-8,-59,76,-9
35.32823,-368,344,-8,-89,149,55
35.32823,-481,318,-6,-78,138,78
35.32824,-481,318,-6,-30,46,51
35.38318,-352,346,-89,58,-69,10
35.38322,-352,346,-89,10,6,13
35.38330,-371,348,-104,-29,53,9
35.38334,-371,348,-104,-36,63,13
35.38336,-397,343,-48,-5,30,19
35.38338,-397,343,-48,58,-39,23
35.38348,-419,347,43,125,-115,32
35.38350,-419,347,43,166,-168,41
35.38358,-411,354,58,170,-165,46
35.38364,-411,354,58,145,-116,46
35.38365,-349,358,-22,108,-62,33
35.38366,-349,358,-22,81,-38,4
35.38367,-290,367,-91,64,-48,-27
35.38373,-290,367,-91,55,-58,-41
35.38374,-337,359,-85,49,-46,-32
35.38381,-337,359,-85,46,-25,-7
35.43741,-381,348,-79,-85,57,-44
35.43746,-323,354,-68,-84,67,-55
35.43759,-323,354,-68,-89,92,-58
35.43762,-354,327,-32,-90,108,-50
35.43763,-354,327,-32,-78,92,-29
35.43764,-432,307,5,-54,47,-15
35.43768,-432,307,5,-38,-6,-17
35.43773,-444,319,18,-39,-15,-13
35.43777,-444,319,18,-58,23,3
35.43789,-422,317,-17,-81,64,13
35.43791,-422,317,-17,-86,79,16
35.43793,-427,309,-68,-77,67,13
35.43797,-427,309,-68,-68,53,3
35.43798,-395,330,-76,-68,62,-8
35.43802,-395,330,-76,-78,85,-9
35.43803,-368,340,-49,-87,103,1
35.49232,-511,256,-88,-134,127,-37
35.49237,-511,256,-88,-167,196,9
35.49246,-461,301,-28,-168,193,29
35.49248,-461,301,-28,-137,122,13
35.49255,-377,317,35,-97,40,-22
35.49257,-377,317,35,-79,4,-50
35.49263,-421,273,20,-88,32,-49
35.49266,-421,273,20,-98,93,-20
35.49270,-450,296,-2,-87,125,11
35.49277,-450,296,-2,-45,97,23
35.49280,-393,362,6,4,38,25
35.49286,-393,362,6,26,-14,18
35.49291,-379,346,-1,17,-43,2
35.49293,-379,346,-1,-5,-53,-12
35.49295,-387,303,-31,-19,-56,-18
35.49297,-387,303,-31,-15,-32,-9
35.54439,-351,352,78,-114,104,-77
35.54444,-410,315,27,-104,115,-35
35.54456,-410,315,27,-107,126,-9
35.54459,-410,315,27,-105,97,-24
35.54460,-406,331,-8,-95,39,-63
35.54461,-406,331,-8,-93,10,-85
35.54463,-377,339,-20,-115,55,-70
35.54472,-377,339,-20,-157,142,-36
35.54476,-428,278,-73,-190,208,-15
35.54477,-428,278,-73,-191,213,-14
35.54480,-462,257,-103,-176,154,-31
35.54483,-462,257,-103,-172,93,-55
35.54485,-433,313,-59,-193,99,-57
35.54486,-433,313,-59,-232,176,-27
35.54492,-441,324,-28,-260,250,7
35.54493,-441,324,-28,-250,252,7
35.59737,-376,309,20,26,-49,-40
35.59768,-433,333,16,51,-70,-23
35.59786,-433,333,16,69,-53,14
35.59803,-467,331,36,86,-37,49
35.59809,-467,331,36,108,-56,58
35.59818,-467,331,36,122,-97,38
35.59831,-403,301,15,111,-111,16
35.59836,-403,301,15,78,-69,14
35.59848,-339,296,-77,42,-6,20
35.59854,-339,296,-77,26,16,4
35.59865,-358,347,-106,35,-19,-25
35.59876,-358,347,-106,50,-68,-36
35.59881,-449,342,-52,47,-75,-15
35.59889,-449,342,-52,14,-24,13
35.59900,-463,269,-38,-30,44,26
35.59909,-463,269,-38,-57,69,17
35.65213,-404,260,-24,-130,114,-79
35.65217,-304,362,13,-127,107,-85
35.65223,-304,362,13,-154,125,-63
35.65225,-434,307,-21,-180,148,-29
35.65233,-434,307,-21,-168,150,10
35.65248,-547,233,18,-106,99,33
35.65251,-547,233,18,-12,5,20
35.65254,-409,318,131,77,-85,-12
35.65256,-409,318,131,127,-129,-37
35.65258,-283,374,90,119,-107,-44
35.65270,-283,374,90,63,-31,-30
35.65272,-403,294,-108,-8,44,-9
35.65275,-403,294,-108,-64,70,3
35.65282,-528,277,-186,-89,62,10
35.65284,-528,277,-186,-99,62,25
35.65289,-428,369,-88,-111,82,37
35.70543,-299,369,138,-78,-59,-60
35.70548,-496,257,-80,-93,19,-4
35.70558,-496,257,-80,-50,101,46
35.70562,-548,233,-180,12,139,51
35.70564,-548,233,-180,55,118,15
35.70572,-367,335,-89,42,65,-24
35.70576,-367,335,-89,-28,22,-31
35.70577,-368,333,-2,-112,3,-3
35.70579,-368,333,-2,-149,-7,33
35.70587,-544,245,33,-95,-24,50
35.70592,-544,245,33,32,-57,45
35.70602,-493,272,115,176,-102,43
35.70607,-493,272,115,270,-150,49
35.70618,-303,360,133,270,-178,46
35.70622,-303,360,133,189,-162,29
35.70632,-312,353,-54,79,-107,8
35.75724,-271,400,-105,-38,96,-39
35.75770,-271,400,-105,-71,133,-49
35.75784,-468,277,-26,-124,114,-36
35.75796,-468,277,-26,-170,64,-24
35.75798,-490,232,-36,-179,32,-26
35.75803,-490,232,-36,-145,42,-41
35.75807,-348,326,-15,-86,85,-48
35.75811,-348,326,-15,-42,126,-33
35.75813,-375,346,-4,-41,135,-14
35.75821,-375,346,-4,-89,109,-17
35.75825,-492,250,-58,-156,62,-49
35.75829,-492,250,-58,-206,44,-78
35.75830,-494,235,-59,-216,87,-66
35.75834,-494,235,-59,-176,160,-11
35.75836,-399,341,62,-98,189,43
35.75839,-399,341,62,-20,127,51
35.81130,-418,305,-95,-88,122,17
35.81132,-312,370,19,-8,12,7
35.81137,-312,370,19,70,-97,-19
35.81138,-363,348,69,112,-135,-37
35.81144,-363,348,69,108,-93,-24
35.81144,-483,296,-6,71,-29,11
35.81145,-483,296,-6,29,7,38
35.81145,-442,320,-80,-4,1,38
35.81149,-442,320,-80,-27,-8,23
35.81149,-335,347,-91,-47,21,11
35.81151,-335,347,-91,-68,73,0
35.81152,-350,319,-69,-73,94,-15
35.81153,-350,319,-69,-51,51,-31
35.81153,-419,309,-27,-16,-27,-42
35.81154,-419,309,-27,2,-61,-36
35.81154,-438,312,-10,-17,-12,-13
35.86638,-248,497,-158,109,-67,-4
35.86645,-348,424,-9,139,-151,25
35.86653,-348,424,-9,185,-209,72
35.86663,-371,426,49,238,-221,112
35.86668,-371,426,49,289,-203,122
35.86674,-220,543,22,330,-194,94
35.86676,-220,543,22,347,-216,49
35.86685,-188,562,-80,327,-252,26
35.86688,-188,562,-80,277,-266,37
35.86694,-280,466,-188,224,-235,67
35.86696,-241,484,-171,163,-110,64
35.86704,-241,484,-171,153,-71,37
35.86708,-140,582,-76,155,-69,21
35.86711,-140,582,-76,164,-108,1
35.86713,-220,538,-77,171,-168,-30
35.86714,-220,538,-77,162,-200,-49
35.92219,-453,272,27,-89,-12,24
35.92226,-518,279,27,-33,61,5
35.92251,-518,279,27,-29,119,12
35.92262,-372,383,86,-13,76,43
35.92334,-372,383,86,39,-53,54
35.92337,-255,400,103,124,-194,49
35.92340,-255,400,103,212,-273,30
35.92343,-358,316,57,267,-261,11
35.92353,-358,316,57,274,-190,3
35.92371,-476,297,11,245,-117,7
35.92374,-476,297,11,204,-89,19
35.92386,-415,357,-43,170,-115,31
35.92392,-415,357,-43,149,-166,36
35.92399,-365,340,-129,131,-187,38
35.92405,-365,340,-129,95,-139,40
35.92410,-451,251,-181,31,-28,34
35.97896,-400,321,-39,51,-49,10
35.97901,-394,316,-46,42,-36,11
35.97908,-394,316,-46,32,-20,4
35.97915,-388,322,-38,23,-12,-6
35.97918,-388,322,-38,15,-10,-15
35.97919,-407,316,-39,6,-8,-15
35.97921,-407,316,-39,-5,0,-8
35.97927,-429,307,-53,-18,11,3
35.97929,-429,307,-53,-33,26,9
35.97931,-409,316,-56,-47,42,5
35.97933,-409,316,-56,-59,53,-8
35.97935,-370,333,-41,-64,56,-22
35.97940,-370,333,-41,-63,55,-28
35.97941,-378,331,-26,-55,50,-23
35.97943,-378,331,-26,-42,37,-11
35.97943,-411,326,-20,-26,19,-2
36.02998,-413,313,-35,-37,26,5
36.03002,-401,320,-24,-36,27,6
36.03008,-401,320,-24,-27,23,6
36.03011,-400,324,-4,-12,13,4
36.03016,-400,324,-4,3,-1,3
36.03019,-410,322,7,16,-15,4
36.03021,-410,322,7,24,-23,5
36.03022,-405,317,-2,27,-24,5
36.03023,-405,317,-2,28,-25,3
36.03025,-397,314,-20,32,-29,3
36.03027,-397,314,-20,40,-34,4
36.03031,-407,314,-33,46,-37,3
36.03032,-407,314,-33,46,-34,4
36.03036,-418,311,-39,39,-26,6
36.03038,-418,311,-39,28,-18,8
36.03040,-414,308,-38,17,-12,8
36.08550,-407,319,-36,16,-10,6
36.08556,-407,319,-36,13,-12,0
36.08562,-401,320,-35,11,-13,-5
36.08565,-401,320,-35,10,-9,-6
36.08567,-404,319,-38,5,-2,-3
36.08568,-404,319,-38,-2,6,1
36.08570,-408,319,-42,-9,12,5
36.08571,-408,319,-42,-13,13,5
36.08581,-399,321,-38,-15,11,1
36.08586,-399,321,-38,-16,10,-5
36.08588,-392,321,-27,-14,10,-7
36.08596,-392,321,-27,-11,9,-3
36.08597,-396,321,-18,-6,7,0
36.08601,-396,321,-18,0,5,-1
36.08603,-396,326,-20,2,0,-4
36.08604,-396,326,-20,3,-4,-8
36.13973,-403,317,-29,10,-11,4
36.13995,-403,317,-29,14,-19,2
36.14004,-397,322,-30,13,-15,-1
36.14011,-397,322,-30,6,-3,-2
36.14018,-399,321,-33,-2,8,-1
36.14023,-399,321,-33,-8,9,0
36.14027,-408,320,-33,-9,5,0
36.14029,-408,320,-33,-8,2,0
36.14033,-408,321,-29,-9,2,-1
36.14043,-408,321,-29,-10,5,0
36.14044,-403,320,-29,-11,8,0
36.14047,-403,320,-29,-14,11,0
36.14052,-406,317,-31,-18,12,-1
36.14053,-406,317,-31,-18,12,1
36.14057,-405,316,-29,-15,13,3
36.14058,-405,316,-29,-11,12,2
36.19153,-404,317,-26,-32,33,-9
36.19159,-404,317,-26,-33,35,-8
36.19181,-402,320,-26,-28,27,-3
36.19186,-402,320,-26,-19,13,0
36.19189,-401,321,-28,-16,4,-2
36.19193,-401,321,-28,-19,4,-7
36.19197,-402,319,-29,-23,11,-9
36.19203,-402,319,-29,-24,16,-7
36.19204,-403,320,-23,-19,13,-4
36.19206,-403,320,-23,-9,5,-2
36.19207,-403,320,-15,0,-1,-1
36.19217,-403,320,-15,7,-5,-1
36.19222,-407,318,-13,11,-5,-1
36.19223,-407,318,-13,14,-6,1
36.19224,-412,319,-16,19,-12,4
36.19226,-412,319,-16,26,-21,8
36.24368,-398,321,-22,-13,7,-1
36.24374,-398,321,-22,-11,7,-1
36.24382,-398,322,-23,-5,4,-1
36.24385,-398,322,-23,1,-3,0
36.24397,-402,319,-23,2,-7,1
36.24400,-402,319,-23,0,-6,2
36.24402,-407,316,-23,-1,-4,1
36.24405,-407,316,-23,-1,-4,0
36.24407,-408,316,-22,0,-4,0
36.24414,-408,316,-22,2,-3,1
36.24417,-409,318,-22,6,-5,2
36.24419,-409,318,-22,7,-7,2
36.24421,-413,317,-27,4,-5,2
36.24424,-413,317,-27,-1,0,4
36.24429,-411,318,-30,-4,3,4
36.24434,-411,318,-30,-2,3,3
36.29492,-405,319,-28,-2,-1,-2
36.29497,-399,320,-28,-1,0,-4
36.29506,-399,320,-28,2,-1,-4
36.29509,-403,320,-26,3,-4,0
36.29513,-403,320,-26,1,-5,3
36.29516,-409,319,-28,-4,-1,4
36.29517,-409,319,-28,-7,1,3
36.29528,-404,321,-31,-6,1,-1
36.29531,-404,321,-31,-3,0,-4
36.29534,-401,324,-31,-1,-1,-3
36.29536,-401,324,-31,-2,0,0
36.29538,-404,321,-30,-6,4,1
36.29540,-404,321,-30,-9,8,0
36.29571,-399,320,-28,-8,8,-1
36.29573,-399,320,-28,-4,4,-2
36.29574,-395,322,-24,3,-3,-1
36.35085,-410,318,-31,-6,6,-3
36.35090,-410,318,-31,-7,6,-2
36.35095,-404,320,-29,-7,5,-2
36.35097,-404,320,-29,-7,4,-2
36.35105,-404,319,-27,-8,5,-1
36.35115,-404,319,-27,-9,8,0
36.35118,-406,317,-25,-8,9,0
36.35120,-406,317,-25,-6,8,-1
36.35121,-402,318,-23,-4,4,-3
36.35127,-402,318,-23,-3,0,-4
36.35131,-400,319,-23,0,-2,-2
36.35133,-400,319,-23,2,-1,2
36.35137,-402,316,-25,0,2,2
36.35140,-402,316,-25,-2,4,0
36.35148,-402,317,-26,0,2,0
36.35153,-402,317,-26,4,-4,0
36.40532,-400,321,-25,2,-1,2
36.40547,-400,323,-27,3,0,1
36.40551,-400,323,-27,3,-1,0
36.40553,-402,323,-27,4,0,1
36.40554,-402,323,-27,7,0,0
36.40556,-403,322,-27,9,-1,-1
36.40564,-403,322,-27,7,0,-2
36.40576,-403,322,-28,5,2,0
36.40579,-403,322,-28,5,0,1
36.40587,-402,323,-31,3,-2,3
36.40603,-402,323,-31,-1,-1,4
36.40607,-401,323,-32,-3,1,2
36.40612,-401,323,-32,-5,2,1
36.40614,-401,323,-30,-5,1,2
36.40615,-401,323,-30,-4,1,1
36.40616,-400,322,-25,-4,0,1
36.46084,-413,318,-34,-3,-1,-1
36.46091,-408,319,-31,-1,0,-3
36.46097,-408,319,-31,0,1,-5
36.46101,-404,318,-28,0,1,-5
36.46105,-404,318,-28,-1,2,-3
36.46106,-403,317,-25,0,-1,-1
36.46108,-403,317,-25,2,-6,-1
36.46114,-402,318,-24,6,-11,-1
36.46120,-402,318,-24,8,-12,2
36.46125,-401,316,-24,8,-9,3
36.46128,-401,316,-24,9,-6,2
36.46133,-406,314,-24,13,-6,0
36.46138,-406,314,-24,15,-11,0
36.46140,-410,313,-26,15,-14,1
36.46141,-410,313,-26,13,-12,2
36.46143,-407,314,-32,10,-4,1
36.51648,-402,321,-25,6,-1,0
36.51663,-402,321,-25,5,-1,-3
36.51666,-402,322,-28,4,-2,-3
36.51672,-402,322,-28,3,-1,0
36.51676,-405,321,-28,0,2,2
36.51682,-405,321,-28,-4,6,1
36.51684,-406,321,-29,-7,7,0
36.51686,-406,321,-29,-9,8,-1
36.51694,-401,325,-28,-9,6,-1
36.51697,-401,325,-28,-9,4,0
36.51698,-398,327,-26,-11,3,1
36.51704,-398,327,-26,-11,4,2
36.51712,-397,324,-26,-9,5,1
36.51718,-397,324,-26,-4,5,-3
36.51726,-397,324,-24,-2,1,-4
36.51731,-397,324,-24,2,-4,-3
36.57215,-400,318,-26,-7,5,-2
36.57220,-400,318,-26,-6,2,-2
36.57237,-400,318,-25,-3,-2,0
36.57247,-400,318,-25,0,-5,2
36.57252,-406,315,-26,1,-5,2
36.57261,-406,315,-26,3,-3,3
36.57274,-406,315,-27,2,-1,3
36.57283,-406,315,-27,2,1,1
36.57286,-404,318,-25,5,0,1
36.57288,-404,318,-25,9,-5,2
36.57295,-407,318,-27,9,-7,2
36.57304,-407,318,-27,5,-4,2
36.57318,-409,317,-32,-1,0,3
36.57330,-409,317,-32,-3,1,4
36.57335,-406,318,-32,-1,0,1
36.57367,-406,318,-32,0,-1,-1
36.62729,-403,322,-30,0,0,-2
36.62745,-403,322,-30,-1,1,-4
36.62752,-403,322,-30,-5,4,-4
36.62755,-404,322,-30,-6,3,-2
36.62757,-404,322,-30,-4,0,0
36.62758,-400,323,-28,-2,0,0
36.62759,-400,323,-28,-2,0,-2
36.62762,-396,323,-25,-3,1,-2
36.62763,-396,323,-25,-3,1,-3
36.62774,-399,321,-23,-3,-2,-3
36.62779,-399,321,-23,-1,-3,-1
36.62782,-402,320,-22,3,-4,0
36.62787,-402,320,-22,4,-4,2
36.62790,-401,319,-23,5,-4,2
36.62795,-401,319,-23,3,-2,2
36.62797,-403,318,-26,3,-1,2
36.68015,-400,321,-24,-1,-2,1
36.68038,-402,321,-23,1,-5,1
36.68058,-402,321,-23,5,-6,2
36.68070,-407,320,-26,7,-8,4
36.68075,-407,320,-26,6,-7,3
36.68090,-406,321,-31,2,-3,0
36.68093,-406,321,-31,1,-1,-3
36.68101,-404,323,-32,3,-1,-3
36.68103,-404,323,-32,3,0,0
36.68112,-405,322,-34,0,1,2
36.68116,-405,322,-34,-3,2,3
36.68119,-403,322,-32,-7,2,3
36.68127,-403,322,-32,-8,3,2
36.68134,-400,322,-28,-7,3,1
36.68140,-400,322,-28,-5,2,1
36.68143,-399,319,-26,-3,1,0
36.73646,-405,320,-29,-5,0,-4
36.73651,-406,318,-30,-9,2,-2
36.73658,-406,318,-30,-11,4,0
36.73662,-407,316,-30,-10,4,1
36.73666,-407,316,-30,-10,5,0
36.73670,-404,317,-29,-9,3,0
36.73672,-404,317,-29,-7,2,0
36.73673,-402,320,-26,-4,1,-1
36.73674,-402,320,-26,-4,0,1
36.73681,-402,319,-25,-3,1,3
36.73684,-402,319,-25,-2,2,4
36.73686,-401,317,-24,-1,1,2
36.73692,-401,317,-24,2,-1,0
36.73695,-403,317,-23,5,-3,0
36.73697,-403,317,-23,7,-5,1
36.73700,-406,317,-24,8,-6,0
36.79192,-397,317,-27,2,-3,0
36.79198,-400,317,-27,3,-2,3
36.79205,-400,317,-27,1,0,5
36.79210,-402,317,-27,0,2,2
36.79212,-402,317,-27,-1,3,-3
36.79213,-402,320,-27,-1,3,-6
36.79214,-402,320,-27,-2,4,-4
36.79215,-408,321,-27,-1,4,0
36.79226,-408,321,-27,-3,3,3
36.79229,-407,321,-32,-8,2,2
36.79232,-407,321,-32,-12,2,-2
36.79237,-401,322,-32,-12,4,-3
36.79239,-401,322,-32,-7,4,-1
36.79240,-401,322,-27,-3,5,1
36.79247,-401,322,-27,-3,5,2
36.79254,-403,319,-24,-4,5,1
36.84721,-407,318,-32,-9,13,1
36.84762,-407,318,-32,-9,13,1
36.84765,-399,322,-27,-6,7,0
36.84776,-399,322,-27,-3,1,-2
36.84778,-399,321,-25,0,-2,-3
36.84780,-399,321,-25,3,-3,-1
36.84782,-401,320,-23,6,-2,0
36.84842,-401,320,-23,4,-2,1
36.84849,-401,321,-22,2,-2,3
36.84856,-401,321,-22,5,-4,4
36.84859,-403,320,-24,9,-7,1
36.84861,-403,320,-24,11,-10,-3
36.84862,-407,318,-27,10,-10,-2
36.84869,-407,318,-27,8,-7,1
36.84878,-410,317,-31,4,-3,3
36.84880,-410,317,-31,0,1,2
36.90035,-403,318,-27,4,-4,-1
36.90040,-407,318,-27,2,-4,2
36.90048,-407,318,-27,-1,1,5
36.90050,-410,318,-30,-3,5,7
36.90051,-410,318,-30,-2,6,7
36.90053,-408,320,-33,-2,5,3
36.90055,-408,320,-33,-4,4,-2
36.90061,-403,322,-33,-6,4,-3
36.90064,-403,322,-33,-7,5,0
36.90069,-401,322,-29,-7,4,1
36.90070,-401,322,-29,-6,4,0
36.90071,-400,320,-25,-4,2,-1
36.90072,-400,320,-25,0,0,-3
36.90079,-400,321,-22,4,-3,-4
36.90080,-400,321,-22,7,-4,-4
36.90087,-400,321,-22,8,-4,-4
36.95577,-405,320,-32,-5,2,-2
36.95592,-402,320,-32,-4,1,-5
36.95617,-402,320,-32,-2,-1,-4
36.95620,-399,321,-28,0,-1,-1
36.95623,-399,321,-28,0,1,2
36.95691,-399,320,-26,-1,4,1
36.95695,-399,320,-26,1,3,-1
36.95700,-399,318,-25,3,0,-4
36.95717,-399,318,-25,4,-3,-3
36.95725,-402,318,-23,5,-4,1
36.95728,-402,318,-23,7,-5,4
36.95745,-403,317,-27,8,-6,3
36.95748,-403,317,-27,5,-5,1
36.95749,-405,318,-30,2,-3,0
36.95759,-405,318,-30,-1,-3,2
36.95761,-408,318,-33,-3,-2,4
37.01022,-406,318,-27,6,-5,-2
37.01026,-406,318,-27,6,-5,-2
37.01032,-409,317,-31,2,-3,-1
37.01036,-409,317,-31,0,-1,2
37.01042,-405,322,-32,1,0,4
37.01045,-405,322,-32,2,0,5
37.01051,-404,322,-32,-1,0,2
37.01053,-404,322,-32,-7,2,-1
37.01055,-403,320,-32,-10,4,-2
37.01057,-403,320,-32,-11,6,-1
37.01058,-401,321,-26,-9,7,0
37.01059,-401,321,-26,-3,5,0
37.01067,-401,321,-21,2,-3,2
37.01068,-401,321,-21,2,-10,3
37.01070,-400,319,-23,1,-10,1
37.01072,-400,319,-23,2,-7,-2
37.06348,-402,319,-29,-6,5,0
37.06354,-402,319,-29,-5,4,-1
37.06361,-398,320,-24,-4,4,-2
37.06371,-398,320,-24,-4,3,-1
37.06376,-399,318,-20,-2,1,2
37.06380,-399,318,-20,3,-1,4
37.06384,-402,315,-19,5,-2,2
37.06387,-402,315,-19,5,-3,-1
37.06394,-405,317,-21,4,-4,-3
37.06396,-405,317,-21,5,-5,-3
37.06398,-408,319,-27,6,-4,-1
37.06399,-408,319,-27,3,-3,3
37.06402,-407,321,-33,-1,1,4
37.06404,-407,321,-33,-4,4,1
37.06405,-402,322,-34,-4,6,-2
37.06407,-402,322,-34,-4,6,-4
37.11698,-402,319,-23,11,-7,-2
37.11710,-402,319,-23,11,-6,0
37.11715,-408,319,-26,8,-4,4
37.11718,-408,319,-26,5,-1,6
37.11721,-405,320,-31,1,2,4
37.11725,-405,320,-31,-2,4,0
37.11732,-403,321,-32,-5,4,-2
37.11736,-403,321,-32,-7,3,0
37.11737,-403,320,-30,-9,5,3
37.11738,-403,320,-30,-12,9,2
37.11739,-401,319,-26,-13,10,0
37.11741,-401,319,-26,-11,9,-1
37.11748,-401,321,-21,-6,6,-2
37.11751,-401,321,-21,-1,1,-2
37.11756,-403,319,-21,3,-2,-1
37.11757,-403,319,-21,5,-3,0
37.17216,-404,321,-34,-10,5,-1
37.17218,-404,321,-34,-12,7,-2
37.17224,-402,317,-31,-10,8,-1
37.17225,-402,317,-31,-8,8,0
37.17234,-403,317,-27,-7,6,4
37.17239,-403,317,-27,-5,2,6
37.17240,-401,318,-22,-1,0,5
37.17242,-401,318,-22,3,-2,1
37.17247,-397,318,-22,5,-3,-2
37.17253,-397,318,-22,8,-4,-3
37.17253,-399,317,-23,9,-4,-2
37.17254,-399,317,-23,10,-3,1
37.17255,-405,317,-26,10,-3,2
37.17255,-405,317,-26,8,-4,3
37.17256,-407,318,-28,4,-4,3
37.17261,-407,318,-28,1,-3,2
37.22675,-405,319,-25,8,-6,-1
37.22677,-405,319,-25,10,-5,0
37.22682,-404,321,-28,8,-2,1
37.22684,-404,321,-28,2,0,0
37.22684,-406,320,-33,-2,3,1
37.22685,-406,320,-33,-4,4,1
37.22691,-409,319,-35,-6,5,0
37.22692,-409,319,-35,-8,8,0
37.22697,-407,321,-34,-11,9,2
37.22698,-407,321,-34,-11,7,3
37.22699,-403,322,-31,-11,5,2
37.22699,-403,322,-31,-9,6,2
37.22700,-399,321,-27,-6,8,3
37.22700,-399,321,-27,0,6,2
37.22702,-398,320,-22,5,2,-1
37.22703,-398,320,-22,8,-2,-4
37.27713,-401,320,-30,-7,8,-4
37.27716,-401,320,-30,-5,5,-3
37.27720,-402,320,-27,-3,2,-2
37.27720,-402,320,-27,-1,0,0
37.27721,-400,320,-24,2,-3,1
37.27722,-400,320,-24,3,-4,1
37.27727,-400,319,-23,2,-3,-1
37.27733,-400,319,-23,1,-1,-2
37.27737,-406,319,-23,4,-1,0
37.27738,-406,319,-23,7,-3,1
37.27738,-408,318,-28,7,-2,0
37.27739,-408,318,-28,5,0,-1
37.27739,-406,318,-34,3,2,1
37.27744,-406,318,-34,0,2,2
37.27746,-407,318,-36,-3,3,3
37.27746,-407,318,-36,-7,6,3
37.33250,-402,321,-23,7,-2,-1
37.33252,-402,321,-23,8,-4,-2
37.33253,-401,319,-22,9,-3,-1
37.33253,-401,319,-22,10,-1,0
37.33258,-402,318,-23,9,-1,0
37.33259,-402,318,-23,6,-1,1
37.33260,-404,316,-25,4,-2,0
37.33261,-404,316,-25,5,-4,0
37.33261,-405,318,-28,5,-6,-1
37.33270,-405,318,-28,3,-2,0
37.33270,-406,321,-30,0,3,2
37.33274,-406,321,-30,-3,6,2
37.33275,-408,321,-33,-6,6,0
37.33275,-408,321,-33,-8,6,-1
37.33276,-406,320,-33,-8,5,1
37.33276,-406,320,-33,-7,2,2
37.38443,-407,321,-29,-4,4,0
37.38445,-407,321,-29,-4,3,0
37.38446,-403,319,-32,-3,3,0
37.38452,-403,319,-32,-4,5,1
37.38453,-399,317,-31,-7,7,3
37.38454,-399,317,-31,-8,6,3
37.38454,-399,318,-25,-5,4,2
37.38455,-399,318,-25,-1,2,-1
37.38469,-402,318,-22,4,0,-2
37.38476,-402,318,-22,6,-2,1
37.38477,-402,317,-24,6,-6,2
37.38477,-402,317,-24,7,-7,1
37.38478,-401,319,-27,7,-5,0
37.38479,-401,319,-27,6,-1,-1
37.38484,-405,320,-30,3,1,-1
37.38484,-405,320,-30,1,2,0
37.43845,-404,319,-24,-6,1,1
37.43848,-404,319,-24,-3,1,1
37.43848,-400,321,-22,-2,-2,0
37.43855,-400,321,-22,-1,-4,-1
37.43855,-399,322,-21,2,-6,-2
37.43856,-399,322,-21,5,-8,-2
37.43857,-404,318,-23,6,-7,-2
37.43857,-404,318,-23,6,-4,-2
37.43866,-405,317,-27,5,-2,-2
37.43866,-405,317,-27,5,-4,-1
37.43868,-405,320,-29,4,-4,-1
37.43872,-405,320,-29,2,-2,-3
37.43873,-408,321,-31,-1,1,-2
37.43873,-408,321,-31,-4,4,-1
37.43880,-408,320,-33,-6,5,1
37.43882,-408,320,-33,-8,4,1
37.48987,-292,473,-124,161,-105,43
37.48996,-292,473,-124,122,-73,57
37.49002,-347,444,-148,100,-79,37
37.49003,-347,444,-148,86,-95,0
37.49005,-274,442,-125,62,-80,-24
37.49009,-274,442,-125,26,-29,-22
37.49016,-264,410,-99,-6,30,-9
37.49018,-264,410,-99,-17,47,-3
37.49027,-354,374,-74,2,9,-13
37.49029,-354,374,-74,35,-47,-28
37.49030,-403,367,-33,56,-81,-36
37.49032,-403,367,-33,53,-77,-28
37.49033,-408,349,-2,43,-39,3
37.49034,-408,349,-2,44,-7,36
37.49038,-408,329,21,70,-15,40
37.49051,-408,329,21,116,-59,22
37.54092,-304,455,-46,217,-190,55
37.54097,-304,455,-46,170,-123,64
37.54107,-304,455,-46,151,-81,67
37.54111,-278,432,-110,165,-103,54
37.54112,-278,432,-110,197,-163,32
37.54113,-228,523,-97,216,-209,12
37.54115,-228,523,-97,195,-205,6
37.54126,-265,531,-97,135,-139,21
37.54131,-265,531,-97,69,-46,48
37.54135,-321,418,-138,45,-3,51
37.54138,-321,418,-138,79,-46,20
37.54144,-268,405,-82,141,-125,-14
37.54145,-253,484,12,178,-163,15
37.54146,-253,484,12,156,-112,64
37.54147,-367,475,-22,144,-103,73
37.54150,-367,475,-22,153,-141,50
37.59647,-410,311,-26,68,-77,15
37.59652,-416,284,-49,65,-74,-5
37.59665,-416,284,-49,35,-38,-23
37.59667,-421,266,-102,-8,13,-30
37.59670,-421,266,-102,-48,49,-30
37.59672,-447,255,-82,-83,62,-29
37.59678,-447,255,-82,-109,70,-32
37.59682,-482,227,-3,-122,79,-40
37.59685,-482,227,-3,-113,84,-37
37.59689,-518,206,61,-75,66,-21
37.59696,-518,206,61,-21,16,0
37.59701,-529,234,85,29,-31,24
37.59703,-529,234,85,60,-52,40
37.59708,-498,268,49,69,-55,40
37.59712,-498,268,49,59,-41,39
37.59713,-446,279,-44,38,-16,46
37.65227,-433,304,-30,-112,123,18
37.65238,-373,340,35,-63,55,11
37.65244,-373,340,35,-13,-11,-14
37.65262,-355,356,19,7,-33,-36
37.65266,-355,356,19,-13,1,-41
37.65276,-411,323,-64,-60,64,-28
37.65285,-411,323,-64,-108,116,-5
37.65289,-414,333,-93,-132,131,9
37.65302,-414,333,-93,-129,103,2
37.65307,-359,356,-57,-109,63,-22
37.65316,-359,356,-57,-89,41,-52
37.65326,-383,300,-26,-86,40,-69
37.65331,-383,300,-26,-96,63,-54
37.65334,-468,247,-15,-107,98,-19
37.65347,-468,247,-15,-112,114,4
37.65350,-463,279,12,-98,98,5
37.70851,-473,272,49,103,-61,23
37.70858,-473,272,49,98,-22,62
37.70869,-304,386,29,95,-29,65
37.70875,-304,386,29,85,-60,25
37.70884,-349,371,-77,54,-62,-26
37.70888,-349,371,-77,17,-17,-45
37.70898,-483,288,-163,-8,32,-16
37.70901,-483,288,-163,-8,35,32
37.70903,-384,352,-96,7,-10,54
37.70904,-384,352,-96,12,-52,38
37.70906,-228,428,-22,-8,-33,-3
37.70910,-228,428,-22,-55,35,-53
37.70925,-380,320,-71,-97,103,-74
37.70933,-380,320,-71,-98,127,-37
37.70936,-563,234,-49,-49,78,18
37.70940,-563,234,-49,31,-28,43
37.76201,-417,302,2,135,-50,11
37.76208,-322,368,53,102,-37,33
37.76219,-322,368,53,61,-49,37
37.76227,-404,326,-50,48,-84,21
37.76233,-404,326,-50,69,-105,1
37.76236,-361,360,-69,95,-88,-8
37.76245,-361,360,-69,95,-42,-4
37.76247,-327,384,-86,63,0,9
37.76249,-327,384,-86,14,14,13
37.76250,-376,339,-109,-38,-4,-8
37.76253,-376,339,-109,-75,-19,-39
37.76254,-434,292,-78,-86,6,-52
37.76272,-434,292,-78,-70,58,-31
37.76282,-431,308,23,-31,89,5
37.76287,-431,308,23,18,66,33
37.76288,-418,333,79,61,-8,39
37.81361,-376,339,1,-5,-7,27
37.81372,-376,339,1,-6,0,13
37.81382,-389,339,-34,-33,35,-5
37.81394,-389,339,-34,-53,42,-17
37.81397,-485,259,-70,-57,37,-12
37.81407,-485,259,-70,-41,30,13
37.81413,-435,274,35,-14,18,36
37.81423,-435,274,35,20,2,45
37.81433,-341,337,90,51,-22,34
37.81435,-341,337,90,69,-45,10
37.81445,-383,331,-41,66,-60,-19
37.81450,-383,331,-41,43,-55,-36
37.81454,-432,315,-149,5,-25,-35
37.81460,-432,315,-149,-37,20,-22
37.81467,-393,338,-84,-84,79,7
37.81470,-393,338,-84,-85,98,28
37.86954,-385,305,-26,-10,36,17
37.86959,-385,305,-26,2,46,8
37.86966,-391,365,-36,12,27,-2
37.86968,-391,365,-36,10,-14,-15
37.86988,-347,394,-61,-10,-49,-20
37.86992,-347,394,-61,-46,-31,-6
37.86993,-375,319,-106,-96,44,11
37.87009,-375,319,-106,-139,134,12
37.87014,-403,287,-66,-147,180,-8
37.87018,-403,287,-66,-110,133,-52
37.87022,-364,335,54,-43,16,-91
37.87026,-364,335,54,23,-85,-88
37.87031,-412,311,69,49,-108,-43
37.87034,-412,311,69,29,-50,13
37.87036,-523,245,-20,-13,36,43
37.87038,-523,245,-20,-47,90,34
37.92542,-444,309,-13,21,12,48
37.92547,-400,340,-31,25,4,48
37.92554,-400,340,-31,36,-50,11
37.92556,-400,340,-31,27,-86,-40
37.92563,-308,379,-65,-21,-39,-62
37.92567,-308,379,-65,-88,72,-38
37.92573,-364,320,-120,-129,160,7
37.92575,-364,320,-120,-106,146,29
37.92577,-454,286,-75,-24,26,5
37.92578,-454,286,-75,61,-111,-37
37.92579,-408,342,57,95,-155,-49
37.92590,-408,342,57,66,-78,-14
37.92591,-399,327,40,4,31,37
37.92592,-399,327,40,-42,78,59
37.92598,-401,294,-68,-56,49,29
37.92599,-401,294,-68,-63,2,-32
37.98054,-421,289,-80,89,-14,-20
37.98059,-392,342,-154,11,134,0
37.98067,-392,342,-154,-57,166,27
37.98071,-308,434,-92,-81,74,34
37.98073,-308,434,-92,-59,-65,6
37.98075,-372,355,-24,-22,-145,-34
37.98079,-372,355,-24,-3,-95,-41
37.98088,-481,238,-2,-8,44,-9
37.98091,-481,238,-2,-15,149,33
37.98101,-375,326,42,2,128,51
37.98108,-375,326,42,47,-10,26
37.98114,-296,415,16,89,-157,-22
37.98117,-296,415,16,93,-200,-48
37.98119,-464,304,-101,49,-119,-37
37.98129,-464,304,-101,-8,24,0
37.98135,-509,244,-101,-38,124,33
38.03650,-331,345,-42,10,28,20
38.03657,-331,345,-42,-61,124,41
38.03673,-441,313,-152,-69,99,31
38.03677,-441,313,-152,-19,-9,-4
38.03680,-441,328,-86,40,-100,-31
38.03685,-441,328,-86,56,-98,-24
38.03692,-346,361,21,24,-13,9
38.03695,-346,361,21,-22,71,38
38.03697,-337,338,-11,-49,84,32
38.03700,-337,338,-11,-46,34,-11
38.03716,-393,297,-95,-33,-17,-60
38.03724,-393,297,-95,-37,-21,-82
38.03729,-443,287,-72,-57,23,-55
38.03731,-443,287,-72,-70,79,3
38.03733,-453,304,46,-51,87,50
38.03735,-453,304,46,4,25,56
38.09165,-567,147,-29,-155,97,30
38.09171,-567,147,-29,-116,74,48
38.09175,-567,147,-29,-31,16,36
38.09178,-472,200,113,57,-61,1
38.09179,-472,200,113,104,-98,-24
38.09192,-417,250,145,81,-69,-19
38.09198,-417,250,145,10,9,17
38.09199,-532,218,-22,-52,98,65
38.09204,-532,218,-22,-62,112,71
38.09205,-513,227,-127,-9,24,31
38.09213,-513,227,-127,69,-85,-9
38.09217,-344,324,-20,102,-134,-27
38.09218,-344,324,-20,61,-82,-16
38.09220,-396,300,62,-17,44,20
38.09221,-396,300,62,-67,128,42
38.09224,-523,216,-3,-46,77,26
38.14301,-564,152,33,-30,8,-29
38.14307,-573,127,-40,-17,-5,-17
38.14317,-573,127,-40,-16,10,7
38.14321,-423,234,33,-32,48,26
38.14324,-423,234,33,-51,79,26
38.14326,-421,279,35,-58,74,4
38.14328,-421,279,35,-54,40,-24
38.14334,-558,184,-87,-53,16,-39
38.14341,-558,184,-87,-65,28,-33
38.14344,-539,156,-94,-82,64,-12
38.14347,-539,156,-94,-95,92,15
38.14355,-397,256,51,-97,94,32
38.14358,-397,256,51,-92,72,23
38.14361,-454,278,85,-80,50,-5
38.14368,-454,278,85,-62,47,-16
38.14371,-602,234,-6,-34,58,14
38.19778,-418,318,1,89,-71,25
38.19783,-418,318,1,89,-76,23
38.19784,-397,307,-29,81,-69,26
38.19785,-397,307,-29,73,-53,29
38.19786,-372,315,-39,68,-42,27
38.19787,-372,315,-39,69,-44,14
38.19788,-374,337,-27,72,-55,0
38.19789,-374,337,-27,70,-59,-4
38.19790,-406,339,-36,64,-54,2
38.19791,-406,339,-36,56,-46,13
38.19791,-416,327,-54,51,-41,22
38.19799,-416,327,-54,50,-42,22
38.19801,-390,327,-44,51,-45,15
38.19803,-390,327,-44,50,-44,5
38.19805,-376,330,-24,46,-35,-3
38.19806,-376,330,-24,40,-25,-3
38.24910,-388,317,-19,16,-20,19
38.24915,-397,322,-29,3,-13,22
38.24923,-397,322,-29,-7,0,19
38.24928,-403,326,-43,-11,9,7
38.24933,-403,326,-43,-6,6,-5
38.24941,-387,332,-40,2,-3,-12
38.24943,-387,332,-40,6,-8,-12
38.24944,-380,334,-25,0,-5,-9
38.24945,-380,334,-25,-12,4,-6
38.24947,-395,324,-25,-19,10,-4
38.24948,-395,324,-25,-16,9,-5
38.24950,-409,315,-28,-2,3,-5
38.24951,-409,315,-28,11,-2,-5
38.24955,-410,317,-19,15,-5,-4
38.24963,-410,317,-19,8,-4,0
38.24965,-414,314,-19,-5,1,5
38.30462,-404,320,-35,-9,2,-11
38.30469,-404,320,-35,-13,6,-10
38.30479,-404,320,-35,-16,9,-7
38.30487,-420,314,-36,-14,11,-2
38.30490,-420,314,-36,-10,10,2
38.30492,-416,314,-26,-7,5,2
38.30494,-416,314,-26,-5,2,2
38.30496,-406,316,-17,-5,1,3
38.30496,-406,316,-17,-3,3,3
38.30498,-402,315,-19,0,1,1
38.30499,-402,315,-19,3,-3,0
38.30501,-400,317,-22,7,-5,1
38.30501,-400,317,-22,9,-4,3
38.30502,-402,324,-22,8,-1,6
38.30503,-402,324,-22,8,-1,9
38.30505,-400,329,-26,11,-6,8
38.35741,-405,318,-29,-3,4,3
38.35747,-405,318,-29,-1,0,4
38.35754,-404,319,-29,2,-2,3
38.35758,-404,319,-29,2,1,1
38.35760,-400,319,-29,-2,4,-1
38.35762,-400,319,-29,-7,5,-1
38.35763,-404,320,-29,-7,3,-2
38.35764,-404,320,-29,-6,3,-2
38.35773,-405,320,-28,-6,1,-2
38.35775,-405,320,-28,-6,3,-1
38.35776,-403,317,-25,-5,5,-2
38.35777,-403,317,-25,-3,6,-3
38.35782,-405,317,-24,-1,3,-2
38.35784,-405,317,-24,0,0,-1
38.35789,-403,320,-26,-1,-2,1
38.35790,-403,320,-26,-5,2,1
38.40910,-406,317,-29,-6,4,2
38.40916,-406,317,-29,-2,1,0
38.40925,-409,316,-20,1,0,-1
38.40928,-409,316,-20,1,-2,1
38.40930,-410,318,-19,2,-6,4
38.40933,-410,318,-19,4,-7,6
38.40934,-401,320,-24,8,-2,6
38.40943,-401,320,-24,7,2,4
38.40947,-395,323,-27,6,2,3
38.40948,-395,323,-27,6,0,3
38.40958,-399,323,-29,4,-1,3
38.40961,-399,323,-29,1,-1,4
38.40963,-401,322,-31,0,-2,3
38.40968,-401,322,-31,2,-2,2
38.40976,-401,323,-28,6,-4,2
38.40979,-401,323,-28,8,-6,2
38.46467,-403,320,-25,5,-4,2
38.46473,-403,320,-25,5,-3,3
38.46485,-402,320,-29,5,-2,4
38.46488,-402,320,-29,4,-2,4
38.46490,-397,320,-28,2,-1,3
38.46492,-397,320,-28,0,0,3
38.46494,-401,319,-30,-1,0,1
38.46498,-401,319,-30,-1,-1,0
38.46503,-405,317,-34,0,0,0
38.46504,-405,317,-34,-1,1,-1
38.46509,-407,318,-32,-6,5,0
38.46513,-407,318,-32,-9,8,2
38.46515,-410,319,-25,-8,9,4
38.46521,-410,319,-25,-5,5,3
38.46527,-410,318,-23,-1,-2,1
38.46540,-410,318,-23,4,-3,0
38.51646,-401,322,-24,-7,3,-4
38.51651,-401,322,-24,-6,0,-4
38.51661,-400,321,-21,-3,-1,-3
38.51666,-400,321,-21,0,0,-1
38.51667,-403,320,-20,2,-1,1
38.51668,-403,320,-20,2,-3,1
38.51678,-404,322,-22,1,-5,2
38.51679,-404,322,-22,-1,-4,2
38.51680,-399,324,-28,-2,-3,0
38.51681,-399,324,-28,-3,0,-1
38.51682,-395,324,-30,-3,4,-3
38.51686,-395,324,-30,-3,6,-3
38.51695,-396,323,-26,-4,5,-3
38.51700,-396,323,-26,-3,3,-4
38.51703,-396,323,-26,-2,2,-4
38.51712,-400,321,-24,-2,0,0
38.56858,-410,316,-23,-1,-3,2
38.56864,-408,318,-22,1,-5,3
38.56875,-408,318,-22,0,-1,5
38.56880,-406,319,-27,-1,6,5
38.56882,-406,319,-27,-1,6,3
38.56894,-401,319,-30,0,-1,2
38.56898,-401,319,-30,3,-6,2
38.56900,-399,319,-30,2,-5,3
38.56903,-400,318,-31,-5,1,1
38.56905,-400,318,-31,-4,-1,-1
38.56916,-403,319,-30,0,-3,-2
38.56921,-403,319,-30,2,-4,-3
38.56927,-408,319,-31,1,-1,-1
38.56929,-408,319,-31,-3,5,1
38.56932,-407,318,-28,-6,9,3
38.56938,-407,318,-28,-7,7,2
38.62177,-397,321,-25,3,4,-2
38.62183,-395,321,-24,6,4,-4
38.62191,-395,321,-24,6,0,-5
38.62193,-403,321,-26,5,-4,-4
38.62203,-403,321,-26,3,-3,-3
38.62205,-407,322,-29,1,4,0
38.62207,-407,322,-29,0,7,1
38.62216,-404,323,-25,0,4,1
38.62220,-404,323,-25,2,-2,0
38.62223,-404,322,-23,1,-6,0
38.62230,-404,322,-23,0,-5,1
38.62233,-403,319,-26,-2,0,3
38.62242,-403,319,-26,-2,0,4
38.62244,-398,321,-27,-2,-2,2
38.62253,-398,321,-27,-1,-3,0
38.62255,-400,322,-28,0,-2,-1
38.67639,-411,316,-31,-5,5,-2
38.67647,-406,316,-28,-5,5,-3
38.67662,-406,316,-28,-2,0,-1
38.67665,-403,317,-24,2,-5,2
38.67668,-403,317,-24,6,-6,2
38.67670,-404,318,-24,5,-5,2
38.67672,-404,318,-24,1,-3,3
38.67685,-400,319,-31,0,0,4
38.67692,-400,319,-31,0,2,2
38.67698,-398,321,-35,1,2,0
38.67706,-398,321,-35,1,1,-1
38.67716,-400,321,-33,-1,1,-2
38.67721,-400,321,-33,-3,3,-3
38.67727,-401,317,-31,-4,3,-4
38.67735,-401,317,-31,-3,1,-3
38.67738,-405,316,-31,0,0,-3
38.73171,-399,322,-23,2,-2,1
38.73176,-399,322,-27,1,-3,0
38.73183,-399,322,-27,0,-3,-1
38.73188,-403,322,-29,0,-3,-4
38.73191,-403,322,-29,1,-1,-4
38.73196,-406,321,-27,-1,0,-1
38.73200,-406,321,-27,-3,2,1
38.73201,-408,320,-26,-2,1,2
38.73202,-408,320,-26,0,-1,2
38.73203,-406,320,-25,0,-1,0
38.73204,-406,320,-25,-1,0,-2
38.73211,-404,318,-24,-2,2,-2
38.73215,-404,318,-24,-2,1,-1
38.73217,-404,319,-27,-3,0,2
38.73218,-404,319,-27,-3,0,4
38.73224,-402,321,-29,-2,1,4
38.78700,-404,321,-24,1,0,0
38.78706,-404,321,-24,0,1,5
38.78720,-404,320,-24,-1,2,8
38.78732,-404,320,-24,-1,0,6
38.78737,-398,322,-25,0,-4,3
38.78739,-398,322,-25,2,-6,3
38.78745,-400,322,-27,4,-5,6
38.78748,-400,322,-27,3,-3,7
38.78753,-402,322,-31,0,-2,5
38.78757,-402,322,-31,-1,0,2
38.78759,-397,322,-33,-2,2,-1
38.78767,-397,322,-33,-2,2,0
38.78778,-400,322,-29,-2,2,2
38.78779,-400,322,-29,-1,2,4
38.78781,-405,320,-26,0,1,3
38.78783,-405,320,-26,-1,0,0
38.84055,-402,319,-32,0,2,-5
38.84066,-402,319,-32,-4,2,-3
38.84090,-399,320,-34,-5,-1,-1
38.84092,-399,320,-34,-4,-4,1
38.84094,-408,318,-32,-5,-2,3
38.84095,-408,318,-32,-7,3,4
38.84100,-410,318,-28,-7,6,5
38.84103,-410,318,-28,-5,3,6
38.84118,-405,319,-24,-2,-2,4
38.84122,-405,319,-24,0,-6,1
38.84126,-407,317,-23,0,-5,-2
38.84128,-407,317,-23,-2,-2,0
38.84131,-406,317,-24,-3,2,3
38.84133,-406,317,-24,-4,1,4
38.84135,-402,319,-25,-2,-4,3
38.84138,-402,319,-25,1,-9,2
38.89553,-404,320,-25,0,0,4
38.89559,-404,320,-25,-1,2,3
38.89567,-404,320,-25,1,0,2
38.89570,-403,322,-26,4,-3,4
38.89576,-403,322,-26,4,-5,4
38.89578,-399,323,-29,2,-3,2
38.89581,-399,323,-29,-1,1,-1
38.89591,-396,323,-29,-2,4,-2
38.89596,-396,323,-29,-2,5,0
38.89599,-397,324,-28,0,1,1
38.89602,-397,324,-28,1,-1,0
38.89605,-399,324,-27,3,0,1
38.89607,-399,324,-27,4,0,1
38.89624,-401,323,-25,2,-1,0
38.89628,-401,323,-25,2,-4,0
38.89630,-403,322,-24,3,-6,0
38.94746,-401,317,-31,-5,2,-3
38.94755,-401,317,-31,-5,0,-2
38.94763,-406,316,-29,-6,-3,0
38.94766,-406,316,-29,-6,-4,1
38.94783,-407,317,-28,-5,-2,1
38.94788,-407,317,-28,-4,0,2
38.94790,-407,319,-25,-3,-1,4
38.94792,-407,319,-25,-1,-3,5
38.94801,-407,319,-23,0,-5,3
38.94803,-407,319,-23,0,-4,0
38.94806,-402,318,-25,0,-1,-1
38.94810,-402,318,-25,-2,1,0
38.94815,-399,318,-27,-1,1,1
38.94819,-399,318,-27,1,1,0
38.94825,-400,319,-28,1,2,-1
38.94827,-400,319,-28,-1,3,-1
39.00175,-400,322,-27,-3,2,-2
39.00182,-401,322,-24,-2,2,-5
39.00184,-401,322,-24,-1,3,-4
39.00185,-403,320,-24,-2,3,1
39.00200,-403,320,-24,-4,2,7
39.00203,-403,321,-24,-1,0,8
39.00204,-403,321,-24,3,0,6
39.00206,-402,322,-25,4,2,5
39.00208,-402,322,-25,4,3,4
39.00214,-401,321,-28,4,2,2
39.00218,-401,321,-28,2,-1,0
39.00219,-400,319,-28,0,0,-1
39.00221,-400,319,-28,-2,4,0
39.00228,-400,319,-28,-1,5,0
39.00229,-400,319,-28,-1,4,-1
39.00231,-401,320,-28,0,1,-3
39.05689,-402,321,-28,6,-4,3
39.05716,-399,320,-32,1,5,0
39.05727,-399,320,-32,-5,9,-1
39.05736,-400,319,-30,-6,7,-1
39.05738,-400,319,-30,-2,1,-1
39.05746,-404,319,-27,1,-4,-1
39.05757,-404,319,-27,0,-4,-1
39.05762,-406,319,-26,-3,-1,-1
39.05771,-406,319,-26,-5,1,-1
39.05780,-408,320,-25,-4,1,2
39.05784,-408,320,-25,-1,-2,4
39.05798,-406,319,-25,2,-4,3
39.05804,-406,319,-25,2,-3,1
39.05812,-400,319,-26,0,-1,0
39.05844,-400,319,-26,-3,-1,0
39.05852,-399,320,-28,-2,-4,1
39.11372,-400,318,-26,-3,3,0
39.11378,-400,318,-26,-3,2,3
39.11387,-405,319,-22,-1,0,4
39.11393,-405,319,-22,1,-4,3
39.11396,-405,319,-24,2,-5,3
39.11398,-405,319,-24,-1,0,3
39.11412,-400,321,-28,-2,5,4
39.11414,-400,321,-28,0,6,3
39.11417,-400,321,-29,4,1,0
39.11422,-400,321,-29,2,-1,-2
39.11425,-401,318,-29,-3,1,-1
39.11433,-401,318,-29,-6,3,1
39.11435,-400,319,-27,-3,3,1
39.11444,-400,319,-27,4,0,0
39.11446,-403,322,-25,8,-5,0
39.11448,-403,322,-25,7,-7,0
39.16861,-407,318,-28,-2,0,-2
39.16866,-407,318,-28,-2,3,1
39.16874,-408,319,-25,-2,3,4
39.16877,-408,319,-25,-3,1,5
39.16879,-404,320,-23,-3,0,3
39.16881,-404,320,-23,-2,-1,0
39.16885,-404,321,-24,1,-1,0
39.16888,-404,321,-24,4,-2,1
39.16889,-402,321,-27,5,-3,1
39.16896,-402,321,-27,5,-1,0
39.16899,-398,320,-30,3,2,-2
39.16901,-398,320,-30,-1,5,-1
39.16902,-399,320,-31,-4,5,1
39.16905,-399,320,-31,-5,0,2
39.16907,-398,319,-29,-4,-5,1
39.16922,-398,319,-29,-3,-5,-2
39.22436,-400,321,-24,0,0,2
39.22454,-401,321,-27,-1,-3,2
39.22461,-401,321,-27,-2,-3,2
39.22463,-400,319,-29,-2,-1,3
39.22473,-400,319,-29,-2,2,3
39.22479,-401,319,-27,-1,3,4
39.22484,-401,319,-27,2,0,2
39.22485,-401,319,-26,4,-3,-3
39.22487,-401,319,-26,3,1,-4
39.22488,-401,320,-26,3,4,-4
39.22495,-401,320,-26,3,1,-2
39.22496,-408,320,-25,4,-3,1
39.22500,-408,320,-25,4,-4,2
39.22502,-408,320,-27,0,-3,1
39.22503,-408,320,-27,-4,1,1
39.22508,-401,320,-28,-5,5,1
39.27645,-406,319,-26,-3,-2,3
39.27650,-406,319,-26,-4,0,3
39.27655,-406,319,-26,-3,1,2
39.27656,-405,321,-26,-1,-2,1
39.27657,-405,321,-26,1,-5,0
39.27658,-403,322,-27,2,-5,1
39.27658,-403,322,-27,2,0,1
39.27666,-401,321,-30,2,3,1
39.27668,-401,321,-30,2,5,-1
39.27671,-403,319,-30,1,5,-1
39.27673,-403,319,-30,-1,3,1
39.27681,-402,318,-28,-1,-2,0
39.27684,-402,318,-28,-1,-3,-2
39.27687,-401,318,-28,0,-1,-2
39.27689,-401,318,-28,2,-1,0
39.27690,-403,319,-27,3,-2,0
39.33055,-399,322,-26,5,-2,2
39.33059,-399,322,-26,4,-1,1
39.33067,-397,322,-28,2,1,1
39.33072,-397,322,-28,1,0,0
39.33081,-399,321,-29,0,0,1
39.33082,-399,321,-29,0,0,1
39.33082,-401,322,-29,0,1,2
39.33091,-401,322,-29,0,0,2
39.33092,-402,322,-28,0,-1,2
39.33093,-402,322,-28,-1,-2,0
39.33094,-405,320,-26,-2,-2,-1
39.33104,-405,320,-26,-2,-2,-1
39.33105,-406,319,-25,-1,0,0
39.33106,-406,319,-25,-1,1,1
39.33115,-404,320,-25,0,3,-2
39.33116,-404,320,-25,-1,4,-4
39.38624,-403,320,-31,-3,1,-1
39.38627,-404,319,-30,-5,1,1
39.38632,-404,319,-30,-3,1,2
39.38633,-407,319,-26,1,1,2
39.38634,-407,319,-26,2,1,1
39.38634,-408,319,-26,0,0,1
39.38642,-408,319,-26,-3,-2,1
39.38643,-404,319,-27,-5,-2,1
39.38647,-404,319,-27,-4,-1,2
39.38651,-404,319,-27,-2,0,3
39.38652,-404,319,-27,-2,1,3
39.38652,-404,319,-27,-3,4,2
39.38656,-404,319,-27,-2,5,1
39.38656,-399,319,-29,0,3,0
39.38657,-399,319,-29,1,0,-1
39.38657,-399,321,-27,3,-3,-1
39.43879,-401,322,-28,3,-3,1
39.43886,-401,322,-28,2,-1,2
39.43894,-404,321,-30,0,1,1
39.43916,-404,321,-30,-1,2,0
39.43917,-399,321,-30,-1,0,0
39.43918,-399,321,-30,0,-3,0
39.43932,-400,321,-27,1,-7,0
39.43934,-400,321,-27,1,-5,-2
39.43935,-405,319,-27,2,1,-4
39.43937,-405,319,-27,2,3,-5
39.43939,-406,319,-26,1,0,-1
39.43944,-406,319,-26,0,-3,4
39.43947,-406,320,-26,-1,-3,6
39.43957,-406,320,-26,-2,-1,5
39.43959,-405,319,-26,-3,2,1
39.43960,-405,319,-26,-4,4,-2
39.49468,-406,319,-26,-1,0,-1
39.49470,-406,319,-26,-2,0,-2
39.49475,-406,321,-27,-2,-3,-2
39.49478,-406,321,-27,-3,-3,-3
39.49478,-405,319,-27,-3,1,-2
39.49478,-405,319,-27,-3,4,0
39.49479,-405,319,-26,-3,2,0
39.49479,-405,319,-26,-4,0,1
39.49480,-404,320,-26,-4,2,2
39.49490,-404,320,-26,-3,4,3
39.49490,-403,322,-25,0,3,3
39.49491,-403,322,-25,2,3,2
39.49498,-401,324,-25,1,4,2
39.49500,-401,324,-25,0,5,1
39.49508,-400,323,-24,0,2,0
39.49509,-400,323,-24,1,-2,-1
39.54602,-402,319,-29,-2,2,0
39.54605,-402,318,-31,-2,2,3
39.54612,-402,318,-31,-1,4,2
39.54616,-401,319,-32,0,6,0
39.54617,-401,319,-32,1,5,-1
39.54621,-402,319,-29,-2,1,0
39.54622,-402,319,-29,-4,-3,1
39.54623,-405,318,-27,-3,-5,1
39.54623,-405,318,-27,-2,-4,1
39.54628,-407,318,-26,-1,-1,2
39.54629,-407,318,-26,-2,0,3
39.54635,-405,319,-26,-2,-2,1
39.54635,-405,319,-26,-3,-3,-1
39.54641,-404,320,-26,-3,-3,-3
39.54642,-404,320,-26,-3,-2,-3
39.54643,-405,320,-27,-3,0,-1
39.60125,-393,321,-33,-1,-3,2
39.60127,-400,322,-33,2,-4,1
39.60128,-400,322,-33,2,-1,-1
39.60133,-408,320,-31,-1,4,-2
39.60135,-408,320,-31,-4,5,-1
39.60135,-407,321,-28,-3,3,-1
39.60143,-407,321,-28,-2,2,-3
39.60145,-403,322,-25,0,3,-3
39.60145,-403,322,-25,1,4,-2
39.60146,-404,321,-24,1,4,0
39.60147,-404,321,-24,0,3,2
39.60148,-405,319,-26,-1,3,4
39.60148,-405,319,-26,1,2,3
39.60149,-400,321,-27,4,0,1
39.60149,-400,321,-27,6,1,1
39.60150,-399,323,-27,7,2,2
39.65166,-403,318,-25,4,-1,0
39.65168,-403,318,-25,2,0,0
39.65169,-404,319,-29,-1,1,1
39.65175,-404,319,-29,-1,2,3
39.65180,-401,321,-30,0,3,4
39.65188,-401,321,-30,0,5,0
39.65189,-397,320,-29,-1,5,-3
39.65190,-397,320,-29,-1,3,-4
39.65191,-397,320,-29,0,1,-1
39.65199,-400,320,-28,2,-1,1
39.65199,-400,320,-28,3,-1,1
39.65201,-403,320,-27,2,-1,-1
39.65202,-403,320,-27,2,0,-1
39.65203,-405,320,-28,1,-1,0
39.65203,-405,320,-28,0,-1,1
39.65207,-405,320,-29,-1,2,1
39.70301,-403,319,-25,5,-2,5
39.70305,-403,319,-25,1,-1,4
39.70311,-398,320,-30,0,0,3
39.70312,-398,320,-30,1,0,2
39.70320,-399,321,-31,1,-2,3
39.70322,-399,321,-31,1,-4,2
39.70325,-403,320,-30,1,-4,0
39.70326,-403,320,-30,-2,-1,-2
39.70328,-406,320,-29,-4,1,-1
39.70328,-406,320,-29,-1,-1,0
39.70334,-407,321,-26,1,-2,0
39.70335,-407,321,-26,1,-1,-1
39.70336,-405,321,-26,0,2,-1
39.70343,-405,321,-26,0,3,-1
39.70346,-404,321,-28,1,3,1
39.70350,-404,321,-28,1,4,3
39.75802,-636,115,42,-77,-19,-67
39.75811,-748,-6,-84,-160,125,6
39.75814,-748,-6,-84,-236,263,59
39.75818,-477,117,11,-252,302,54
39.75822,-477,117,11,-200,218,-6
39.75823,-407,225,137,-121,74,-83
39.75827,-407,225,137,-72,-24,-126
39.75828,-696,87,3,-86,-8,-103
39.75832,-696,87,3,-143,104,-27
39.75834,-708,38,-112,-201,222,55
39.75839,-708,38,-112,-228,258,90
39.75841,-364,232,29,-218,205,56
39.75846,-364,232,29,-185,130,-33
39.75847,-349,264,98,-156,92,-132
39.75850,-349,264,98,-150,101,-169
39.75852,-687,87,-50,-169,133,-113
39.81366,-287,412,-89,83,-16,28
39.81384,-287,412,-89,53,-8,32
39.81404,-254,454,-100,54,-51,13
39.81407,-254,454,-100,63,-91,-9
39.81415,-437,324,-141,57,-91,-16
39.81430,-437,324,-141,34,-55,-11
39.81437,-478,256,-105,8,-1,0
39.81444,-478,256,-105,-13,42,13
39.81447,-320,336,15,-12,50,17
39.81451,-320,336,15,17,13,9
39.81460,-327,363,38,50,-52,-12
39.81469,-327,363,38,63,-91,-32
39.81472,-513,254,-61,42,-66,-32
39.81474,-513,254,-61,-2,4,-11
39.81486,-523,218,-94,-39,73,15
39.81496,-523,218,-94,-48,94,26
39.86894,-483,311,11,-12,44,64
39.86899,-483,311,11,55,-57,30
39.86906,-385,337,26,105,-130,-8
39.86913,-385,337,26,112,-128,-17
39.86916,-364,306,2,82,-72,7
39.86919,-364,306,2,47,-6,43
39.86922,-383,317,-1,43,24,61
39.86924,-383,317,-1,81,-9,41
39.86931,-369,389,-2,136,-106,-5
39.86933,-369,389,-2,174,-186,-31
39.86935,-392,377,-75,167,-179,-16
39.86938,-392,377,-75,112,-104,19
39.86939,-404,314,-149,38,-15,51
39.86948,-404,314,-149,-16,47,62
39.86950,-342,328,-91,-32,53,35
39.86953,-342,328,-91,-8,11,-16
39.92244,-403,313,7,-86,42,-53
39.92251,-403,313,7,-115,72,-39
39.92264,-474,271,6,-137,98,-15
39.92270,-474,271,6,-132,92,0
39.92279,-450,282,-2,-97,65,4
39.92281,-450,282,-2,-49,39,-6
39.92283,-372,325,-1,-22,29,-28
39.92295,-372,325,-1,-26,59,-31
39.92298,-396,324,-33,-56,108,-7
39.92304,-396,324,-33,-92,123,14
39.92306,-446,327,-63,-104,91,17
39.92321,-446,327,-63,-91,34,6
39.92325,-383,367,-38,-62,-5,-3
39.92328,-383,367,-38,-37,2,0
39.92341,-383,367,-38,-29,27,0
39.92345,-309,375,-1,-29,39,-7
39.97646,-396,315,-96,-27,0,-24
39.97652,-396,315,-96,-85,62,-28
39.97660,-414,268,-112,-146,138,-13
39.97664,-414,268,-112,-187,178,-5
39.97666,-390,294,-37,-191,166,-18
39.97669,-390,294,-37,-160,119,-34
39.97678,-401,322,52,-117,65,-43
39.97685,-401,322,52,-75,34,-40
39.97691,-457,287,67,-46,27,-26
39.97695,-457,287,67,-31,32,-14
39.97700,-448,281,23,-21,37,-8
39.97702,-448,281,23,-17,31,-4
39.97704,-386,328,-26,-17,15,-3
39.97707,-386,328,-26,-20,6,-7
39.97721,-390,328,-55,-31,21,-13
39.97724,-390,328,-55,-42,40,-17
40.02819,-424,305,-203,-80,114,39
40.02824,-416,286,-231,-137,138,29
40.02830,-416,286,-231,-169,141,-4
40.02832,-317,340,-162,-201,149,-54
40.02840,-317,340,-162,-248,159,-93
40.02844,-340,331,-85,-287,182,-88
40.02847,-340,331,-85,-292,210,-50
40.02853,-473,283,-15,-253,216,-18
40.02855,-473,283,-15,-182,182,-14
40.02860,-474,311,41,-112,122,-31
40.02863,-474,311,41,-83,72,-48
40.02867,-373,341,6,-116,62,-51
40.02870,-373,341,6,-187,98,-39
40.02872,-339,327,-79,-245,154,-28
40.02877,-339,327,-79,-258,190,-40
40.02879,-400,307,-92,-232,205,-71
40.08168,-371,342,-12,41,17,-1
40.08173,-371,342,-12,45,-22,-11
40.08183,-310,403,-75,23,-50,-11
40.08188,-310,403,-75,-15,-44,-9
40.08191,-399,334,-86,-45,1,0
40.08198,-399,334,-86,-51,50,16
40.08201,-424,296,-43,-24,64,26
40.08202,-424,296,-43,23,31,14
40.08205,-336,378,-3,60,-33,-15
40.08207,-336,378,-3,69,-88,-36
40.08218,-361,396,-13,45,-100,-32
40.08224,-361,396,-13,8,-63,-6
40.08232,-501,274,-34,-14,-9,24
40.08234,-501,274,-34,-12,33,45
40.08235,-477,220,-15,8,54,51
40.08239,-477,220,-15,27,45,26
40.13522,-353,371,-65,68,-28,26
40.13527,-353,371,-65,83,-72,16
40.13535,-340,376,-43,70,-92,2
40.13538,-340,376,-43,22,-46,2
40.13545,-478,225,-73,-44,44,16
40.13554,-478,225,-73,-93,112,22
40.13563,-423,257,-124,-97,115,11
40.13566,-423,257,-124,-72,56,-20
40.13568,-277,413,-104,-55,-7,-57
40.13571,-277,413,-104,-70,-8,-72
40.13574,-395,348,-24,-117,62,-51
40.13578,-395,348,-24,-161,154,-7
40.13587,-550,210,55,-164,199,34
40.13591,-550,210,55,-107,141,38
40.13599,-413,307,79,-12,3,0
40.13601,-413,307,79,73,-119,-46
40.18974,-314,416,-144,-167,128,-6
40.19070,-429,313,-28,-156,140,35
40.19076,-429,313,-28,-94,97,46
40.19091,-470,239,82,2,3,22
40.19093,-470,239,82,89,-97,-24
40.19096,-336,334,84,120,-138,-66
40.19102,-336,334,84,80,-83,-76
40.19124,-344,368,-36,-6,33,-44
40.19129,-344,368,-36,-85,125,5
40.19141,-521,267,-127,-119,138,36
40.19160,-521,267,-127,-100,78,35
40.19162,-499,263,-74,-52,-3,10
40.19164,-499,263,-74,-14,-46,-17
40.19165,-321,349,10,-9,-24,-27
40.19167,-321,349,10,-24,40,-14
40.19168,-360,336,31,-24,82,18
40.24211,-444,312,33,276,-198,12
40.24218,-338,404,50,250,-217,18
40.24230,-338,404,50,175,-178,39
40.24239,-350,376,-71,80,-92,54
40.24243,-350,376,-71,4,-3,51
40.24246,-425,303,-211,-29,40,25
40.24251,-425,303,-211,-29,35,-12
40.24256,-349,346,-164,-22,20,-28
40.24261,-349,346,-164,-31,18,-20
40.24266,-294,383,-42,-53,28,-10
40.24269,-294,383,-42,-68,42,-17
40.24271,-399,311,-22,-59,38,-30
40.24285,-399,311,-22,-32,20,-34
40.24292,-465,280,-31,-13,9,-26
40.24297,-465,280,-31,-26,27,-9
40.24308,-396,331,-21,-66,72,-4
40.29479,-439,290,41,22,-34,-10
40.29483,-439,290,41,-26,12,9
40.29487,-499,252,-117,-56,48,18
40.29489,-499,252,-117,-57,49,11
40.29490,-414,313,-117,-46,34,-2
40.29492,-414,313,-117,-41,40,-2
40.29495,-342,362,-13,-51,69,1
40.29496,-342,362,-13,-66,87,-7
40.29498,-381,318,37,-68,63,-25
40.29499,-381,318,37,-47,3,-36
40.29500,-457,281,3,-12,-49,-17
40.29502,-457,281,3,18,-58,24
40.29509,-445,329,-47,33,-22,55
40.29511,-445,329,-47,32,26,47
40.29513,-356,373,-60,13,50,7
40.29514,-356,373,-60,-26,50,-37
40.34790,-250,496,125,331,-347,39
40.34796,-274,434,131,288,-280,74
40.34801,-274,434,131,236,-173,91
40.34803,-428,322,-56,209,-96,73
40.34805,-428,322,-56,207,-90,25
40.34806,-300,461,-174,202,-135,-14
40.34807,-300,461,-174,173,-159,-7
40.34810,-166,589,-124,137,-129,43
40.34812,-166,589,-124,130,-97,98
40.34818,-347,441,-36,183,-130,119
40.34825,-347,441,-36,285,-228,105
40.34827,-448,361,36,395,-324,72
40.34829,-448,361,36,463,-359,47
40.34840,-211,546,67,460,-336,42
40.34843,-211,546,67,389,-283,61
40.34851,-91,637,-32,289,-219,99
40.40027,-255,378,65,-40,2,-128
40.40032,-432,322,49,-149,79,-49
40.40040,-432,322,49,-250,154,12
40.40044,-682,171,-87,-269,168,12
40.40046,-682,171,-87,-194,133,-32
40.40047,-542,237,-59,-83,109,-60
40.40053,-542,237,-59,-14,123,-37
40.40060,-308,364,54,-27,127,19
40.40065,-308,364,54,-100,80,70
40.40066,-376,311,49,-165,7,93
40.40067,-376,311,49,-162,-37,83
40.40069,-537,243,5,-75,-24,44
40.40077,-537,243,5,54,23,3
40.40080,-438,339,34,156,59,-15
40.40082,-438,339,34,185,37,-1
40.40083,-245,427,60,145,-59,22
40.45574,-429,297,37,9,-4,-3
40.45593,-460,288,7,8,-3,-2
40.45609,-460,288,7,1,4,4
40.45614,-423,318,-18,-12,14,11
40.45616,-423,318,-18,-26,23,14
40.45619,-394,333,-29,-34,33,13
40.45621,-394,333,-29,-31,37,6
40.45622,-407,315,-34,-15,26,-2
40.45624,-407,315,-34,9,-3,-6
40.45642,-410,312,-18,34,-34,-3
40.45644,-410,312,-18,56,-52,8
40.45645,-394,335,9,70,-56,22
40.45647,-394,335,9,78,-56,30
40.45656,-394,344,10,81,-57,28
40.45659,-394,344,10,83,-60,19
40.45661,-399,329,-19,84,-64,8
40.50849,-392,327,-31,44,-46,4
40.50854,-392,327,-31,40,-49,8
40.50861,-396,321,-35,30,-38,7
40.50864,-396,321,-35,19,-19,3
40.50876,-399,313,-34,13,-3,1
40.50880,-399,313,-34,12,0,-1
40.50882,-399,313,-34,16,-10,-3
40.50886,-403,312,-34,19,-22,-3
40.50888,-403,312,-34,13,-23,-1
40.50892,-412,312,-41,3,-10,1
40.50895,-412,312,-41,-9,8,3
40.50898,-415,312,-44,-15,20,3
40.50908,-415,312,-44,-15,23,3
40.50912,-412,315,-35,-11,16,1
40.50915,-412,315,-35,-9,6,1
40.50917,-415,316,-27,-13,1,4
40.56327,-402,321,-39,6,-4,6
40.56333,-401,324,-34,4,-6,7
40.56341,-401,324,-34,2,-4,6
40.56348,-395,324,-28,2,-2,4
40.56351,-395,324,-28,4,-4,3
40.56360,-393,327,-20,11,-10,4
40.56366,-393,327,-20,19,-18,6
40.56368,-397,328,-19,23,-23,7
40.56375,-397,328,-19,22,-21,3
40.56378,-399,327,-26,20,-17,-2
40.56386,-399,327,-26,22,-15,-5
40.56391,-401,323,-35,24,-14,-4
40.56393,-401,323,-35,22,-12,-1
40.56395,-404,318,-40,16,-7,3
40.56399,-404,318,-40,8,-2,5
40.56401,-400,316,-41,-2,1,2
40.61848,-402,315,-28,3,-2,1
40.61857,-402,315,-28,3,1,0
40.61860,-399,319,-27,3,2,0
40.61861,-399,319,-27,2,1,0
40.61866,-403,319,-34,-2,-2,1
40.61872,-403,319,-34,-7,-1,0
40.61873,-408,314,-38,-13,3,0
40.61878,-408,314,-38,-15,8,1
40.61881,-407,314,-33,-16,12,1
40.61882,-407,314,-33,-14,12,0
40.61886,-404,318,-21,-10,8,0
40.61888,-404,318,-21,-6,3,-1
40.61890,-406,319,-15,-2,1,-1
40.61891,-406,319,-15,-2,0,1
40.61892,-410,318,-19,-2,0,3
40.61895,-410,318,-19,-1,-2,5
40.67329,-406,321,-26,-12,11,-3
40.67357,-403,321,-22,-11,10,-5
40.67361,-403,321,-22,-7,5,-4
40.67363,-404,320,-18,-1,-1,-2
40.67383,-404,320,-18,4,-5,-1
40.67387,-407,320,-19,9,-7,0
40.67389,-407,320,-19,13,-6,0
40.67390,-407,319,-24,15,-4,0
40.67394,-407,319,-24,15,-6,-1
40.67404,-405,318,-28,16,-10,0
40.67405,-405,318,-28,20,-13,3
40.67412,-405,317,-26,22,-14,6
40.67415,-405,317,-26,21,-15,7
40.67416,-405,316,-23,21,-16,7
40.67418,-405,316,-23,23,-19,8
40.67424,-405,316,-25,25,-21,8
40.72899,-402,319,-26,2,1,4
40.72904,-400,322,-23,7,-7,1
40.72917,-400,322,-23,8,-11,2
40.72929,-399,320,-24,6,-8,5
40.72943,-399,320,-24,1,0,6
40.72949,-397,320,-25,-4,5,3
40.72950,-397,320,-25,-3,1,0
40.72951,-401,320,-23,2,-8,-1
40.72953,-401,320,-23,7,-12,-1
40.72960,-407,318,-26,6,-10,-1
40.72961,-407,318,-26,4,-4,1
40.72978,-407,317,-30,1,4,3
40.72982,-407,317,-30,0,6,2
40.72985,-409,319,-33,-6,2,2
40.72997,-411,318,-36,-10,5,2
40.73000,-411,318,-36,-16,12,1
40.78198,-405,321,-27,2,0,1
40.78204,-403,321,-29,2,1,1
40.78210,-403,321,-29,1,2,1
40.78221,-405,320,-30,0,2,4
40.78224,-405,320,-30,-1,1,5
40.78226,-408,320,-29,0,0,6
40.78227,-408,320,-29,1,-1,6
40.78232,-404,320,-27,3,-1,3
40.78236,-404,320,-27,3,-1,0
40.78238,-398,321,-26,3,-2,-3
40.78241,-398,321,-26,4,-4,-3
40.78248,-400,321,-26,5,-8,-2
40.78254,-400,321,-26,6,-10,-1
40.78258,-403,320,-27,7,-10,1
40.78265,-403,320,-27,8,-9,2
40.78268,-401,321,-28,7,-7,2
40.83344,-399,321,-26,-6,7,0
40.83350,-399,321,-26,-2,2,-1
40.83362,-400,322,-20,1,-3,1
40.83368,-400,322,-20,4,-6,5
40.83376,-403,320,-19,4,-6,6
40.83379,-403,320,-19,4,-4,2
40.83385,-401,319,-23,2,-1,-2
40.83390,-401,319,-23,1,-2,0
40.83392,-401,317,-27,2,-2,3
40.83394,-401,317,-27,2,-1,5
40.83397,-408,315,-30,-2,2,5
40.83405,-408,315,-30,-6,5,4
40.83409,-411,315,-32,-8,5,0
40.83411,-411,315,-32,-9,4,-1
40.83412,-407,317,-32,-9,4,-1
40.83417,-407,317,-32,-8,6,-1
40.88911,-403,318,-28,4,-5,0
40.88923,-404,318,-27,6,-3,1
40.88941,-404,318,-27,8,-1,2
40.88952,-404,322,-25,7,-2,3
40.88958,-404,322,-25,6,-6,3
40.88970,-406,323,-26,5,-7,3
40.88975,-406,323,-26,4,-5,2
40.88977,-403,323,-27,3,-4,1
40.88989,-403,323,-27,3,-2,0
40.88991,-401,325,-27,5,0,1
40.88993,-401,325,-27,7,-2,2
40.89006,-402,325,-27,6,-5,1
40.89016,-402,325,-27,3,-4,0
40.89018,-401,322,-29,1,0,0
40.89041,-401,322,-29,1,2,0
40.89042,-398,323,-30,3,1,-3
40.94553,-412,316,-31,-6,8,-5
40.94559,-405,316,-28,-6,9,-3
40.94566,-405,316,-28,-5,6,0
40.94569,-405,316,-28,-4,1,0
40.94579,-401,318,-25,-1,-2,0
40.94583,-401,318,-25,3,-3,0
40.94586,-403,318,-23,5,-2,1
40.94587,-403,318,-23,6,-1,1
40.94595,-406,318,-22,8,-2,0
40.94599,-406,318,-22,9,-4,0
40.94602,-407,317,-24,9,-6,1
40.94605,-407,317,-24,7,-7,0
40.94612,-406,316,-28,6,-5,-2
40.94616,-406,316,-28,5,0,-1
40.94618,-406,315,-29,5,1,1
40.94621,-406,315,-29,4,-2,1
40.99689,-405,322,-28,1,-1,2
40.99702,-405,322,-28,0,-1,1
40.99710,-402,321,-30,-5,2,-1
40.99719,-402,321,-30,-9,7,-3
40.99726,-402,322,-27,-10,11,-6
40.99730,-402,322,-27,-6,9,-5
40.99738,-402,324,-23,-1,4,-1
40.99744,-402,324,-23,0,1,0
40.99747,-400,325,-22,-2,2,-2
40.99750,-400,325,-22,-3,3,-3
40.99752,-399,324,-25,-1,3,-1
40.99754,-399,324,-25,1,0,2
40.99765,-398,324,-27,1,-3,5
40.99768,-398,324,-27,-1,-3,5
40.99771,-399,323,-27,-1,-1,3
40.99775,-399,323,-27,0,1,1
41.05193,-408,315,-36,-5,6,-1
41.05200,-409,315,-35,-6,10,-2
41.05214,-409,315,-35,-7,12,-1
41.05220,-407,315,-29,-5,11,1
41.05223,-407,315,-29,-4,7,2
41.05225,-401,315,-25,-2,5,0
41.05240,-401,315,-25,1,2,-2
41.05259,-401,315,-23,4,0,-2
41.05285,-401,315,-23,5,-2,0
41.05290,-405,316,-24,5,-1,0
41.05313,-405,316,-24,4,0,0
41.05321,-404,317,-26,4,0,0
41.05328,-404,317,-26,5,-1,0
41.05332,-402,318,-27,6,-4,0
41.05334,-402,318,-27,7,-8,2
41.05342,-405,317,-26,7,-11,5
41.10493,-402,322,-26,6,-3,1
41.10497,-402,322,-29,4,-3,1
41.10507,-402,322,-29,1,0,1
41.10512,-406,321,-30,-1,2,1
41.10516,-406,321,-30,-1,3,1
41.10532,-409,322,-29,-2,3,1
41.10538,-409,322,-29,-5,4,1
41.10552,-404,324,-27,-8,5,1
41.10554,-404,324,-27,-8,5,0
41.10570,-398,324,-25,-6,4,-1
41.10575,-398,324,-25,-4,4,-1
41.10591,-398,322,-24,-3,3,-1
41.10599,-398,322,-24,-2,2,-1
41.10616,-398,322,-24,-2,2,-1
41.10622,-398,322,-24,-2,1,-1
41.10640,-397,322,-25,0,-2,-3
41.15975,-408,320,-32,-5,2,-2
41.15981,-410,319,-33,-8,3,-2
41.15989,-410,319,-33,-8,5,-3
41.15994,-404,319,-31,-7,4,-4
41.15997,-404,319,-31,-5,1,-3
41.15999,-401,319,-27,-2,1,0
41.16007,-401,319,-27,3,1,1
41.16013,-403,318,-23,5,-1,1
41.16016,-403,318,-23,5,-3,2
41.16023,-402,318,-25,5,-4,4
41.16029,-402,318,-25,8,-3,4
41.16031,-402,319,-27,9,-3,0
41.16036,-402,319,-27,7,-4,-2
41.16045,-406,320,-27,4,-4,-1
41.16048,-406,320,-27,1,-3,0
41.16051,-405,320,-27,-2,-2,0
41.21320,-404,320,-25,4,-1,-5
41.21326,-406,320,-28,0,2,-2
41.21348,-406,320,-28,-2,3,0
41.21352,-406,320,-31,-3,3,0
41.21354,-406,320,-31,-2,3,-1
41.21356,-405,318,-31,-2,4,-3
41.21360,-405,318,-31,-3,6,-5
41.21366,-405,318,-28,-5,8,-5
41.21370,-405,318,-28,-7,7,-1
41.21371,-406,319,-25,-7,6,2
41.21376,-406,319,-25,-6,6,1
41.21381,-402,320,-24,-5,7,-3
41.21385,-402,320,-24,-3,6,-6
41.21390,-399,320,-24,-1,3,-5
41.21397,-399,320,-24,0,-1,-3
41.21404,-403,319,-23,2,-4,-2
41.26873,-407,320,-29,-3,6,1
41.26878,-405,320,-28,-4,4,1
41.26883,-405,320,-28,-3,1,1
41.26885,-402,320,-26,-1,0,-2
41.26893,-402,320,-26,0,1,-3
41.26895,-401,321,-24,0,0,-1
41.26899,-401,321,-24,0,-2,2
41.26901,-400,320,-23,0,-2,3
41.26902,-400,320,-23,-1,-1,2
41.26903,-400,320,-24,0,1,1
41.26905,-400,320,-24,2,-1,1
41.26906,-403,320,-26,2,-4,1
41.26911,-403,320,-26,2,-5,2
41.26914,-405,320,-29,3,-3,3
41.26920,-405,320,-29,4,0,4
41.26921,-405,320,-29,3,3,2
41.32261,-402,320,-27,9,-5,0
41.32305,-402,320,-27,10,-6,-2
41.32312,-402,320,-27,8,-6,-2
41.32332,-408,318,-29,4,-5,0
41.32336,-408,318,-29,2,-4,2
41.32338,-409,318,-32,1,-1,1
41.32349,-409,318,-32,-1,4,1
41.32370,-407,319,-34,-4,8,0
41.32373,-407,319,-34,-5,8,-1
41.32376,-405,319,-34,-8,6,0
41.32387,-405,319,-34,-11,6,0
41.32391,-404,319,-31,-12,5,1
41.32395,-404,319,-31,-9,4,1
41.32403,-404,319,-27,-5,4,1
41.32412,-404,319,-27,-3,3,1
41.32422,-403,320,-24,-1,0,0
41.37881,-403,322,-29,-5,2,-2
41.37887,-403,321,-26,-4,2,1
41.37910,-403,321,-26,-4,5,3
41.37921,-399,320,-24,-4,8,1
41.37932,-399,320,-24,-3,4,-1
41.37954,-399,321,-23,1,-3,-1
41.37957,-399,321,-23,7,-7,1
41.37959,-404,321,-25,10,-6,3
41.37970,-404,321,-25,6,-2,3
41.37973,-403,318,-29,2,1,1
41.37975,-403,318,-29,0,1,0
41.37981,-403,319,-30,0,2,-2
41.37985,-403,319,-30,-1,2,-4
41.37988,-408,318,-29,-1,2,-4
41.38001,-408,318,-29,-1,3,-3
41.38002,-409,318,-29,-1,4,-1
41.43107,-406,319,-29,2,-2,0
41.43112,-408,319,-29,1,-1,2
41.43118,-408,319,-29,1,-2,2
41.43122,-408,319,-29,2,0,2
41.43125,-404,321,-29,1,2,1
41.43126,-404,321,-29,-1,3,-1
41.43127,-402,321,-30,-3,4,-1
41.43135,-402,321,-30,-5,5,0
41.43139,-402,318,-30,-7,6,1
41.43141,-402,318,-30,-8,5,1
41.43142,-400,319,-27,-5,4,1
41.43144,-400,319,-27,-2,2,1
41.43148,-398,320,-24,0,0,1
41.43151,-398,320,-24,0,-2,3
41.43153,-400,319,-23,0,-4,5
41.43154,-400,319,-23,1,-5,5
41.48522,-404,318,-29,-12,5,4
41.48532,-401,320,-24,-7,0,2
41.48534,-401,320,-24,1,-4,1
41.48539,-402,321,-22,4,-2,1
41.48549,-402,321,-22,2,1,0
41.48553,-399,320,-25,0,2,-1
41.48555,-399,320,-25,2,1,-2
41.48560,-398,320,-25,6,-3,0
41.48565,-398,320,-25,9,-7,0
41.48567,-402,318,-25,8,-6,-1
41.48572,-402,318,-25,6,-2,-1
41.48576,-406,315,-27,1,2,1
41.48579,-406,315,-27,-1,2,-1
41.48581,-405,319,-29,0,-1,-2
41.48582,-405,319,-29,1,-4,-1
41.48587,-407,321,-29,0,-3,2
41.53896,-404,319,-25,3,-4,0
41.53900,-402,319,-28,5,-1,-2
41.53939,-402,319,-28,4,-1,-2
41.53948,-403,320,-30,2,-1,-1
41.53949,-403,320,-30,2,1,0
41.53950,-407,319,-31,0,4,-1
41.53951,-407,319,-31,-3,5,-2
41.53953,-406,320,-29,-4,6,-1
41.53960,-406,320,-29,-3,6,2
41.53965,-402,321,-31,-2,7,6
41.53969,-402,321,-31,-4,7,5
41.53970,-397,323,-30,-7,6,0
41.53975,-397,323,-30,-9,4,-3
41.53977,-397,323,-26,-8,2,-3
41.53979,-397,323,-26,-5,-1,-2
41.53983,-403,320,-22,0,-3,-1
41.59308,-407,318,-30,-5,5,1
41.59310,-405,318,-28,-3,6,-1
41.59311,-405,318,-28,-4,6,-2
41.59316,-402,318,-25,-4,5,0
41.59317,-402,318,-25,-2,4,1
41.59317,-401,319,-24,2,4,1
41.59323,-401,319,-24,5,3,2
41.59324,-402,320,-24,5,0,4
41.59325,-402,320,-24,3,-1,3
41.59325,-400,320,-25,1,0,1
41.59326,-400,320,-25,2,1,-1
41.59326,-401,319,-26,4,-1,0
41.59327,-401,319,-26,5,-6,3
41.59327,-406,317,-27,4,-7,3
41.59327,-406,317,-27,1,-3,-1
41.59332,-407,316,-30,-2,1,-1
41.64836,-399,319,-24,2,-3,2
41.64839,-399,319,-24,6,-5,1
41.64839,-407,318,-26,7,-5,2
41.64839,-407,318,-26,7,-3,2
41.64847,-408,319,-29,5,-1,1
41.64848,-408,319,-29,3,2,-1
41.64849,-402,322,-29,1,5,-2
41.64850,-402,322,-29,-2,4,-1
41.64865,-402,321,-29,-3,2,1
41.64865,-402,321,-29,-3,1,3
41.64866,-404,318,-28,-4,3,2
41.64872,-404,318,-28,-3,4,-2
41.64873,-401,319,-27,-2,2,-3
41.64873,-401,319,-27,-1,0,-3
41.64874,-399,320,-27,-1,-1,-1
41.64875,-399,320,-27,-2,0,0
41.70201,-407,318,-30,-10,3,3
41.70203,-403,319,-28,-10,2,1
41.70204,-403,319,-28,-9,3,-1
41.70210,-399,321,-24,-5,4,-2
41.70211,-399,321,-24,0,2,1
41.70212,-400,320,-20,3,0,2
41.70212,-400,320,-20,5,0,2
41.70221,-402,319,-20,6,1,1
41.70221,-402,319,-20,7,1,1
41.70228,-402,318,-22,8,-2,1
41.70235,-402,318,-22,8,-3,0
41.70236,-401,317,-25,6,-1,0
41.70243,-401,317,-25,5,0,0
41.70244,-401,317,-27,4,-1,-1
41.70250,-401,317,-27,2,-1,-1
41.70251,-404,318,-29,0,1,1
41.75547,-403,318,-27,5,-6,1
41.75550,-404,317,-30,3,-6,1
41.75551,-404,317,-30,3,-3,0
41.75569,-404,317,-30,3,2,-1
41.75571,-406,317,-30,2,5,1
41.75572,-406,317,-30,1,2,2
41.75578,-409,319,-29,1,-1,2
41.75579,-409,319,-29,0,-1,0
41.75580,-405,320,-29,-5,1,-2
41.75586,-405,320,-29,-9,2,-2
41.75587,-401,320,-30,-10,3,0
41.75589,-401,320,-30,-7,2,0
41.75589,-401,319,-28,-4,0,-2
41.75590,-401,319,-28,-2,0,-4
41.75595,-401,319,-26,0,3,-1
41.75596,-401,319,-26,1,6,2
41.80626,-405,321,-32,-7,2,0
41.80630,-402,318,-29,-10,4,0
41.80641,-402,318,-29,-10,6,-1
41.80652,-402,318,-25,-6,6,-1
41.80656,-402,318,-25,-1,5,1
41.80663,-400,319,-23,1,3,2
41.80666,-400,319,-23,0,1,1
41.80669,-397,319,-25,-1,-1,-1
41.80675,-397,319,-25,2,-4,-1
41.80680,-397,319,-25,5,-7,0
41.80683,-397,319,-25,6,-7,0
41.80684,-402,318,-25,5,-4,0
41.80685,-402,318,-25,4,-1,0
41.80686,-402,319,-26,5,-1,0
41.80690,-402,319,-26,6,-2,-3
41.80692,-402,320,-26,6,-2,-6
41.85861,-399,320,-27,-7,4,-4
41.85872,-398,321,-22,-6,2,-3
41.85875,-398,321,-22,-3,0,0
41.85881,-402,320,-20,0,-2,3
41.85883,-402,320,-20,0,-2,3
41.85885,-402,320,-23,1,-2,2
41.85885,-402,320,-23,2,-3,2
41.85887,-402,320,-27,6,-5,1
41.85890,-402,320,-27,8,-6,1
41.85893,-405,318,-30,7,-7,2
41.85896,-405,318,-30,3,-5,3
41.85898,-406,317,-30,0,0,3
41.85900,-406,317,-30,-2,5,1
41.85900,-409,320,-30,-2,4,-2
41.85901,-409,320,-30,-2,-1,-1
41.85902,-409,321,-30,-1,-2,2
41.91191,-403,317,-23,10,-6,3
41.91201,-403,317,-23,9,-2,0
41.91206,-401,319,-29,7,0,0
41.91215,-401,319,-29,7,-2,0
41.91217,-406,320,-31,5,-4,2
41.91220,-406,320,-31,0,-3,3
41.91221,-409,319,-32,-4,1,4
41.91230,-409,319,-32,-6,5,2
41.91232,-403,319,-33,-7,6,0
41.91234,-403,319,-33,-8,3,1
41.91237,-401,320,-30,-10,-1,2
41.91238,-401,320,-30,-10,0,4
41.91250,-402,319,-26,-8,3,4
41.91253,-402,319,-26,-7,6,2
41.91260,-399,319,-23,-5,5,-1
41.91263,-399,319,-23,-2,0,-1
41.96685,-391,360,-21,40,-34,24
41.96694,-362,373,-16,47,-37,22
41.96703,-362,373,-16,53,-40,26
41.96712,-371,388,-24,61,-43,39
41.96718,-371,388,-24,75,-44,64
41.96721,-359,447,-23,96,-51,91
41.96725,-359,447,-23,127,-75,104
41.96729,-261,523,-1,168,-119,95
41.96731,-261,523,-1,212,-168,72
41.96732,-197,536,9,246,-201,56
41.96734,-197,536,9,267,-207,60
41.96743,-234,511,-20,276,-193,82
41.96747,-234,511,-20,281,-184,101
41.96750,-216,554,-55,292,-201,98
41.96755,-216,554,-55,309,-241,73
41.96757,-149,612,-80,317,-277,42
42.02254,-385,450,-55,138,-91,30
42.02323,-385,450,-55,134,-101,40
42.02343,-335,425,-69,123,-103,47
42.02358,-335,425,-69,106,-99,43
42.02367,-292,371,-89,89,-89,29
42.02369,-292,371,-89,81,-63,19
42.02370,-277,438,-57,89,-35,17
42.02371,-277,438,-57,114,-40,22
42.02374,-298,528,-24,146,-89,27
42.02381,-298,528,-24,165,-149,27
42.02389,-346,462,-75,158,-172,32
42.02391,-346,462,-75,125,-141,47
42.02393,-314,407,-94,86,-72,67
42.02396,-314,407,-94,79,-13,80
42.02398,-193,533,2,115,-29,69
42.02405,-193,533,2,183,-120,42
42.07459,-396,327,-34,60,-55,6
42.07467,-407,299,-51,56,-82,5
42.07471,-407,299,-51,19,-46,0
42.07473,-406,302,-88,-35,38,-3
42.07475,-406,302,-88,-71,102,3
42.07489,-431,308,-76,-61,93,15
42.07501,-431,308,-76,-11,22,25
42.07514,-419,305,27,47,-61,14
42.07515,-419,305,27,78,-100,-15
42.07517,-379,280,81,81,-70,-32
42.07518,-379,280,81,70,-22,-27
42.07519,-415,266,1,60,-13,-8
42.07521,-415,266,1,52,-41,-1
42.07529,-456,281,-98,28,-60,-20
42.07531,-456,281,-98,-22,-24,-47
42.07537,-466,266,-115,-87,59,-55
42.12701,-469,267,9,-127,145,31
42.12705,-456,292,38,-14,105,51
42.12709,-456,292,38,26,28,28
42.12710,-328,367,29,15,-37,-6
42.12712,-328,367,29,-53,-30,-36
42.12713,-358,350,-31,-89,30,-24
42.12715,-358,350,-31,-96,76,-7
42.12717,-438,324,-77,-71,93,2
42.12719,-438,324,-77,-39,82,-2
42.12720,-358,349,-54,-35,54,-15
42.12728,-358,349,-54,-57,45,-15
42.12731,-307,362,-28,-81,47,-13
42.12734,-307,362,-28,-85,34,-23
42.12735,-406,350,-38,-60,17,-31
42.12737,-406,350,-38,-29,17,-32
42.12738,-446,348,-27,-22,39,-18
42.18230,-323,337,-31,11,-96,-36
42.18253,-323,337,-31,-2,-76,-74
42.18259,-513,224,-70,-35,18,-56
42.18261,-513,224,-70,-57,109,4
42.18264,-497,268,-11,-42,126,65
42.18266,-497,268,-11,0,58,78
42.18273,-294,382,56,38,-36,37
42.18275,-294,382,56,49,-90,-25
42.18277,-372,307,-17,28,-82,-65
42.18288,-372,307,-17,-5,-30,-59
42.18291,-544,219,-82,-24,25,-13
42.18295,-544,219,-82,-13,46,41
42.18297,-402,321,-15,13,23,58
42.18299,-402,321,-15,29,-13,33
42.18301,-298,381,10,20,-23,-8
42.18302,-298,381,10,-11,-11,-30
42.23745,-414,310,-138,10,19,3
42.23769,-351,335,-145,-35,46,-2
42.23773,-351,335,-145,-48,56,-5
42.23781,-355,332,-33,-18,33,-6
42.23795,-355,332,-33,44,-31,-8
42.23799,-449,308,39,114,-108,-15
42.23801,-449,308,39,151,-162,-22
42.23802,-470,304,0,130,-147,-10
42.23818,-470,304,0,64,-53,29
42.23820,-413,316,-76,-11,49,62
42.23822,-413,316,-76,-49,87,63
42.23823,-360,342,-83,-30,49,32
42.23826,-360,342,-83,18,-31,-14
42.23827,-379,340,-47,52,-91,-41
42.23830,-379,340,-47,43,-80,-22
42.23836,-437,284,-42,-4,-2,26
42.28953,-428,290,13,52,-23,55
42.28976,-439,326,33,102,-96,35
42.28983,-439,326,33,124,-129,9
42.28996,-439,326,33,93,-97,2
42.28999,-408,342,-41,23,-16,16
42.29003,-408,342,-41,-45,67,34
42.29010,-386,313,-132,-73,101,38
42.29011,-386,313,-132,-58,61,12
42.29026,-342,321,-80,-19,-19,-36
42.29029,-342,321,-80,20,-62,-64
42.29035,-331,353,21,30,-45,-55
42.29047,-331,353,21,2,4,-24
42.29051,-423,327,-17,-38,53,11
42.29052,-423,327,-17,-66,71,26
42.29054,-475,297,-99,-69,59,19
42.29069,-475,297,-99,-49,35,2
42.34544,-392,309,14,-41,34,-1
42.34550,-392,309,14,-21,-4,-25
42.34559,-345,353,56,-15,-19,-47
42.34562,-345,353,56,-18,5,-43
42.34568,-449,303,-25,-22,36,-22
42.34570,-449,303,-25,-17,34,-5
42.34576,-490,265,-93,-5,-3,-2
42.34579,-490,265,-93,-10,-34,-12
42.34585,-418,301,-84,-53,-11,-23
42.34588,-418,301,-84,-117,80,-13
42.34594,-385,339,-36,-162,175,14
42.34602,-385,339,-36,-158,184,28
42.34607,-419,326,22,-14,-12,-8
42.34612,-448,282,50,41,-84,-24
42.34616,-448,282,50,51,-67,-10
42.34625,-402,288,37,27,0,21
42.39720,-427,292,-21,-40,62,-3
42.39730,-427,292,-21,-36,66,5
42.39741,-367,329,-2,-22,26,4
42.39756,-367,329,-2,1,-28,-3
42.39762,-374,335,-5,20,-55,-5
42.39774,-374,335,-5,21,-41,-6
42.39779,-442,294,-25,6,7,-8
42.39790,-442,294,-25,-18,49,-7
42.39794,-453,282,-36,-35,56,-7
42.39796,-453,282,-36,-35,30,-7
42.39800,-399,306,-43,-23,-5,-6
42.39802,-399,306,-43,-15,-25,-11
42.39804,-405,302,-40,-21,-5,-9
42.39812,-405,302,-40,-34,46,7
42.39820,-449,279,6,-40,66,9
42.39823,-449,279,6,-17,36,-2
42.45288,-276,388,9,65,-62,-25
42.45295,-276,388,9,-12,9,1
42.45303,-391,322,-12,-62,45,21
42.45307,-391,322,-12,-56,-3,10
42.45318,-446,323,-73,-2,-77,-15
42.45323,-446,323,-73,48,-86,-30
42.45327,-353,371,-99,38,-12,-39
42.45329,-353,371,-99,-30,98,-36
42.45331,-335,327,-89,-105,160,-16
42.45343,-335,327,-89,-130,121,-3
42.45345,-445,263,-11,-89,10,-12
42.45348,-445,263,-11,-15,-86,-23
42.45358,-496,282,78,46,-98,-12
42.45361,-496,282,78,64,-48,15
42.45364,-446,315,49,51,-4,40
42.45366,-446,315,49,38,-9,44
42.50682,-361,355,91,-27,-41,3
42.50701,-445,288,-91,-93,50,37
42.50706,-445,288,-91,-102,97,50
42.50708,-377,343,-60,-44,79,42
42.50711,-377,343,-60,46,24,16
42.50726,-333,381,70,117,-36,-11
42.50738,-333,381,70,140,-84,-19
42.50744,-418,321,62,120,-114,-6
42.50746,-418,321,62,80,-130,14
42.50747,-431,302,-82,48,-119,35
42.50748,-431,302,-82,37,-85,42
42.50755,-300,377,-177,41,-36,24
42.50756,-300,377,-177,47,20,-14
42.50761,-303,374,-157,28,60,-56
42.50762,-303,374,-157,-27,72,-79
42.50767,-508,254,-70,-104,70,-67
42.55994,-425,324,8,167,-184,-42
42.55999,-425,324,8,133,-120,-35
42.56005,-379,301,-150,50,-13,-29
42.56007,-379,301,-150,-51,85,-42
42.56012,-381,254,-196,-142,138,-62
42.56014,-381,254,-196,-194,148,-65
42.56017,-512,205,-88,-195,116,-64
42.56020,-512,205,-88,-150,55,-62
42.56023,-603,166,74,-82,4,-49
42.56025,-603,166,74,-26,-16,-31
42.56031,-588,128,126,-2,12,-5
42.56033,-588,128,126,-7,62,24
42.56035,-564,111,62,-27,78,34
42.56036,-564,111,62,-37,56,28
42.56042,-557,137,15,-26,17,9
42.56043,-557,137,15,-10,-24,-15
42.61303,-346,282,15,-54,38,-55
42.61312,-562,205,-5,-124,58,-48
42.61319,-562,205,-5,-168,71,-12
42.61325,-632,133,-32,-156,96,37
42.61327,-632,133,-32,-98,121,65
42.61335,-424,218,70,-16,108,55
42.61337,-424,218,70,52,35,19
42.61340,-391,296,114,76,-67,-24
42.61342,-391,296,114,36,-117,-45
42.61349,-567,211,-38,-47,-60,-28
42.61356,-567,211,-38,-126,64,10
42.61359,-522,150,-116,-148,165,38
42.61360,-522,150,-116,-95,179,35
42.61362,-322,244,43,-4,93,-1
42.61372,-322,244,43,66,-42,-57
42.61374,-411,274,115,76,-131,-96
42.66533,-343,342,-26,-23,3,-45
42.66550,-343,342,-26,-5,-14,-32
42.66573,-400,314,-16,-6,-6,-7
42.66578,-400,314,-16,-21,17,5
42.66592,-458,303,-20,-34,39,0
42.66600,-458,303,-20,-35,49,-10
42.66613,-420,315,-11,-23,38,-11
42.66617,-420,315,-11,-3,12,2
42.66619,-408,309,-7,14,-11,19
42.66622,-408,309,-7,20,-17,24
42.66624,-429,293,-22,11,-7,10
42.66635,-429,293,-22,-8,14,-11
42.66650,-380,310,-36,-26,34,-22
42.66653,-380,310,-36,-32,43,-13
42.66655,-355,342,-38,-29,34,6
42.66659,-355,342,-38,-25,15,14
42.71872,-413,300,-7,19,-16,-4
42.71879,-413,300,-7,25,-21,-3
42.71905,-445,293,-16,30,-23,0
42.71909,-445,293,-16,33,-24,6
42.71911,-451,296,-28,34,-27,14
42.71936,-451,296,-28,33,-25,21
42.71949,-418,311,-28,29,-20,25
42.71952,-418,311,-28,26,-16,25
42.71954,-384,320,-22,25,-13,20
42.71964,-384,320,-22,25,-15,12
42.71971,-385,321,-27,25,-20,7
42.71981,-385,321,-27,26,-21,6
42.71989,-401,325,-40,23,-23,6
42.71998,-401,325,-40,23,-24,4
42.72001,-395,334,-45,22,-18,2
42.72002,-395,334,-45,18,-9,-1
42.77324,-374,338,-32,6,-12,-1
42.77329,-374,338,-32,5,-14,3
42.77337,-390,333,-33,4,-11,0
42.77340,-390,333,-33,6,-6,-5
42.77341,-397,332,-35,8,-2,-10
42.77342,-397,332,-35,6,1,-11
42.77344,-398,330,-40,0,2,-8
42.77358,-398,330,-40,-7,3,-3
42.77360,-399,323,-45,-15,6,0
42.77366,-399,323,-45,-22,13,-2
42.77370,-398,318,-43,-25,19,-9
42.77372,-398,318,-43,-23,21,-14
42.77373,-405,317,-30,-20,19,-12
42.77378,-405,317,-30,-17,13,-4
42.77380,-417,315,-20,-13,7,3
42.77384,-417,315,-20,-7,1,5
42.82532,-402,315,-23,-10,9,-6
42.82543,-402,315,-20,-8,7,-6
42.82549,-402,315,-20,-6,5,-2
42.82563,-402,315,-20,-4,4,2
42.82566,-412,313,-21,-3,4,3
42.82578,-412,313,-21,-3,4,0
42.82582,-408,316,-23,-4,2,-3
42.82587,-408,316,-23,-2,0,-2
42.82590,-402,319,-23,-1,0,0
42.82601,-402,319,-23,-3,1,2
42.82604,-405,318,-22,-7,4,1
42.82607,-405,318,-22,-10,4,-1
42.82609,-409,318,-23,-9,2,-3
42.82611,-409,318,-23,-6,-3,-3
42.82622,-408,322,-24,-3,-4,-1
42.82628,-408,322,-24,-4,-1,0
42.88027,-401,324,-32,0,-5,3
42.88032,-401,324,-32,-1,-4,1
42.88041,-399,323,-34,1,-2,-2
42.88047,-399,323,-34,3,0,-3
42.88052,-403,321,-34,3,1,-2
42.88058,-403,321,-34,1,1,0
42.88061,-406,320,-33,-3,2,0
42.88062,-406,320,-33,-3,4,1
42.88068,-404,320,-28,-2,7,2
42.88075,-404,320,-28,0,7,4
42.88084,-402,319,-23,3,4,4
42.88088,-402,319,-23,5,-2,2
42.88090,-401,319,-23,6,-6,1
42.88092,-401,319,-23,5,-5,1
42.88094,-404,319,-27,5,-3,4
42.88098,-404,319,-27,8,-1,5
42.93203,-402,320,-23,0,-2,2
42.93213,-402,320,-23,-2,-5,2
42.93231,-408,317,-25,-2,-6,4
42.93240,-408,317,-25,1,-3,5
42.93252,-404,317,-26,2,1,4
42.93259,-404,317,-26,2,1,1
42.93262,-397,321,-25,2,-2,-1
42.93270,-397,321,-25,2,-5,-2
42.93273,-403,321,-27,2,-5,-3
42.93278,-403,321,-27,0,-3,-2
42.93283,-408,319,-30,-2,3,0
42.93288,-408,319,-30,-5,7,1
42.93292,-402,320,-29,-4,6,0
42.93294,-402,320,-29,-3,0,0
42.93303,-402,319,-25,-1,-4,2
42.93310,-402,319,-25,-1,-4,3
42.98514,-403,321,-28,2,-4,-1
42.98521,-404,320,-30,0,-2,1
42.98531,-404,320,-30,1,-1,0
42.98541,-397,321,-28,1,-1,-2
42.98543,-397,321,-28,0,-1,-3
42.98546,-403,322,-25,-1,0,-2
42.98550,-403,322,-25,-2,1,-1
42.98553,-408,321,-28,-5,2,0
42.98556,-408,321,-28,-5,2,1
42.98557,-402,322,-29,-2,1,0
42.98565,-402,322,-29,-1,-2,-1
42.98567,-400,324,-25,-1,-3,-2
42.98569,-400,324,-25,-2,-2,-2
42.98575,-400,322,-25,0,3,0
42.98576,-400,322,-25,1,5,0
42.98578,-399,320,-27,2,2,-1
43.03997,-409,318,-24,-4,-4,0
43.04033,-409,318,-24,-7,1,0
43.04041,-406,319,-26,-10,4,0
43.04047,-406,319,-26,-9,3,1
43.04050,-405,320,-24,-7,3,2
43.04052,-405,320,-24,-6,2,3
43.04053,-406,320,-22,-3,1,0
43.04055,-406,320,-22,1,-1,-3
43.04059,-405,318,-26,2,-2,-3
43.04063,-405,318,-26,1,0,0
43.04065,-403,318,-30,1,0,2
43.04066,-403,318,-30,2,-3,0
43.04067,-403,319,-32,1,-2,-3
43.04298,-403,319,-32,-1,3,-5
43.04300,-407,317,-31,-3,6,-6
43.04302,-407,317,-31,-6,5,-4
43.09655,-398,321,-26,1,-1,1
43.09684,-398,321,-26,2,0,2
43.09692,-400,324,-26,3,-1,1
43.09701,-400,324,-26,1,-1,0
43.09713,-403,325,-27,0,1,1
43.09715,-403,325,-27,0,3,3
43.09724,-408,323,-28,1,3,5
43.09726,-408,323,-28,2,1,6
43.09728,-407,322,-27,2,-1,5
43.09743,-407,322,-27,1,0,0
43.09745,-401,323,-26,-1,4,-5
43.09746,-401,323,-26,-1,6,-4
43.09748,-400,324,-25,1,4,2
43.09756,-400,324,-25,3,-1,6
43.09762,-400,325,-22,3,-4,7
43.09764,-400,325,-22,2,-4,5
43.15276,-408,316,-34,1,3,0
43.15282,-403,317,-31,-2,1,-1
43.15293,-403,317,-31,-6,0,-2
43.15297,-399,316,-27,-6,-1,-1
43.15300,-399,316,-27,-1,-1,0
43.15302,-405,314,-24,5,0,0
43.15306,-405,314,-24,8,-1,-1
43.15319,-406,316,-25,8,-4,-3
43.15324,-406,316,-25,5,-4,-3
43.15339,-403,317,-29,1,-2,0
43.15343,-403,317,-29,-2,1,3
43.15351,-409,316,-34,-3,3,3
43.15361,-409,316,-34,-2,5,3
43.15366,-411,316,-33,-2,6,2
43.15370,-411,316,-33,-2,3,0
43.15374,-404,317,-27,-1,-2,0
43.20725,-406,323,-26,5,5,2
43.20729,-402,322,-29,1,6,2
43.20735,-402,322,-29,0,5,0
43.20742,-400,323,-26,0,2,0
43.20752,-400,323,-26,2,2,1
43.20755,-399,323,-25,4,2,2
43.20756,-399,323,-25,4,1,2
43.20757,-397,323,-25,3,1,2
43.20758,-397,323,-25,1,2,1
43.20762,-397,323,-24,0,2,0
43.20766,-397,323,-24,0,2,-1
43.20770,-397,323,-25,3,2,0
43.20771,-397,323,-25,4,1,0
43.20775,-397,321,-29,1,2,-2
43.20779,-397,321,-29,-2,2,-4
43.20781,-402,319,-30,-4,-1,-4
43.26288,-403,319,-27,-3,-2,0
43.26291,-402,319,-26,-4,-2,1
43.26292,-402,319,-26,-3,-3,3
43.26300,-404,319,-27,0,-4,5
43.26301,-404,319,-27,3,-6,6
43.26305,-404,318,-28,3,-8,5
43.26315,-404,318,-28,0,-4,3
43.26316,-404,318,-31,-4,2,0
43.26321,-404,318,-31,-4,4,0
43.26323,-409,320,-32,-3,2,3
43.26324,-409,320,-32,-2,0,5
43.26324,-409,321,-30,-2,3,4
43.26325,-409,321,-30,-3,4,1
43.26331,-403,321,-25,-3,2,0
43.26332,-403,321,-25,0,-3,2
43.26332,-401,320,-23,2,-7,6
43.31812,-401,319,-26,0,1,-1
43.31815,-400,321,-23,1,-2,0
43.31815,-400,321,-23,0,-2,0
43.31815,-405,319,-24,-1,0,-2
43.31821,-405,319,-24,-4,3,-3
43.31823,-405,317,-26,-4,4,-1
43.31823,-405,317,-26,-2,3,2
43.31824,-401,320,-24,0,-1,4
43.31833,-401,320,-24,2,-4,4
43.31833,-399,321,-25,3,-3,2
43.31836,-399,321,-25,0,1,-1
43.31837,-403,317,-29,-2,4,-1
43.31837,-403,317,-29,-5,4,1
43.31838,-407,317,-32,-6,3,4
43.31838,-407,317,-32,-6,5,2
43.31839,-403,320,-28,-5,7,-2
43.36867,-403,321,-28,1,1,1
43.36871,-406,321,-31,2,-3,1
43.36876,-406,321,-31,2,-5,0
43.36878,-405,320,-32,-1,-1,0
43.36880,-405,320,-32,-4,3,-2
43.36888,-404,320,-29,-5,3,-2
43.36892,-404,320,-29,-3,3,-1
43.36896,-405,320,-26,0,3,-1
43.36897,-405,320,-26,2,2,-1
43.36899,-403,318,-25,1,1,1
43.36900,-403,318,-25,0,0,2
43.36902,-399,319,-26,2,-1,3
43.36904,-399,319,-26,5,-2,3
43.36910,-399,320,-28,6,-4,2
43.36913,-399,320,-28,7,-5,0
43.36919,-399,320,-28,5,-3,-2
43.42246,-407,320,-26,-3,3,1
43.42310,-407,320,-30,-5,2,-2
43.42325,-407,320,-30,-3,-1,-4
43.42332,-408,319,-31,-1,-2,-4
43.42339,-408,319,-31,-2,-1,-1
43.42342,-407,317,-30,-6,3,0
43.42355,-407,317,-30,-9,9,-1
43.42365,-402,317,-28,-6,9,-3
43.42367,-402,317,-28,1,3,-4
43.42372,-404,320,-24,5,-4,-3
43.42386,-404,320,-24,6,-5,0
43.42389,-405,320,-24,4,0,3
43.42392,-405,320,-24,1,2,3
43.42396,-400,320,-26,0,2,2
43.42400,-400,320,-26,1,1,0
43.42402,-399,320,-28,2,0,0
43.47667,-401,321,-23,5,-2,0
43.47673,-401,321,-23,3,-1,0
43.47680,-397,320,-26,1,0,-2
43.47684,-397,320,-26,0,1,-2
43.47687,-394,321,-28,1,1,-1
43.47691,-394,321,-28,2,0,-1
43.47694,-401,321,-29,0,0,-2
43.47695,-401,321,-29,-5,1,-1
43.47696,-406,321,-31,-8,0,1
43.47698,-406,321,-31,-7,0,3
43.47700,-405,320,-30,-4,1,2
43.47704,-405,320,-30,-3,4,1
43.47705,-404,320,-28,-4,5,-1
43.47712,-404,320,-28,-4,3,-2
43.47714,-403,320,-24,-3,0,0
43.47717,-403,320,-24,0,-2,2
43.52997,-411,319,-32,2,-3,0
43.53004,-411,319,-32,-3,1,-1
43.53015,-408,320,-32,-7,3,-3
43.53017,-408,320,-32,-7,3,-3
43.53020,-403,320,-28,-4,2,-2
43.53029,-403,320,-28,-2,1,1
43.53033,-401,318,-24,-3,2,1
43.53035,-401,318,-24,-6,5,0
43.53038,-402,319,-22,-5,7,0
43.53042,-402,319,-22,0,3,-1
43.53045,-402,322,-24,5,-2,0
43.53055,-402,322,-24,7,-5,1
43.53057,-401,321,-29,5,-4,4
43.53059,-401,321,-29,1,-1,5
43.53060,-401,320,-33,-3,0,3
43.53062,-401,320,-33,-4,0,1
43.58079,-403,321,-29,-3,3,-4
43.58085,-403,321,-29,-3,4,-4
43.58092,-399,321,-27,-1,2,-3
43.58094,-399,321,-27,3,-1,-1
43.58103,-401,320,-24,5,-1,3
43.58105,-401,320,-24,4,0,4
43.58111,-401,320,-24,2,-1,3
43.58112,-401,320,-24,3,-4,0
43.58122,-400,320,-26,5,-6,-1
43.58125,-400,320,-26,7,-5,0
43.58127,-404,319,-30,4,-2,1
43.58129,-404,319,-30,0,0,2
43.58134,-405,318,-33,-4,3,3
43.58138,-405,318,-33,-6,5,4
43.58143,-401,318,-30,-7,8,4
43.58145,-401,318,-30,-5,8,3
43.63644,-393,319,-29,-1,6,-1
43.63648,-393,319,-29,3,4,2
43.63665,-399,319,-25,3,-1,1
43.63667,-399,319,-25,0,-3,1
43.63668,-402,318,-24,-2,-1,1
43.63678,-402,318,-24,-3,0,3
43.63687,-402,319,-26,-2,0,4
43.63690,-402,319,-26,0,0,3
43.63693,-406,320,-25,1,0,2
43.63699,-406,320,-25,-1,0,3
43.63701,-406,320,-27,-4,0,3
43.63702,-406,320,-27,-6,1,2
43.63703,-403,320,-27,-4,0,3
43.63710,-403,320,-27,1,0,3
43.63715,-405,321,-24,5,2,3
43.63717,-405,321,-24,5,2,1
43.68886,-406,320,-26,0,-4,1
43.68891,-402,320,-25,0,-6,0
43.68901,-402,320,-25,1,-3,0
43.68903,-399,320,-25,1,0,0
43.68904,-399,320,-25,0,3,0
43.68905,-399,322,-25,0,3,1
43.68906,-399,322,-25,1,3,2
43.68906,-399,323,-26,2,3,3
43.68908,-399,323,-26,4,1,2
43.68909,-400,322,-28,4,-2,-1
43.68911,-400,322,-28,3,-4,-2
43.68917,-401,321,-30,1,-3,-3
43.68918,-401,321,-30,-2,-1,-4
43.68927,-403,319,-32,-5,3,-4
43.68928,-403,319,-32,-7,5,-3
43.68929,-405,318,-30,-8,4,-1
43.74413,-402,320,-26,1,0,0
43.74415,-402,320,-26,2,2,1
43.74422,-400,320,-25,3,4,1
43.74423,-400,320,-25,4,4,1
43.74430,-400,321,-24,4,-1,2
43.74431,-400,321,-24,4,-7,2
43.74431,-404,320,-26,2,-8,2
43.74432,-404,320,-26,-1,-4,1
43.74433,-407,320,-30,-3,-1,1
43.74434,-407,320,-30,-3,0,-1
43.74434,-405,321,-31,-2,2,-1
43.74439,-405,321,-31,-3,3,-1
43.74440,-402,320,-29,-4,3,-1
43.74441,-402,320,-29,-3,2,0
43.74441,-401,320,-27,-2,1,4
43.74441,-401,320,-27,-2,2,7
43.79682,-403,320,-26,3,-1,1
43.79686,-403,320,-26,1,0,1
43.79693,-402,322,-25,1,3,0
43.79698,-402,322,-25,2,2,0
43.79698,-403,323,-25,4,0,0
43.79702,-403,323,-25,4,-1,0
43.79703,-402,324,-25,1,0,0
43.79704,-402,324,-25,-1,0,1
43.79711,-400,322,-25,2,-2,0
43.79712,-400,322,-25,4,-4,0
43.79715,-400,319,-26,4,-5,-1
43.79717,-400,319,-26,4,-5,-2
43.79717,-405,318,-29,3,-5,-3
43.79718,-405,318,-29,4,-4,-2
43.79718,-408,318,-31,4,-2,0
43.79719,-408,318,-31,1,2,1
43.85047,-403,320,-28,-1,2,-3
43.85049,-403,320,-28,1,3,0
43.85050,-403,320,-28,2,3,3
43.85050,-404,319,-27,-1,1,4
43.85058,-404,319,-27,-2,-3,2
43.85058,-402,320,-28,-1,-5,-1
43.85059,-402,320,-28,1,-5,-2
43.85063,-406,321,-29,2,-3,0
43.85064,-406,321,-29,0,-1,0
43.85073,-408,320,-30,-2,2,-1
43.85074,-408,320,-30,-3,4,-1
43.85074,-404,320,-30,-5,4,0
43.85074,-404,320,-30,-5,2,1
43.85078,-403,319,-29,-3,-1,0
43.85078,-403,319,-29,-2,1,-1
43.85078,-404,318,-27,-1,4,-1
43.90338,-408,320,-27,0,-4,0
43.90340,-408,320,-27,-1,-1,2
43.90341,-408,321,-27,-1,-1,1
43.90341,-408,321,-27,-2,-1,-1
43.90349,-402,322,-29,-3,1,-2
43.90352,-402,322,-29,-4,4,-2
43.90352,-401,323,-30,-3,4,-3
43.90353,-401,323,-30,-1,-1,-2
43.90353,-406,321,-28,0,-4,1
43.90362,-406,321,-28,0,-3,4
43.90362,-402,320,-25,-2,1,6
43.90363,-402,320,-25,-3,4,5
43.90363,-396,322,-23,0,4,1
43.90372,-396,322,-23,6,0,-1
43.90373,-400,322,-22,11,-7,0
43.90374,-400,322,-22,11,-11,2
43.95856,-400,321,-29,2,0,-1
43.95860,-400,321,-29,2,-1,-2
43.95867,-401,320,-30,0,1,-2
43.95868,-401,320,-30,-4,4,-1
43.95869,-399,320,-30,-5,6,1
43.95869,-399,320,-30,-3,4,1
43.95879,-399,322,-29,1,2,0
43.95880,-399,322,-29,3,1,-1
43.95886,-405,321,-29,2,1,0
43.95887,-405,321,-29,1,2,0
43.95891,-409,319,-31,-1,2,1
43.95891,-409,319,-31,-3,2,2
43.95895,-406,319,-30,-5,3,1
43.95895,-406,319,-30,-6,4,0
43.95897,-405,319,-26,-5,3,0
43.95898,-405,319,-26,-4,0,1
44.00926,-408,318,-27,1,1,-2
44.00930,-408,318,-27,2,2,-2
44.00934,-408,319,-26,2,1,-3
44.00935,-408,319,-26,2,-1,-1
44.00937,-405,320,-26,0,0,0
44.00938,-405,320,-26,-2,4,1
44.00949,-402,321,-27,-3,6,2
44.00954,-402,321,-27,-2,5,2
44.00961,-401,321,-25,-2,2,2
44.00963,-401,321,-25,-2,1,3
44.00964,-400,321,-23,0,2,3
44.00965,-400,321,-23,3,1,2
44.00968,-399,320,-23,4,-2,1
44.00972,-399,320,-23,6,-2,1
44.00974,-401,320,-26,6,-3,-1
44.00974,-401,320,-26,3,-2,-1
44.06486,-409,318,-29,-1,1,3
44.06493,-409,318,-29,-1,2,1
44.06505,-401,320,-27,1,0,-1
44.06513,-401,320,-27,3,-1,-2
44.06518,-402,320,-27,3,-1,-2
44.06525,-402,320,-27,-1,1,-1
44.06541,-402,318,-28,-5,4,-1
44.06544,-402,318,-28,-6,8,0
44.06545,-398,319,-27,-3,6,1
44.06550,-398,319,-27,0,1,1
44.06555,-400,319,-25,3,-3,0
44.06557,-400,319,-25,3,-4,-2
44.06558,-403,318,-27,1,-4,-2
44.06560,-403,318,-27,-1,-3,0
44.06568,-405,318,-30,-1,-2,2
44.06570,-405,318,-30,0,0,3
44.11646,-400,320,-28,1,-2,-2
44.11653,-400,320,-28,3,-4,-2
44.11660,-405,321,-27,2,-4,-2
44.11671,-405,321,-27,0,-2,-4
44.11678,-407,320,-28,-1,2,-5
44.11687,-407,320,-28,-1,5,-2
44.11696,-410,320,-28,0,7,3
44.11703,-410,320,-28,-1,5,5
44.11709,-406,320,-27,-2,5,3
44.11721,-406,320,-27,-2,6,-2
44.11724,-400,320,-25,-4,6,-6
44.11727,-400,320,-25,-4,3,-5
44.11730,-403,321,-23,-2,0,-1
44.11738,-405,321,-26,3,-1,5
44.11740,-405,321,-26,5,0,2
44.11745,-399,321,-28,5,0,-2
44.16845,-406,320,-26,4,-1,1
44.16852,-407,321,-25,3,-1,-2
44.16861,-407,321,-25,0,0,-2
44.16871,-407,320,-27,-1,2,0
44.16877,-407,320,-27,-1,3,1
44.16895,-404,320,-29,0,2,1
44.16898,-404,320,-29,0,2,1
44.16917,-399,320,-28,0,2,-1
44.16923,-398,321,-26,-1,3,-4
44.16926,-398,321,-26,0,4,-3
44.16928,-402,322,-25,2,3,-2
44.16941,-402,322,-25,2,0,-2
44.16949,-402,321,-25,2,-3,-3
44.16951,-402,321,-25,2,-5,-3
44.16956,-401,319,-28,1,-4,0
44.16961,-401,319,-28,0,-3,1
44.22436,-572,99,51,-84,36,11
44.22447,-572,99,51,-106,112,64
44.22458,-625,95,-8,-103,165,61
44.22462,-625,95,-8,-72,145,1
44.22475,-493,186,7,-44,66,-72
44.22479,-493,186,7,-56,1,-96
44.22481,-452,214,6,-112,13,-49
44.22483,-452,214,6,-174,86,30
44.22486,-488,230,31,-164,166,79
44.22488,-488,230,31,-78,146,42
44.22492,-356,327,107,23,67,-16
44.22494,-356,327,107,85,-43,-49
44.22496,-439,285,26,81,-120,-28
44.22501,-439,285,26,23,-113,35
44.22511,-533,233,-97,-48,-30,96
44.22514,-533,233,-97,-82,68,106
44.27990,-599,158,-47,-207,143,-82
44.28000,-599,158,-47,-222,133,-30
44.28011,-827,4,-100,-232,171,-10
44.28017,-827,4,-100,-237,216,-15
44.28025,-532,123,61,-224,226,-23
44.28031,-532,123,61,-185,194,-2
44.28033,-346,255,209,-124,126,32
44.28036,-346,255,209,-59,41,39
44.28038,-579,169,96,-7,-20,17
44.28042,-579,169,96,12,-33,-13
44.28047,-662,114,-57,-10,5,-28
44.28051,-662,114,-57,-56,76,-12
44.28054,-368,265,-23,-101,132,16
44.28060,-368,265,-23,-115,131,25
44.28062,-242,352,39,-52,4,-29
44.28063,-499,228,-16,4,-11,-66
44.33126,-445,300,-14,164,-76,55
44.33131,-445,300,-14,222,-163,52
44.33139,-351,361,28,253,-257,25
44.33145,-351,361,28,223,-269,2
44.33149,-290,398,-8,140,-160,12
44.33151,-290,398,-8,50,-4,37
44.33155,-419,293,-127,13,82,41
44.33157,-419,293,-127,50,23,10
44.33158,-457,268,-107,125,-133,-32
44.33170,-457,268,-107,176,-235,-37
44.33175,-358,361,21,155,-196,-2
44.33184,-358,361,21,78,-52,40
44.33194,-381,341,-7,4,75,57
44.33204,-381,341,-7,-14,89,36
44.33209,-461,250,-113,26,-2,-11
44.33210,-461,250,-113,68,-110,-52
44.38657,-411,324,-39,-31,23,-23
44.38664,-411,324,-39,-11,1,-22
44.38679,-411,324,-39,12,-22,-9
44.38694,-431,313,4,35,-31,15
44.38698,-431,313,4,49,-33,26
44.38701,-378,341,1,41,-37,13
44.38705,-378,341,1,12,-24,-2
44.38716,-370,338,-76,-41,12,-14
44.38721,-370,338,-76,-104,73,-19
44.38722,-431,290,-146,-152,135,-15
44.38723,-431,290,-146,-167,153,-12
44.38726,-439,287,-79,-142,127,-9
44.38728,-439,287,-79,-86,79,-5
44.38733,-392,319,80,-20,18,-6
44.38737,-392,319,80,34,-33,-2
44.38738,-409,318,138,66,-57,19
44.44029,-378,359,14,-109,124,-3
44.44034,-392,323,9,-148,153,20
44.44041,-392,323,9,-138,111,20
44.44045,-392,323,9,-78,24,-7
44.44047,-428,306,-4,-8,-38,-33
44.44049,-428,306,-4,33,-26,-32
44.44051,-390,351,5,31,19,-14
44.44062,-390,351,5,7,34,5
44.44064,-344,365,-3,-11,3,11
44.44066,-344,365,-3,-14,-40,-5
44.44067,-363,333,-37,-10,-46,-32
44.44069,-363,333,-37,-16,2,-46
44.44070,-424,304,-69,-45,77,-34
44.44074,-424,304,-69,-86,122,-12
44.44075,-440,301,-81,-115,102,0
44.44082,-440,301,-81,-120,49,0
44.49592,-431,324,-59,-93,87,-28
44.49598,-431,324,-59,-73,29,-16
44.49603,-450,325,-34,-65,15,-23
44.49611,-450,325,-34,-71,47,-26
44.49617,-481,268,49,-71,78,-1
44.49624,-481,268,49,-33,55,45
44.49627,-448,297,142,59,-31,77
44.49635,-448,297,142,173,-147,69
44.49644,-368,367,110,265,-232,39
44.49647,-368,367,110,293,-251,13
44.49648,-402,323,-65,242,-211,14
44.49650,-402,323,-65,148,-141,44
44.49652,-465,275,-172,69,-72,81
44.49659,-465,275,-172,40,-15,101
44.49664,-363,352,-117,54,17,87
44.49665,-363,352,-117,72,12,41
44.54725,-370,334,12,-111,61,-11
44.54737,-473,289,-6,-89,46,-6
44.54746,-473,289,-6,-72,64,-5
44.54751,-492,271,-25,-82,101,2
44.54753,-492,271,-25,-115,131,11
44.54755,-415,300,-30,-147,128,6
44.54761,-415,300,-30,-149,88,-21
44.54763,-343,316,-28,-124,41,-61
44.54764,-343,316,-28,-98,36,-82
44.54765,-375,303,-20,-94,100,-59
44.54778,-375,303,-20,-115,174,-13
44.54780,-466,298,-26,-136,175,23
44.54784,-466,298,-26,-120,94,33
44.54786,-468,333,-10,-66,-8,17
44.54793,-468,333,-10,-14,-68,-20
44.54795,-373,362,21,0,-55,-58
44.60162,-353,390,-55,-47,8,-38
44.60167,-522,254,14,-17,-10,-26
44.60178,-522,254,14,6,-14,-3
44.60181,-447,287,25,21,-2,21
44.60183,-447,287,25,26,12,33
44.60184,-286,409,-16,21,10,23
44.60185,-286,409,-16,17,-8,2
44.60189,-286,409,-16,18,-26,-13
44.60196,-362,351,-65,16,-32,-15
44.60200,-362,351,-65,0,-23,-11
44.60202,-487,243,-74,-22,-4,-12
44.60204,-487,243,-74,-32,24,-19
44.60209,-397,291,-40,-31,46,-32
44.60215,-397,291,-40,-25,51,-40
44.60219,-349,352,-13,-15,40,-27
44.60221,-349,352,-13,0,16,0
44.65730,-389,356,-1,-72,5,-27
44.65741,-389,356,-1,-37,-21,-20
44.65782,-521,246,-23,-7,7,3
44.65794,-521,246,-23,18,41,15
44.65801,-409,294,14,33,30,3
44.65804,-409,294,14,21,-10,-18
44.65811,-259,416,20,-25,-14,-26
44.65817,-259,416,20,-97,43,-16
44.65845,-377,376,-106,-161,116,-4
44.65854,-377,376,-106,-170,149,4
44.65857,-522,268,-165,-113,113,14
44.65869,-522,268,-165,-18,27,26
44.65876,-414,315,13,61,-65,30
44.65879,-414,315,13,94,-101,27
44.65881,-280,401,170,85,-67,20
44.65896,-280,401,170,56,-22,-3
44.71170,-366,371,-16,93,-111,-8
44.71173,-453,293,-62,36,-55,-2
44.71179,-453,293,-62,-22,23,25
44.71180,-433,292,-40,-30,51,53
44.71181,-433,292,-40,27,-3,59
44.71189,-308,394,24,118,-98,39
44.71190,-308,394,24,189,-156,11
44.71194,-318,388,6,204,-145,-6
44.71194,-318,388,6,156,-98,-13
44.71197,-428,294,-87,80,-59,-14
44.71198,-428,294,-87,14,-46,-8
44.71199,-403,307,-155,-24,-37,-1
44.71200,-403,307,-155,-35,-5,-4
44.71201,-312,366,-149,-38,55,-14
44.71201,-312,366,-149,-48,111,-30
44.71202,-402,316,-65,-66,125,-46
44.76309,-449,263,-15,-237,161,-61
44.76314,-449,263,-15,-228,202,-18
44.76317,-431,312,54,-164,167,8
44.76318,-431,312,54,-70,54,-6
44.76319,-352,383,87,2,-50,-43
44.76325,-352,383,87,3,-59,-63
44.76340,-397,326,-2,-61,25,-51
44.76344,-397,326,-2,-125,115,-20
44.76350,-458,281,-75,-120,129,7
44.76353,-458,281,-75,-42,59,13
44.76354,-392,354,-27,52,-35,0
44.76355,-392,354,-27,88,-67,-10
44.76367,-373,366,-7,33,-6,0
44.76369,-373,366,-7,-67,78,21
44.76370,-447,296,-47,-132,98,32
44.76371,-447,296,-47,-114,45,24
44.81732,-180,545,-19,322,-347,23
44.81738,-268,499,-49,322,-318,46
44.81740,-268,499,-49,350,-258,78
44.81755,-302,482,-75,387,-216,86
44.81761,-302,482,-75,409,-217,67
44.81771,-261,506,-123,390,-245,53
44.81778,-261,506,-123,319,-264,60
44.81783,-274,491,-199,218,-236,68
44.81789,-274,491,-199,131,-154,60
44.81797,-274,491,-199,81,-62,32
44.81801,-260,459,-205,78,-12,-3
44.81810,-260,459,-205,108,-26,-15
44.81814,-238,445,-106,139,-90,-3
44.81819,-238,445,-106,145,-150,15
44.81822,-321,413,-24,127,-153,28
44.81823,-321,413,-24,102,-105,19
44.87221,-256,510,-126,43,-47,-17
44.87261,-256,510,-126,70,-44,-14
44.87265,-304,466,-86,60,-16,-7
44.87269,-304,466,-86,6,37,0
44.87281,-277,454,-106,-56,79,10
44.87285,-277,454,-106,-80,69,21
44.87310,-222,512,-84,-44,-3,18
44.87315,-222,512,-84,26,-93,-11
44.87318,-247,504,-68,71,-126,-48
44.87329,-247,504,-68,48,-67,-67
44.87339,-358,408,-133,-40,50,-48
44.87353,-358,408,-133,-142,158,-1
44.87357,-345,415,-127,-196,196,42
44.87365,-217,517,21,-74,45,6
44.87370,-217,517,21,34,-59,-46
44.87372,-279,468,75,99,-112,-70
44.92565,-405,291,-12,24,-32,-6
44.92569,-405,291,-12,4,8,-7
44.92574,-419,290,-10,-2,27,6
44.92577,-419,290,-10,12,12,19
44.92584,-419,290,-10,35,-25,24
44.92585,-416,319,-6,50,-57,20
44.92589,-416,319,-6,49,-61,9
44.92590,-404,330,-34,33,-36,0
44.92592,-404,330,-34,10,2,-2
44.92593,-409,318,-62,-11,25,3
44.92599,-409,318,-62,-22,27,11
44.92600,-398,320,-56,-25,19,14
44.92601,-398,320,-56,-25,16,10
44.92603,-361,336,-42,-26,17,-2
44.92604,-361,336,-42,-27,16,-18
44.92605,-371,326,-53,-32,18,-27
44.97650,-391,341,-48,51,-25,-2
44.97655,-391,341,-48,44,-22,-6
44.97662,-403,333,-45,28,-19,-7
44.97672,-403,333,-45,9,-17,-3
44.97675,-409,318,-50,-4,-15,4
44.97679,-409,318,-50,-5,-15,10
44.97686,-391,321,-48,3,-14,9
44.97691,-391,321,-48,9,-9,-2
44.97695,-372,332,-40,9,-1,-13
44.97697,-372,332,-40,2,9,-16
44.97701,-391,325,-33,-6,16,-12
44.97702,-391,325,-33,-13,16,-7
44.97704,-422,311,-25,-15,10,-1
44.97710,-422,311,-25,-11,-1,1
44.97712,-416,317,-21,-3,-16,1
44.97718,-416,317,-21,3,-26,0
45.02976,-397,316,-33,-1,5,-3
45.02981,-403,321,-34,-7,3,-5
45.02990,-403,321,-34,-14,5,-5
45.02996,-413,316,-38,-20,11,-1
45.02999,-413,316,-38,-21,16,3
45.03002,-419,305,-39,-21,18,7
45.03012,-419,305,-39,-21,19,9
45.03017,-413,307,-32,-23,21,9
45.03021,-413,307,-32,-29,25,2
45.03030,-404,317,-25,-33,25,-3
45.03046,-404,317,-25,-32,17,-2
45.03048,-408,319,-18,-24,6,5
45.03050,-408,319,-18,-10,-4,13
45.03052,-413,319,-9,4,-9,16
45.03054,-413,319,-9,16,-12,11
45.03065,-402,325,-7,25,-13,6
45.08557,-401,320,-37,7,-5,0
45.08561,-401,320,-37,4,-3,0
45.08573,-406,320,-30,4,-3,3
45.08575,-406,320,-30,8,-6,5
45.08581,-403,322,-25,11,-8,4
45.08582,-403,322,-25,13,-8,1
45.08583,-398,322,-25,16,-9,-1
45.08591,-398,322,-25,17,-11,-3
45.08594,-402,319,-31,17,-12,-4
45.08596,-402,319,-31,16,-12,-3
45.08597,-403,317,-39,13,-11,-2
45.08604,-403,317,-39,9,-6,0
45.08606,-399,316,-38,5,-1,0
45.08608,-399,316,-38,2,2,0
45.08610,-402,316,-29,4,-1,0
45.08612,-402,316,-29,8,-4,0
45.13992,-397,321,-30,10,-6,9
45.14000,-397,321,-30,7,-5,6
45.14002,-401,319,-32,2,-1,3
45.14004,-401,319,-32,-5,3,-1
45.14017,-397,318,-36,-10,5,-3
45.14023,-397,318,-36,-9,7,-4
45.14024,-396,317,-33,-5,8,-4
45.14033,-396,317,-33,-3,9,-6
45.14039,-404,316,-30,-9,10,-7
45.14042,-404,316,-30,-18,13,-7
45.14044,-409,318,-32,-24,13,-7
45.14053,-409,318,-32,-24,12,-6
45.14056,-404,321,-33,-24,12,-5
45.14057,-404,321,-33,-26,16,-3
45.14058,-399,321,-33,-31,22,-3
45.14059,-399,321,-33,-35,28,-5
45.19283,-401,323,-37,-4,6,-3
45.19287,-401,322,-35,-7,4,-3
45.19292,-401,322,-35,-9,3,-3
45.19294,-406,321,-34,-8,5,-2
45.19297,-406,321,-34,-8,10,-1
45.19299,-407,320,-34,-11,15,-1
45.19300,-407,320,-34,-16,19,-2
45.19301,-400,319,-34,-22,20,-2
45.19303,-400,319,-34,-26,19,-1
45.19304,-398,317,-29,-26,17,-1
45.19306,-398,317,-29,-24,15,-2
45.19307,-401,318,-22,-21,15,-2
45.19312,-401,318,-22,-15,14,-2
45.19315,-402,319,-13,-9,12,-4
45.19319,-402,319,-13,-5,8,-5
45.19321,-406,319,-11,0,1,-3
45.24668,-400,318,-29,-5,4,-4
45.24673,-400,318,-29,-10,4,-5
45.24683,-400,317,-30,-12,5,-4
45.24685,-400,317,-30,-7,5,-3
45.24688,-401,316,-29,-2,4,-4
45.24690,-401,316,-29,-1,4,-4
45.24691,-403,316,-29,-3,3,-3
45.24703,-403,316,-29,-5,1,-2
45.24705,-405,316,-29,-6,2,-2
45.24709,-405,316,-29,-6,6,-2
45.24715,-408,317,-25,-3,7,-2
45.24720,-408,317,-25,0,6,-4
45.24727,-413,318,-24,0,1,-5
45.24731,-413,318,-24,-3,-2,-5
45.24739,-411,318,-28,-6,-3,0
45.24744,-411,318,-28,-5,-1,3
45.29904,-400,324,-20,7,-4,2
45.29911,-404,323,-22,9,-6,2
45.29913,-404,323,-22,9,-7,1
45.29914,-406,322,-27,7,-5,0
45.29923,-406,322,-27,1,-1,0
45.29926,-406,322,-31,-4,4,-1
45.29927,-406,322,-31,-7,8,-2
45.29929,-404,322,-32,-9,10,-2
45.29930,-404,322,-32,-10,8,0
45.29931,-401,323,-30,-9,6,2
45.29943,-401,323,-30,-8,4,4
45.29944,-399,323,-26,-7,4,4
45.29946,-399,323,-26,-5,3,4
45.29952,-397,322,-20,-2,2,3
45.29954,-397,322,-20,3,-2,0
45.29960,-395,323,-17,7,-8,-3
45.35120,-404,319,-30,0,-1,-2
45.35125,-404,319,-30,0,0,-2
45.35131,-404,317,-30,-2,1,-1
45.35143,-404,317,-30,-3,1,-1
45.35145,-404,315,-29,0,0,-3
45.35152,-404,315,-29,2,-2,-4
45.35160,-402,317,-28,3,-3,-2
45.35163,-402,317,-28,-1,-2,1
45.35164,-404,316,-30,-4,1,2
45.35165,-404,316,-30,-4,5,2
45.35166,-404,314,-29,0,6,0
45.35168,-404,314,-29,5,1,-1
45.35182,-403,314,-25,7,-4,1
45.35183,-403,314,-25,5,-5,4
45.35185,-408,314,-24,2,-3,5
45.35186,-408,314,-24,1,-1,4
45.40604,-397,326,-24,-2,4,-1
45.40616,-397,326,-24,-2,1,-2
45.40632,-398,325,-24,0,-1,-1
45.40638,-398,325,-24,2,-2,-1
45.40642,-401,323,-24,2,-1,-2
45.40658,-401,323,-24,-1,-1,0
45.40666,-402,320,-25,-1,-2,1
45.40674,-402,320,-25,2,-3,-1
45.40676,-402,320,-24,6,-4,-5
45.40684,-402,320,-24,7,-5,-5
45.40687,-404,321,-25,6,-3,-2
45.40689,-404,321,-25,3,2,0
45.40690,-405,320,-29,-1,5,-2
45.40691,-405,320,-29,-5,6,-2
45.40699,-404,321,-31,-6,5,1
45.40700,-404,321,-31,-6,2,3
45.46169,-406,320,-27,3,-2,-2
45.46180,-408,318,-28,1,2,0
45.46185,-408,318,-28,-2,5,1
45.46187,-405,317,-28,-3,5,1
45.46192,-405,317,-28,-3,2,0
45.46194,-400,319,-28,-3,0,0
45.46210,-400,319,-28,-3,0,-2
45.46213,-398,319,-30,-1,2,-3
45.46217,-398,319,-30,1,3,-4
45.46224,-401,318,-28,2,3,-2
45.46230,-401,318,-28,2,0,0
45.46235,-403,318,-26,3,-4,3
45.46240,-403,318,-26,5,-7,3
45.46244,-402,317,-25,7,-8,1
45.46250,-402,317,-25,8,-7,-1
45.46253,-403,318,-26,9,-6,1
45.51768,-399,318,-29,1,-3,0
45.51788,-399,318,-29,0,-2,0
45.51793,-401,320,-27,2,1,1
45.51801,-401,320,-27,5,4,0
45.51809,-405,320,-28,6,5,-2
45.51810,-405,320,-28,3,4,-2
45.51812,-407,319,-30,1,1,0
45.51814,-407,319,-30,0,1,1
45.51816,-403,320,-32,-1,2,0
45.51817,-403,320,-32,-4,3,-2
45.51819,-403,320,-32,-7,5,-3
45.51824,-400,318,-31,-7,7,-3
45.51826,-400,318,-31,-7,9,-4
45.51827,-404,317,-27,-8,8,-4
45.51831,-404,317,-27,-7,6,-3
45.51834,-405,317,-23,-4,5,-2
45.57197,-403,320,-29,-5,7,3
45.57204,-403,320,-29,-5,6,2
45.57323,-399,321,-27,-4,3,0
45.57337,-399,321,-27,-3,1,0
45.57346,-397,321,-26,0,1,1
45.57349,-397,321,-26,3,1,1
45.57353,-402,319,-25,4,2,1
45.57354,-402,319,-25,2,0,-1
45.57356,-405,318,-25,1,-2,0
45.57361,-405,318,-25,0,-4,1
45.57366,-401,320,-28,0,-3,1
45.57379,-401,320,-28,1,-1,-2
45.57383,-402,323,-30,2,1,-1
45.57386,-402,323,-30,2,4,1
45.57390,-407,323,-31,1,3,1
45.57391,-407,323,-31,-2,1,0
45.62881,-402,316,-27,4,-4,-5
45.62886,-402,316,-27,5,-5,-4
45.62896,-404,316,-26,8,-2,-1
45.62899,-410,318,-28,6,-2,-1
45.62903,-410,318,-28,3,-1,-2
45.62904,-409,319,-31,2,-1,-2
45.62915,-409,319,-31,1,0,-2
45.62917,-403,320,-31,0,1,-2
45.62924,-403,320,-31,-1,3,-3
45.62926,-402,320,-29,-2,4,-3
45.62936,-402,320,-29,-2,3,-2
45.62938,-401,318,-26,-2,0,-2
45.62941,-401,318,-26,-2,-2,-2
45.62948,-401,319,-23,2,-4,-1
45.62956,-401,319,-23,7,-4,1
45.62972,-403,318,-23,9,-4,0
45.68482,-397,322,-24,0,-1,2
45.68490,-397,322,-24,3,-5,-1
45.68501,-398,323,-23,3,-6,-1
45.68504,-398,323,-23,5,-4,1
45.68518,-403,320,-25,6,-2,2
45.68520,-403,320,-25,5,0,0
45.68533,-406,319,-27,3,0,0
45.68538,-406,319,-27,0,-1,3
45.68540,-406,319,-29,1,-1,5
45.68543,-406,319,-29,1,-1,3
45.68549,-404,320,-33,-3,0,-1
45.68553,-404,320,-33,-6,4,-2
45.68555,-402,320,-34,-10,7,-2
45.68556,-402,320,-34,-10,7,-2
45.68561,-403,321,-30,-8,5,0
45.68565,-403,321,-30,-5,3,2
45.73884,-407,318,-32,-4,4,-2
45.74018,-403,319,-31,-5,4,-2
45.74021,-403,319,-31,-4,2,1
45.74026,-403,319,-31,-4,2,4
45.74028,-403,319,-28,-4,0,4
45.74034,-403,319,-28,-5,-1,0
45.74035,-399,319,-25,-5,-1,-4
45.74044,-399,319,-25,-1,-3,-5
45.74047,-397,319,-22,7,-7,-4
45.74050,-397,319,-22,11,-10,-2
45.74055,-404,318,-20,11,-11,1
45.74061,-404,318,-20,8,-8,2
45.74063,-407,316,-25,5,-4,0
45.74067,-407,316,-25,2,0,-3
45.74068,-402,317,-32,1,1,-2
45.74069,-402,317,-32,2,1,1
45.79584,-406,319,-26,7,-4,-1
45.79589,-406,319,-26,6,-1,1
45.79604,-410,320,-30,6,1,1
45.79610,-410,320,-30,6,0,-1
45.79613,-410,321,-33,4,-2,-3
45.79620,-410,321,-33,1,-1,-2
45.79633,-407,322,-34,-3,2,0
45.79650,-407,322,-34,-7,7,0
45.79652,-402,321,-31,-12,12,-2
45.79654,-402,321,-31,-14,13,-3
45.79660,-400,319,-27,-8,11,-3
45.79672,-400,319,-27,-2,8,-2
45.79674,-401,318,-23,1,5,-2
45.79676,-401,318,-23,2,3,0
45.79688,-401,319,-22,3,1,1
45.79695,-401,319,-22,4,-1,4
45.84902,-399,318,-27,-4,0,-3
45.84905,-399,319,-21,-2,-2,0
45.84910,-399,319,-21,-1,-4,2
45.84910,-399,319,-21,1,-4,1
45.84913,-399,319,-21,4,-3,0
45.84913,-399,318,-22,6,-3,-1
45.84915,-399,318,-22,6,-4,-1
45.84916,-405,320,-24,5,-5,1
45.84917,-405,320,-24,4,-4,3
45.84918,-408,320,-30,4,-3,3
45.84918,-408,320,-30,3,-1,0
45.84924,-405,320,-35,1,3,-3
45.84925,-405,320,-35,-2,5,-5
45.84926,-407,320,-33,-1,6,-2
45.84926,-407,320,-33,-2,4,2
45.84926,-407,319,-29,-4,2,1
45.90243,-404,317,-23,6,-6,1
45.90245,-404,317,-23,4,-6,2
45.90252,-406,319,-25,2,-2,1
45.90256,-406,319,-25,0,0,-1
45.90261,-406,319,-29,-3,2,-3
45.90262,-406,319,-29,-5,3,-2
45.90264,-408,320,-31,-7,4,-2
45.90264,-408,320,-31,-9,5,-2
45.90265,-408,321,-31,-9,5,-2
45.90266,-408,321,-31,-8,6,-1
45.90267,-401,321,-30,-7,5,-2
45.90272,-401,321,-30,-6,5,-2
45.90276,-398,319,-26,-3,4,0
45.90277,-398,319,-26,1,2,0
45.90283,-402,319,-21,3,-1,0
45.90284,-402,319,-21,4,-4,-3
45.95749,-402,320,-30,-10,4,1
45.95752,-402,320,-30,-10,6,1
45.95752,-399,320,-27,-8,7,1
45.95753,-399,320,-27,-4,5,-1
45.95753,-400,319,-22,-1,2,-3
45.95763,-400,319,-22,0,-2,-3
45.95768,-402,318,-21,1,-7,-1
45.95769,-402,318,-21,5,-9,0
45.95769,-401,319,-25,9,-7,1
45.95769,-401,319,-25,9,-3,3
45.95775,-401,319,-25,8,-1,3
45.95775,-403,319,-29,7,-3,1
45.95776,-403,319,-29,6,-4,-2
45.95778,-408,320,-32,2,-4,-3
45.95778,-408,320,-32,-3,-2,-2
45.95779,-408,320,-33,-6,1,1
46.01226,-405,318,-23,7,-5,0
46.01228,-407,319,-25,7,-3,2
46.01229,-407,319,-25,4,0,3
46.01229,-407,319,-30,0,4,4
46.01236,-407,319,-30,-3,5,3
46.01238,-405,319,-34,-6,4,2
46.01239,-405,319,-34,-8,3,1
46.01240,-403,320,-33,-9,6,0
46.01250,-403,320,-33,-9,9,-1
46.01252,-402,321,-27,-7,8,-2
46.01256,-402,321,-27,-3,3,0
46.01256,-403,321,-22,1,-1,2
46.01261,-403,321,-22,3,-1,3
46.01261,-402,320,-21,2,0,2
46.01262,-402,320,-21,3,1,0
46.01262,-401,319,-23,4,1,0
46.06769,-402,321,-32,-4,4,3
46.06772,-401,321,-27,-4,3,2
46.06779,-401,321,-27,-4,2,0
46.06788,-398,320,-24,-2,1,-2
46.06795,-398,320,-24,1,0,-1
46.06802,-397,320,-22,4,-2,1
46.06804,-397,320,-22,8,-6,3
46.06808,-402,321,-22,10,-7,4
46.06810,-402,321,-22,9,-4,3
46.06814,-405,320,-26,6,-2,-1
46.06816,-405,320,-26,3,-2,-4
46.06818,-403,320,-30,1,0,-3
46.06820,-403,320,-30,3,1,0
46.06825,-409,319,-30,3,3,1
46.06826,-409,319,-30,-2,3,0
46.06829,-406,320,-30,-6,3,-2
46.12209,-409,322,-31,-5,5,2
46.12211,-409,322,-31,-7,6,1
46.12212,-405,322,-33,-8,6,1
46.12221,-405,322,-33,-8,4,1
46.12235,-401,322,-33,-10,3,-1
46.12241,-401,322,-33,-12,5,-2
46.12242,-404,321,-27,-10,9,0
46.12242,-404,321,-27,-5,11,0
46.12247,-404,321,-22,0,6,0
46.12248,-404,321,-22,3,0,0
46.12259,-402,322,-21,7,-5,1
46.12260,-402,322,-21,9,-6,1
46.12263,-401,321,-23,9,-6,-1
46.12264,-401,321,-23,7,-5,-2
46.12265,-403,318,-27,4,-4,-1
46.12274,-403,318,-27,4,-1,0
46.17751,-402,320,-20,-3,2,5
46.17764,-402,320,-20,3,0,4
46.17773,-398,321,-18,7,-4,0
46.17783,-398,321,-18,8,-7,-2
46.17785,-401,319,-20,8,-7,-2
46.17786,-401,319,-20,8,-4,0
46.17787,-406,317,-25,6,0,0
46.17791,-406,317,-25,3,1,-1
46.17798,-408,318,-28,1,-1,-2
46.17799,-408,318,-28,-1,-1,0
46.17801,-407,319,-31,-3,2,1
46.17802,-407,319,-31,-5,5,1
46.17803,-406,319,-30,-7,7,1
46.17804,-406,319,-30,-8,6,0
46.17815,-403,320,-27,-8,6,-1
46.17817,-403,320,-27,-6,5,-2
46.23289,-404,318,-32,-5,4,0
46.23296,-407,320,-33,-6,6,1
46.23309,-407,320,-33,-9,6,0
46.23316,-407,321,-31,-11,5,1
46.23325,-407,321,-31,-8,4,1
46.23332,-402,322,-28,-4,5,1
46.23337,-402,322,-28,-3,4,1
46.23340,-401,321,-25,-1,4,0
46.23342,-401,321,-25,0,1,0
46.23350,-402,320,-21,2,-2,-1
46.23356,-402,320,-21,6,-6,-2
46.23359,-401,320,-18,9,-9,1
46.23367,-401,320,-18,10,-9,5
46.23370,-403,318,-20,9,-6,5
46.23377,-403,318,-20,7,-4,0
46.23380,-404,317,-27,4,-1,-2
46.28901,-399,320,-24,3,-5,0
46.28911,-399,320,-24,6,-7,-2
46.28919,-399,320,-24,6,-8,-1
46.28929,-406,319,-29,6,-5,2
46.28933,-406,319,-29,5,-1,3
46.28953,-410,318,-33,1,3,1
46.28957,-410,318,-33,-2,4,-3
46.28965,-406,320,-34,-2,4,-4
46.28968,-406,320,-34,-2,3,-2
46.28980,-401,323,-31,-4,3,-1
46.29000,-401,323,-31,-8,5,-2
46.29003,-400,323,-28,-9,7,0
46.29017,-400,323,-28,-7,6,1
46.29021,-401,322,-24,-4,3,-1
46.29026,-401,322,-24,-2,1,0
46.29029,-404,322,-20,0,-1,2
46.34538,-402,320,-32,-6,4,5
46.34544,-404,320,-24,-4,0,3
46.34551,-404,320,-24,-2,-3,0
46.34553,-403,319,-21,0,-4,-3
46.34569,-403,319,-21,3,-4,-2
46.34571,-401,321,-22,6,-6,1
46.34573,-401,321,-22,8,-7,5
46.34583,-403,319,-26,8,-5,7
46.34595,-403,319,-26,7,-3,3
46.34601,-406,319,-26,6,-3,-2
46.34604,-406,319,-26,6,-5,-3
46.34610,-410,319,-28,6,-6,0
46.34612,-410,319,-28,4,-5,3
46.34620,-407,319,-32,0,-3,3
46.34637,-407,319,-32,-3,0,1
46.34641,-403,319,-33,-3,2,-3
46.39866,-405,318,-31,-5,4,-1
46.39873,-405,318,-31,-8,5,-2
46.39898,-406,318,-30,-10,5,-2
46.39912,-406,318,-30,-8,6,2
46.39917,-401,320,-25,-6,5,3
46.39932,-401,320,-25,-4,4,2
46.39937,-397,321,-23,-3,2,1
46.39944,-397,321,-23,0,0,1
46.39950,-398,320,-24,2,-2,2
46.39954,-398,320,-24,2,-1,1
46.39962,-401,320,-26,1,0,1
46.39964,-401,320,-26,1,1,3
46.39966,-402,319,-28,4,0,5
46.39971,-402,319,-28,6,-1,3
46.39976,-403,318,-30,7,-2,0
46.39979,-403,318,-30,7,-1,-2
46.45024,-400,320,-27,-2,-1,1
46.45030,-402,320,-24,1,-3,-1
46.45038,-402,320,-24,3,-5,-2
46.45044,-403,318,-23,6,-8,-1
46.45046,-403,318,-23,9,-7,1
46.45052,-402,320,-24,8,-5,2
46.45054,-402,320,-24,5,-2,2
46.45062,-401,320,-26,2,-1,0
46.45066,-401,320,-26,1,1,0
46.45072,-403,319,-28,-1,1,-1
46.45074,-403,319,-28,0,1,-1
46.45079,-407,319,-28,2,1,0
46.45090,-407,319,-28,4,3,1
46.45096,-407,320,-29,1,5,0
46.45114,-407,320,-29,-3,5,-1
46.45116,-403,320,-31,-4,4,-1
46.50619,-401,320,-24,7,-6,0
46.50654,-406,320,-28,9,-8,1
46.50659,-406,320,-28,9,-6,2
46.50662,-407,320,-33,5,-5,1
46.50674,-407,320,-33,1,-2,2
46.50679,-406,319,-34,-1,1,2
46.50681,-406,319,-34,-2,4,1
46.50688,-406,318,-33,-4,4,0
46.50695,-406,318,-33,-6,4,0
46.50697,-403,318,-30,-7,4,0
46.50699,-403,318,-30,-10,4,0
46.50704,-400,319,-27,-12,5,-1
46.50714,-400,319,-27,-11,5,-1
46.50717,-401,321,-23,-6,4,3
46.50718,-401,321,-23,-2,1,4
46.50720,-398,321,-22,-1,0,2
46.56098,-403,319,-24,-4,3,1
46.56102,-403,319,-24,-2,2,-1
46.56111,-400,319,-21,0,1,-1
46.56117,-400,319,-21,2,0,0
46.56119,-402,318,-21,4,-2,0
46.56126,-402,318,-21,5,-3,-1
46.56129,-404,317,-24,4,-2,0
46.56131,-404,317,-24,3,-1,0
46.56137,-402,319,-28,3,0,-1
46.56142,-402,319,-28,6,1,-3
46.56144,-404,321,-29,5,-2,-2
46.56149,-404,321,-29,3,-3,1
46.56150,-408,318,-29,2,-2,2
46.56153,-408,318,-29,1,1,1
46.56155,-407,317,-31,-2,5,1
46.56156,-407,317,-31,-3,7,2
46.61388,-404,318,-27,3,0,1
46.61393,-404,318,-27,1,1,2
46.61401,-404,318,-32,-1,2,0
46.61408,-404,318,-32,-4,3,-2
46.61412,-406,320,-32,-5,5,-2
46.61414,-406,320,-32,-5,7,-2
46.61422,-406,321,-30,-6,6,-2
46.61426,-406,321,-30,-7,5,-3
46.61429,-400,322,-28,-5,4,-3
46.61434,-400,322,-28,-2,0,-1
46.61438,-400,321,-25,0,-3,-1
46.61444,-400,321,-25,1,-2,1
46.61446,-403,318,-23,1,-1,1
46.61447,-403,318,-23,2,-1,-1
46.61454,-401,319,-24,2,-4,-3
46.61458,-401,319,-24,3,-6,-3
46.66738,-398,320,-26,-3,1,3
46.66743,-401,319,-22,-1,-2,4
46.66752,-401,319,-22,-1,-1,4
46.66756,-403,318,-22,-2,-1,4
46.66760,-403,318,-22,-1,-2,3
46.66769,-401,319,-23,1,-4,0
46.66774,-401,319,-23,4,-5,-1
46.66779,-403,319,-27,5,-4,0
46.66782,-403,319,-27,5,-1,2
46.66785,-406,318,-29,3,1,2
46.66792,-406,318,-29,2,-2,1
46.66795,-408,320,-29,2,-5,2
46.66797,-408,320,-29,3,-4,3
46.66799,-405,322,-30,3,0,5
46.66800,-405,322,-30,-2,5,3
46.66803,-404,320,-32,-6,7,0
46.72218,-402,318,-22,9,-3,-3
46.72242,-407,320,-25,8,-3,-1
46.72371,-407,320,-25,7,-4,2
46.72392,-409,320,-30,6,-3,3
46.72398,-409,320,-30,3,0,0
46.72416,-403,319,-34,0,4,-3
46.72418,-403,319,-34,-2,5,-3
46.72420,-403,320,-31,-1,5,0
46.72421,-403,320,-31,-1,3,3
46.72422,-407,319,-27,-3,2,3
46.72423,-407,319,-27,-6,2,0
46.72431,-402,318,-26,-4,1,-1
46.72433,-402,318,-26,-1,-1,-3
46.72434,-398,320,-25,0,-2,-4
46.72436,-398,320,-25,-2,-1,-3
46.72440,-401,320,-27,-3,0,1
46.77565,-400,319,-23,-2,3,-1
46.77574,-400,319,-23,-3,1,0
46.77589,-399,318,-22,-3,0,1
46.77593,-399,318,-22,-2,0,2
46.77594,-400,318,-22,-1,0,2
46.77595,-400,318,-22,2,-1,1
46.77600,-403,317,-24,5,-5,2
46.77609,-403,317,-24,8,-8,3
46.77615,-404,318,-27,11,-9,1
46.77620,-404,318,-27,10,-6,-1
46.77624,-403,319,-29,5,-2,-2
46.77628,-403,319,-29,1,0,-1
46.77633,-407,318,-30,1,1,-1
46.77637,-407,318,-30,0,2,0
46.77642,-409,320,-29,-2,1,0
46.77651,-409,320,-29,-4,1,1
46.83160,-401,321,-22,10,-4,-1
46.83166,-407,319,-27,9,-6,-1
46.83173,-407,319,-27,4,-5,0
46.83186,-405,319,-30,0,-1,0
46.83189,-405,319,-30,-3,3,-2
46.83192,-407,320,-28,-1,3,-4
46.83195,-407,320,-28,2,1,-2
46.83200,-408,318,-29,3,1,1
46.83201,-408,318,-29,-2,2,3
46.83205,-400,319,-30,-7,5,3
46.83207,-400,319,-30,-9,8,0
46.83213,-400,319,-30,-5,7,-3
46.83215,-402,321,-25,1,3,-4
46.83216,-402,321,-25,2,-3,-1
46.83219,-407,319,-24,-3,-7,6
46.83222,-407,319,-24,-7,-4,10
46.88718,-401,318,-27,-7,3,0
46.88723,-400,318,-22,-3,0,1
46.88730,-400,318,-22,1,-3,2
46.88732,-400,320,-20,2,-3,2
46.88740,-400,320,-20,2,-1,-1
46.88743,-399,318,-22,4,-2,-2
46.88746,-399,318,-22,7,-5,-3
46.88752,-404,317,-25,8,-7,-2
46.88754,-404,317,-25,8,-5,0
46.88757,-408,317,-27,7,-1,1
46.88759,-408,317,-27,6,-1,1
46.88760,-404,318,-31,4,0,-3
46.88773,-404,318,-31,2,0,-5
46.88778,-405,321,-31,1,0,-5
46.88781,-405,321,-31,1,2,-3
46.88788,-408,320,-28,-1,3,-1
46.93991,-409,319,-34,-3,5,1
46.94012,-409,319,-34,-5,5,1
46.94017,-409,319,-34,-8,6,0
46.94022,-409,319,-34,-9,7,1
46.94025,-405,319,-32,-8,7,0
46.94026,-405,319,-32,-5,5,-1
46.94028,-401,321,-29,-3,3,-1
46.94029,-401,321,-29,-1,2,0
46.94032,-400,322,-25,0,1,0
46.94046,-400,322,-25,1,0,0
46.94048,-401,321,-23,3,-3,1
46.94050,-401,321,-23,7,-7,4
46.94051,-403,319,-23,8,-10,5
46.94052,-403,319,-23,6,-8,4
46.94058,-402,317,-27,3,-2,1
46.94061,-402,317,-27,2,2,0
46.99116,-400,321,-26,-6,8,1
46.99122,-401,318,-23,-3,3,3
46.99130,-401,318,-23,-4,1,-1
46.99133,-400,319,-23,-3,-2,-4
46.99135,-400,319,-23,1,-5,-3
46.99150,-401,320,-24,5,-5,-2
46.99157,-401,320,-24,6,-5,-1
46.99159,-401,319,-27,3,-6,1
46.99166,-401,319,-27,0,-6,3
46.99168,-402,319,-27,0,-5,2
46.99180,-402,319,-27,2,-3,1
46.99189,-406,321,-26,3,-3,0
46.99195,-406,321,-26,2,-3,0
46.99198,-406,320,-29,0,-4,-1
46.99200,-406,320,-29,-3,0,-1
46.99209,-403,319,-33,-6,5,0
47.04436,-405,319,-21,6,-8,4
47.04442,-405,319,-21,7,-5,4
47.04449,-402,319,-25,6,-3,0
47.04451,-402,319,-25,7,-1,-2
47.04464,-401,319,-27,8,-3,0
47.04468,-401,319,-27,10,-7,1
47.04470,-409,318,-28,10,-8,1
47.04475,-409,318,-28,6,-6,4
47.04478,-409,317,-32,0,-1,4
47.04479,-409,317,-32,-4,5,0
47.04483,-400,320,-34,-7,8,-4
47.04490,-400,320,-34,-5,6,-4
47.04492,-402,321,-31,-3,3,-1
47.04494,-402,321,-31,-5,2,1
47.04498,-407,319,-28,-9,2,0
47.04504,-407,319,-28,-9,4,-2
47.09924,-405,319,-28,3,-3,0
47.09936,-406,318,-33,-4,2,-1
47.09939,-406,318,-33,-8,7,-1
47.09949,-406,318,-33,-9,11,-1
47.09952,-404,318,-34,-8,11,-2
47.09954,-404,318,-34,-8,8,-2
47.09961,-404,321,-28,-6,5,-2
47.09965,-404,321,-28,-3,4,0
47.09968,-398,321,-26,-2,2,1
47.09971,-401,320,-23,-2,0,1
47.09972,-401,320,-23,-1,-2,3
47.09973,-404,319,-23,2,-4,4
47.09975,-404,319,-23,3,-4,2
47.09983,-402,318,-26,5,-3,1
47.09985,-402,318,-26,7,-3,1
47.09993,-404,320,-26,9,-3,1
47.15373,-404,319,-23,6,-4,0
47.15378,-404,319,-23,7,-3,2
47.15382,-403,320,-25,8,-3,1
47.15384,-403,320,-25,7,-2,0
47.15386,-401,319,-30,5,-4,-1
47.15390,-401,319,-30,6,-4,-2
47.15391,-406,316,-33,6,-2,-2
47.15393,-406,316,-33,3,2,0
47.15394,-409,316,-32,-1,5,1
47.15395,-409,316,-32,-4,7,1
47.15396,-405,319,-30,-4,5,1
47.15397,-405,319,-30,-3,3,0
47.15398,-401,321,-29,-5,3,-2
47.15398,-401,321,-29,-7,4,-1
47.15399,-400,319,-28,-6,6,1
47.15400,-400,319,-28,-4,6,1
47.20585,-406,321,-31,-5,4,2
47.20601,-406,321,-31,-8,7,-1
47.20625,-402,320,-33,-8,8,-2
47.20633,-402,320,-33,-6,6,1
47.20652,-402,318,-29,-3,4,3
47.20669,-402,318,-29,-1,2,3
47.20672,-403,319,-24,-1,2,2
47.20675,-403,319,-24,-1,1,3
47.20693,-403,319,-24,2,-1,5
47.20698,-403,319,-24,5,-4,5
47.20703,-400,319,-27,6,-5,2
47.20714,-400,319,-27,4,-4,-1
47.20728,-398,318,-28,4,-2,-2
47.20734,-398,318,-28,6,-1,-2
47.20740,-403,318,-28,7,-4,-2
47.20744,-403,318,-28,5,-6,-1
47.26002,-405,318,-26,-4,5,0
47.26006,-405,318,-26,-2,2,0
47.26013,-400,319,-23,0,-1,-2
47.26015,-400,319,-23,3,-4,-3
47.26024,-397,320,-21,5,-5,0
47.26031,-397,320,-21,8,-5,2
47.26034,-404,318,-26,10,-4,2
47.26036,-404,318,-26,10,-3,1
47.26037,-405,318,-30,8,-3,1
47.26039,-405,318,-30,7,-4,3
47.26047,-404,319,-32,4,-4,3
47.26051,-404,319,-32,0,-2,2
47.26054,-406,319,-33,-4,1,1
47.26056,-406,319,-33,-7,3,2
47.26057,-406,320,-30,-7,4,3
47.26059,-406,320,-30,-6,4,2
47.31125,-405,318,-29,2,1,-1
47.31130,-405,317,-33,-1,2,-2
47.31133,-405,317,-33,-3,2,-1
47.31134,-404,318,-31,-4,1,1
47.31135,-404,318,-31,-7,1,1
47.31136,-403,319,-28,-8,1,1
47.31145,-403,319,-28,-7,3,2
47.31154,-398,318,-28,-6,6,3
47.31156,-398,318,-28,-5,5,2
47.31157,-396,320,-26,-5,1,1
47.31165,-396,320,-26,-3,-1,0
47.31169,-398,319,-22,1,-3,-2
47.31176,-398,319,-22,2,-4,-2
47.31177,-402,316,-23,2,-6,-1
47.31178,-402,316,-23,2,-8,0
47.31179,-404,315,-25,4,-7,1
47.36253,-406,319,-30,-7,6,2
47.36260,-406,319,-30,-4,3,1
47.36269,-401,320,-27,-5,3,-2
47.36280,-401,320,-27,-9,3,-1
47.36318,-400,319,-25,-9,5,0
47.36326,-400,319,-25,-5,5,0
47.36329,-400,320,-21,0,2,0
47.36330,-400,320,-21,4,-2,1
47.36332,-401,320,-19,7,-7,3
47.36337,-401,320,-19,8,-8,3
47.36338,-401,319,-23,7,-7,0
47.36342,-401,319,-23,5,-6,-1
47.36347,-405,319,-27,5,-6,1
47.36350,-405,319,-27,5,-5,2
47.36352,-409,320,-30,3,-2,2
47.36355,-409,320,-30,1,1,2
47.41819,-400,321,-30,-3,3,-2
47.41827,-402,319,-25,1,0,-4
47.41831,-402,319,-25,5,0,-2
47.41832,-402,317,-21,9,1,1
47.41842,-402,317,-21,9,0,2
47.41851,-400,318,-19,7,-6,0
47.41855,-400,318,-19,5,-10,-3
47.41860,-400,319,-23,4,-9,-3
47.41862,-400,319,-23,5,-3,-1
47.41863,-403,318,-28,5,2,-1
47.41864,-403,318,-28,4,3,0
47.41868,-408,320,-30,2,2,1
47.41873,-408,320,-30,-1,0,1
47.41874,-407,320,-32,-4,1,-3
47.41875,-407,320,-32,-8,4,-4
47.41876,-403,319,-33,-8,7,-2
47.47137,-406,320,-34,-4,6,1
47.47142,-406,320,-34,-7,8,2
47.47149,-404,319,-32,-8,7,1
47.47152,-404,319,-32,-10,7,1
47.47164,-401,320,-26,-9,6,2
47.47166,-401,320,-26,-7,4,3
47.47168,-397,322,-22,-5,3,1
47.47170,-397,322,-22,-3,3,-3
47.47173,-398,322,-22,-1,1,-3
47.47175,-398,322,-22,3,-2,-1
47.47184,-403,320,-22,7,-5,0
47.47187,-403,320,-22,7,-4,1
47.47190,-404,320,-24,7,-3,3
47.47200,-404,320,-24,8,-3,3
47.47212,-403,320,-27,10,-5,0
47.47233,-403,320,-27,9,-6,-3
47.52665,-402,319,-26,0,8,1
47.52671,-402,319,-26,2,4,0
47.52679,-402,319,-26,2,0,0
47.52682,-402,317,-23,2,-5,0
47.52684,-402,317,-23,3,-8,1
47.52687,-400,318,-21,6,-8,0
47.52695,-400,318,-21,6,-5,-2
47.52700,-402,319,-21,6,-4,-2
47.52703,-402,319,-21,4,-5,-1
47.52706,-404,318,-28,1,-3,-2
47.52709,-404,318,-28,-1,2,-3
47.52716,-406,318,-33,-1,5,-3
47.52718,-406,318,-33,0,5,1
47.52719,-408,320,-32,-3,4,2
47.52720,-408,320,-32,-6,3,1
47.52720,-403,318,-30,-9,4,-1
47.57999,-404,319,-33,3,1,-3
47.58004,-404,319,-33,0,4,-3
47.58011,-406,320,-32,-3,6,-1
47.58014,-406,320,-32,-6,7,0
47.58021,-402,318,-31,-9,7,0
47.58026,-402,318,-31,-9,6,1
47.58029,-398,319,-27,-7,4,1
47.58035,-398,319,-27,-5,2,2
47.58038,-400,322,-21,-2,2,2
47.58040,-400,322,-21,2,0,1
47.58042,-400,320,-20,6,-2,2
47.58044,-400,320,-20,9,-2,2
47.58047,-401,318,-23,9,-3,2
47.58055,-401,318,-23,8,-3,2
47.58057,-406,319,-26,7,-4,2
47.58058,-406,319,-26,5,-5,0
47.63567,-397,322,-28,-7,1,2
47.63572,-399,320,-21,-4,2,3
47.63579,-399,320,-21,-2,1,0
47.63588,-399,320,-21,1,-2,-1
47.63593,-401,318,-18,6,-4,0
47.63598,-401,318,-18,9,-5,2
47.63603,-404,318,-21,9,-5,2
47.63609,-404,318,-21,8,-4,0
47.63612,-406,319,-25,5,-2,0
47.63615,-406,319,-25,3,-1,-1
47.63619,-406,319,-31,1,0,-1
47.63622,-406,319,-31,-1,1,-1
47.63624,-408,319,-34,-2,1,-1
47.63626,-408,319,-34,-2,3,-1
47.63633,-408,320,-32,-4,6,0
47.63638,-408,320,-32,-7,8,0
47.68787,-409,321,-37,-1,1,2
47.68808,-404,321,-36,-4,5,0
47.68815,-404,321,-36,-8,10,-3
47.68825,-401,320,-29,-10,12,-4
47.68835,-401,320,-29,-10,13,-3
47.68844,-403,321,-21,-9,10,-1
47.68846,-403,321,-21,-5,4,0
47.68848,-400,320,-20,-2,-1,2
47.68849,-400,320,-20,1,-3,3
47.68853,-397,321,-23,3,-4,2
47.68863,-397,321,-23,5,-5,0
47.68933,-402,320,-24,8,-5,-1
47.68951,-402,320,-24,9,-7,-1
47.68955,-405,316,-27,7,-6,-1
47.68977,-405,316,-27,2,-4,0
47.68980,-405,317,-29,-1,-3,2
47.74494,-399,321,-25,-5,0,2
47.74499,-399,321,-25,-3,1,1
47.74501,-397,319,-22,1,0,2
47.74502,-397,319,-22,6,-4,3
47.74503,-402,317,-21,8,-5,3
47.74504,-402,317,-21,8,-5,2
47.74512,-404,317,-23,8,-4,1
47.74513,-404,317,-23,7,-5,1
47.74514,-402,318,-30,6,-3,1
47.74516,-402,318,-30,3,-2,1
47.74517,-403,319,-32,2,-1,1
47.74520,-403,319,-32,2,0,1
47.74521,-407,319,-31,0,3,0
47.74522,-407,319,-31,-3,7,-1
47.74525,-408,319,-30,-4,9,-1
47.74526,-408,319,-30,-5,8,-1
47.79988,-408,320,-32,-12,3,2
47.79994,-408,320,-32,-14,7,1
47.79996,-403,320,-34,-12,9,1
47.79997,-403,320,-34,-7,9,1
47.80000,-401,320,-30,-3,7,-1
47.80010,-401,320,-30,-1,4,-3
47.80013,-403,318,-25,1,-1,-2
47.80014,-403,318,-25,5,-6,0
47.80015,-402,318,-22,8,-8,2
47.80018,-402,318,-22,10,-6,1
47.80019,-400,320,-23,10,-2,0
47.80020,-400,320,-23,7,-2,-1
47.80021,-402,319,-27,3,-2,0
47.80025,-407,318,-30,-1,-4,5
47.80026,-407,318,-30,1,-3,5
47.80028,-407,320,-30,0,0,3
47.85111,-401,319,-21,8,-5,4
47.85115,-403,318,-25,6,-5,4
47.85118,-403,318,-25,1,-4,1
47.85120,-405,317,-30,0,-1,-3
47.85122,-405,317,-30,2,2,-3
47.85124,-406,319,-31,4,4,0
47.85126,-406,319,-31,2,8,1
47.85128,-407,320,-31,-2,9,0
47.85129,-407,320,-31,-6,7,-1
47.85130,-405,319,-30,-7,2,-1
47.85132,-405,319,-30,-8,1,0
47.85133,-401,321,-28,-7,3,0
47.85138,-401,321,-28,-5,6,1
47.85140,-400,322,-25,-3,5,1
47.85147,-400,322,-25,-2,3,-2
47.85148,-402,321,-23,-2,0,-4
47.90546,-408,317,-29,3,-8,2
47.90552,-408,317,-29,2,-1,5
47.90556,-409,317,-33,-1,4,3
47.90558,-409,317,-33,-4,6,2
47.90560,-402,320,-34,-4,4,1
47.90562,-402,320,-34,-3,3,-1
47.90566,-402,321,-29,-3,4,-1
47.90568,-402,321,-29,-5,6,1
47.90570,-403,319,-26,-7,8,2
47.90572,-403,319,-26,-4,7,-2
47.90574,-401,320,-24,0,2,-5
47.90583,-401,320,-24,4,-5,-3
47.90630,-402,322,-22,4,-6,1
47.90634,-402,322,-22,4,-2,3
47.90636,-400,321,-25,2,2,0
47.90637,-400,321,-25,2,2,-4
47.95990,-403,319,-24,1,1,1
47.95996,-403,319,-24,3,-2,1
47.95999,-400,319,-21,3,-3,1
47.96000,-400,319,-21,4,-4,1
47.96005,-401,319,-19,5,-7,0
47.96009,-401,319,-19,7,-9,-1
47.96011,-403,317,-22,7,-8,0
47.96014,-403,317,-22,7,-7,2
47.96016,-405,318,-25,8,-7,3
47.96019,-405,318,-25,5,-6,3
47.96022,-408,321,-28,0,-3,4
47.96023,-408,321,-28,-4,1,2
47.96026,-409,320,-32,-5,3,-1
47.96028,-409,320,-32,-6,4,-2
47.96033,-407,319,-33,-7,5,1
47.96034,-407,319,-33,-8,5,3
48.01294,-408,319,-29,3,2,1
48.01301,-408,320,-32,4,3,2
48.01302,-408,320,-32,1,3,1
48.01306,-405,321,-32,-4,6,1
48.01309,-405,321,-32,-8,8,2
48.01311,-403,321,-29,-10,9,1
48.01311,-403,321,-29,-10,8,0
48.01312,-402,320,-27,-8,6,0
48.01315,-402,320,-27,-4,3,1
48.01321,-401,320,-24,-2,3,2
48.01323,-401,320,-24,-1,2,3
48.01324,-401,320,-24,0,-1,4
48.01324,-402,321,-23,2,-5,4
48.01324,-402,321,-23,4,-7,3
48.01325,-402,320,-26,5,-6,2
48.01327,-402,320,-26,6,-5,1
48.06553,-400,318,-26,-10,7,0
48.06559,-400,317,-22,-9,6,1
48.06561,-400,317,-22,-3,2,1
48.06562,-400,318,-20,3,-2,1
48.06562,-400,318,-20,7,-5,0
48.06563,-401,319,-22,8,-6,-2
48.06564,-401,319,-22,7,-4,-3
48.06565,-403,318,-27,6,-1,-4
48.06565,-403,318,-27,5,0,-4
48.06566,-408,318,-31,5,-3,-3
48.06567,-408,318,-31,3,-5,0
48.06572,-407,320,-34,0,-2,2
48.06578,-407,320,-34,-4,4,2
48.06580,-403,321,-36,-6,8,1
48.06580,-403,321,-36,-7,8,0
48.06584,-404,321,-32,-7,7,-2
48.12091,-404,317,-20,7,-7,0
48.12094,-404,317,-20,9,-11,-1
48.12098,-403,318,-23,8,-10,-2
48.12099,-403,318,-23,5,-6,-2
48.12099,-403,319,-28,-1,0,-1
48.12100,-403,319,-28,-5,2,0
48.12101,-406,318,-33,-5,2,2
48.12102,-406,318,-33,-1,1,3
48.12102,-406,319,-33,0,0,3
48.12106,-406,319,-33,-3,1,1
48.12107,-404,322,-31,-6,4,-1
48.12107,-404,322,-31,-7,5,-3
48.12111,-400,322,-29,-6,4,-4
48.12112,-400,322,-29,-3,1,-3
48.12113,-399,320,-26,0,-2,-1
48.12121,-399,320,-26,1,-2,0
48.17626,-401,318,-29,-13,11,-2
48.17628,-401,318,-29,-11,8,-3
48.17631,-402,318,-20,-6,4,1
48.17632,-402,318,-20,1,0,5
48.17633,-399,318,-17,4,-3,1
48.17634,-399,318,-17,5,-3,-3
48.17634,-396,319,-20,6,-3,-4
48.17634,-396,319,-20,9,-4,-3
48.17638,-401,318,-24,11,-5,-1
48.17639,-401,318,-24,8,-3,0
48.17640,-407,318,-28,5,-1,3
48.17640,-407,318,-28,3,-1,5
48.17643,-406,320,-32,3,0,3
48.17644,-406,320,-32,1,0,-2
48.17644,-406,320,-34,-1,1,-4
48.17645,-406,320,-34,-2,3,-2
48.23148,-405,322,-31,2,1,-1
48.23152,-405,322,-31,-2,-1,2
48.23153,-409,321,-34,-6,-3,4
48.23153,-409,321,-34,-8,1,4
48.23154,-407,320,-35,-7,5,3
48.23154,-407,320,-35,-6,6,0
48.23155,-400,322,-30,-3,6,-3
48.23156,-400,322,-30,-1,7,-2
48.23157,-402,321,-23,0,7,0
48.23162,-402,321,-23,-1,4,2
48.23163,-403,318,-20,-1,1,2
48.23164,-403,318,-20,0,-2,-1
48.23167,-400,319,-20,3,-7,-5
48.23172,-400,319,-20,5,-12,-5
48.23176,-403,318,-25,7,-12,-1
48.23176,-403,318,-25,7,-7,3
48.28680,-401,320,-25,2,-1,3
48.28682,-405,318,-21,4,-6,4
48.28684,-405,318,-21,5,-6,2
48.28684,-400,319,-22,5,-4,0
48.28685,-400,319,-22,5,-2,-1
48.28685,-397,321,-24,5,-1,0
48.28685,-397,321,-24,6,-2,-1
48.28686,-406,319,-25,5,-1,-2
48.28687,-406,319,-25,1,0,-1
48.28691,-410,317,-28,-2,2,1
48.28697,-410,317,-28,-4,3,1
48.28698,-405,319,-31,-4,3,0
48.28698,-405,319,-31,-4,2,0
48.28699,-406,319,-32,-4,3,2
48.28699,-406,319,-32,-5,6,5
48.28699,-406,317,-32,-6,7,6
48.33752,-405,322,-35,-9,6,-3
48.33756,-407,320,-32,-9,7,-2
48.33757,-407,320,-32,-9,7,-1
48.33759,-404,318,-29,-8,9,-1
48.33761,-404,318,-29,-7,8,0
48.33762,-399,320,-25,-6,5,1
48.33764,-399,320,-25,-4,-1,2
48.33766,-398,320,-23,-3,-5,2
48.33768,-398,320,-23,-1,-5,2
48.33770,-399,318,-24,1,-4,2
48.33771,-399,318,-24,3,-2,0
48.33772,-401,319,-24,5,1,-1
48.33774,-401,319,-24,8,3,-1
48.33775,-404,321,-24,10,-1,1
48.33776,-404,321,-24,9,-6,3
48.33780,-406,319,-29,6,-7,2
48.38912,-408,320,-30,-6,8,4
48.38929,-403,319,-28,-7,9,-1
48.38939,-403,319,-28,-4,7,-4
48.38942,-397,320,-25,0,3,-4
48.38943,-397,320,-25,3,-1,-1
48.38944,-401,320,-20,4,-3,2
48.38945,-401,320,-20,4,-2,3
48.38946,-403,317,-22,5,-3,3
48.38947,-403,317,-22,7,-6,1
48.38948,-399,317,-26,9,-8,-2
48.38951,-399,317,-26,9,-8,-3
48.38953,-403,319,-28,6,-4,1
48.38954,-403,319,-28,1,1,6
48.38955,-411,318,-31,-3,4,8
48.38956,-411,318,-31,-6,3,7
48.38957,-409,319,-33,-7,1,3
48.44342,-401,318,-23,1,-3,0
48.44349,-400,318,-24,6,-6,-1
48.44351,-400,318,-24,8,-8,-2
48.44353,-402,319,-26,8,-6,-1
48.44355,-402,319,-26,7,-3,2
48.44357,-405,319,-30,6,-2,1
48.44361,-405,319,-30,5,-1,-1
48.44366,-406,321,-33,1,1,-1
48.44368,-406,321,-33,-2,1,-1
48.44372,-406,320,-32,-5,3,-1
48.44373,-406,320,-32,-8,6,0
48.44376,-404,318,-31,-9,9,0
48.44378,-404,318,-31,-9,8,1
48.44379,-402,319,-26,-8,4,1
48.44382,-402,319,-26,-6,0,1
48.44383,-404,320,-22,-3,-3,3
48.49527,-405,321,-35,-3,3,-2
48.49533,-405,321,-34,-4,6,-1
48.49536,-405,321,-34,-5,9,-2
48.49539,-408,319,-31,-7,10,-2
48.49541,-408,319,-31,-7,10,-2
48.49544,-404,319,-27,-4,8,-2
48.49545,-404,319,-27,-3,4,-3
48.49548,-398,320,-21,-2,1,-4
48.49551,-398,320,-21,0,-1,-5
48.49553,-400,318,-20,2,-2,-3
48.49554,-400,318,-20,5,-4,0
48.49563,-406,316,-24,6,-5,2
48.49566,-406,316,-24,5,-4,3
48.49568,-405,319,-26,5,-3,3
48.49569,-405,319,-26,5,-3,2
48.49572,-402,322,-29,3,-4,0
48.54851,-400,320,-30,-8,5,-1
48.54855,-400,320,-30,-7,2,1
48.54857,-399,319,-26,-5,2,1
48.54858,-399,319,-26,-2,3,0
48.54859,-402,318,-21,2,0,-1
48.54864,-402,318,-21,6,-5,0
48.54865,-403,318,-19,9,-9,1
48.54866,-403,318,-19,8,-10,2
48.54867,-401,320,-22,7,-6,2
48.54868,-401,320,-22,7,-1,3
48.54870,-403,318,-26,6,-1,3
48.54871,-403,318,-26,5,-3,1
48.54873,-408,318,-29,3,-2,-1
48.54874,-408,318,-29,2,1,0
48.54875,-410,319,-32,-1,4,2
48.54876,-410,319,-32,-4,7,-1
48.59990,-404,316,-26,9,-5,1
48.59996,-408,316,-28,11,-8,0
48.59998,-408,316,-28,9,-7,-1
48.59999,-408,318,-32,8,-5,0
48.60002,-408,318,-32,6,-3,0
48.60003,-406,320,-37,3,1,1
48.60014,-406,320,-37,0,4,1
48.60017,-405,321,-36,-3,4,0
48.60019,-405,321,-36,-6,5,-2
48.60021,-405,319,-31,-9,6,-2
48.60028,-405,319,-31,-11,9,-1
48.60030,-404,319,-25,-7,6,-1
48.60033,-404,319,-25,-3,1,-1
48.60034,-401,319,-21,-1,-2,0
48.60035,-401,319,-21,0,-1,0
48.60036,-399,319,-22,1,-1,1
48.65541,-408,321,-31,-1,2,1
48.65550,-409,321,-30,-3,5,2
48.65553,-409,321,-30,-5,6,4
48.65557,-405,321,-30,-6,5,4
48.65558,-401,321,-28,-5,4,0
48.65561,-401,321,-28,-5,4,-1
48.65565,-400,321,-24,-4,3,0
48.65566,-400,321,-24,0,2,1
48.65568,-402,321,-21,3,3,0
48.65602,-402,321,-21,4,2,0
48.65609,-403,320,-23,5,-1,0
48.65611,-403,320,-23,7,-5,1
48.65613,-404,320,-26,9,-6,0
48.65615,-404,320,-26,10,-4,0
48.65617,-408,319,-28,10,-2,2
48.65625,-408,319,-28,6,-1,4
48.70780,-399,319,-23,2,0,0
48.70784,-400,319,-22,6,-4,0
48.70786,-400,319,-22,10,-7,1
48.70787,-405,319,-21,13,-7,1
48.70789,-405,319,-21,11,-4,0
48.70792,-407,319,-24,8,-1,0
48.70794,-407,319,-24,3,0,1
48.70796,-407,319,-31,-3,-1,1
48.70797,-407,319,-31,-5,-2,1
48.70798,-407,319,-35,-5,0,1
48.70799,-407,319,-35,-7,5,1
48.70800,-403,319,-33,-9,10,1
48.70802,-403,319,-33,-9,11,-1
48.70803,-401,320,-27,-5,6,-2
48.70804,-401,320,-27,-1,-1,-1
48.70805,-403,321,-21,3,-5,1
48.76082,-405,319,-32,2,1,-1
48.76087,-405,319,-32,0,6,0
48.76094,-407,319,-31,-4,9,-1
48.76096,-407,319,-31,-8,9,-1
48.76102,-405,319,-29,-9,8,1
48.76107,-405,319,-29,-7,6,1
48.76110,-399,320,-27,-6,4,-1
48.76111,-399,320,-27,-4,4,-5
48.76112,-400,321,-23,-1,4,-6
48.76113,-400,321,-23,4,2,-4
48.76118,-403,320,-22,6,0,-2
48.76123,-403,320,-22,4,-2,-1
48.76126,-403,321,-24,3,-1,0
48.76128,-403,321,-24,6,-3,1
48.76128,-403,322,-26,8,-4,1
48.76129,-403,322,-26,7,-4,1
48.81643,-403,318,-24,-2,1,-4
48.81655,-403,318,-24,-2,-2,0
48.81677,-404,318,-22,-1,-4,2
48.81682,-404,318,-22,2,-4,3
48.81696,-400,319,-24,3,-5,0
48.81713,-400,319,-24,2,-4,-4
48.81718,-403,320,-26,4,-5,-4
48.81721,-403,320,-26,7,-5,-1
48.81733,-407,319,-27,7,-3,0
48.81735,-407,319,-27,4,0,0
48.81746,-408,319,-29,1,1,-2
48.81754,-408,319,-29,-1,1,-4
48.81762,-406,321,-33,-3,0,-4
48.81765,-406,321,-33,-5,2,-2
48.81767,-404,321,-34,-6,6,0
48.81781,-404,321,-34,-7,7,1
48.86946,-404,320,-32,-4,5,3
48.86961,-404,320,-32,-7,5,2
48.86967,-404,320,-32,-8,4,-1
48.86970,-404,320,-32,-8,3,-2
48.86981,-405,320,-29,-8,3,0
48.86984,-405,320,-29,-8,3,1
48.86988,-403,321,-28,-9,5,-2
48.87002,-403,321,-28,-8,7,-5
48.87008,-400,321,-27,-3,5,-6
48.87012,-400,321,-27,0,0,-3
48.87021,-401,320,-25,2,-4,1
48.87026,-401,320,-25,4,-5,2
48.87034,-403,319,-23,8,-4,1
48.87038,-403,319,-23,8,-6,1
48.87040,-403,318,-24,5,-6,0
48.87043,-403,318,-24,2,-3,-1
48.92466,-399,316,-27,-3,7,-3
48.92475,-399,316,-27,-3,7,-6
48.92501,-399,318,-24,-1,4,-3
48.92507,-399,318,-24,3,-2,1
48.92511,-403,319,-22,6,-6,3
48.92513,-403,319,-22,6,-6,2
48.92516,-404,318,-26,4,-5,1
48.92543,-404,318,-26,3,-6,1
48.92545,-404,318,-28,4,-5,0
48.92547,-404,318,-28,5,-2,-1
48.92548,-406,320,-30,5,-1,-1
48.92550,-406,320,-30,3,0,1
48.92551,-404,320,-36,-2,2,1
48.92562,-404,320,-36,-8,5,-2
48.92570,-402,322,-35,-12,8,-6
48.92572,-402,322,-35,-12,8,-6
48.97993,-404,321,-32,-1,2,0
48.97997,-404,321,-32,-3,6,0
48.98004,-405,320,-33,-5,6,1
48.98009,-405,320,-33,-7,7,2
48.98010,-406,320,-31,-9,7,2
48.98011,-406,320,-31,-11,7,0
48.98012,-401,322,-27,-11,6,0
48.98014,-401,322,-27,-8,3,1
48.98015,-399,321,-23,-4,1,3
48.98020,-399,321,-23,0,-1,2
48.98022,-401,319,-22,2,-2,1
48.98022,-401,319,-22,4,-1,0
48.98025,-401,318,-21,6,0,1
48.98026,-401,318,-21,8,-2,0
48.98027,-403,319,-23,11,-7,0
48.98028,-403,319,-23,10,-7,0
49.03464,-401,319,-22,3,-5,2
49.03473,-401,319,-22,6,-6,2
49.03475,-400,319,-23,6,-6,0
49.03477,-400,319,-23,4,-4,-2
49.03482,-404,317,-26,3,-4,-1
49.03484,-404,317,-26,2,-3,-1
49.03487,-408,318,-29,3,-3,-3
49.03488,-408,318,-29,3,-1,-2
49.03489,-407,321,-32,0,1,0
49.03498,-407,321,-32,-3,1,2
49.03499,-404,321,-33,-7,0,2
49.03501,-404,321,-33,-11,2,2
49.03501,-403,319,-32,-11,5,2
49.03502,-403,319,-32,-8,9,0
49.03505,-402,319,-28,-4,9,0
49.03507,-402,319,-28,-2,5,1
49.09009,-403,320,-32,-1,-1,0
49.09045,-405,321,-30,-4,1,2
49.09055,-405,321,-30,-9,8,4
49.09068,-407,319,-29,-14,12,3
49.09072,-407,319,-29,-13,8,0
49.09074,-401,320,-27,-8,0,-2
49.09079,-401,320,-27,-1,-7,-1
49.09085,-399,322,-22,4,-7,-1
49.09086,-399,322,-22,4,-3,-2
49.09092,-404,319,-21,1,1,-2
49.09094,-404,319,-21,1,3,0
49.09095,-405,318,-24,4,-2,0
49.09098,-405,318,-24,8,-9,-2
49.09100,-402,321,-25,10,-11,-2
49.09101,-402,321,-25,7,-7,1
49.09102,-405,319,-29,0,1,2
49.14452,-404,321,-23,4,-8,-3
49.14456,-407,321,-25,5,-5,-1
49.14460,-407,321,-25,7,-6,-1
49.14461,-410,319,-30,6,-6,-1
49.14468,-410,319,-30,3,-4,0
49.14473,-407,319,-33,1,0,1
49.14474,-407,319,-33,0,3,1
49.14475,-404,319,-33,-3,2,0
49.14481,-404,319,-33,-6,3,-1
49.14485,-404,319,-30,-6,5,-2
49.14490,-404,319,-30,-6,5,-2
49.14494,-404,319,-24,-6,4,-2
49.14496,-404,319,-24,-5,2,0
49.14497,-399,320,-21,-2,1,3
49.14500,-399,320,-21,0,-1,3
49.14502,-397,320,-23,2,-4,1
49.19960,-403,319,-27,-12,9,0
49.19966,-403,319,-27,-11,6,-1
49.19972,-403,319,-27,-7,3,-1
49.19979,-401,320,-21,-3,0,-1
49.19985,-401,320,-21,-1,-2,-1
49.19989,-401,317,-19,0,-2,3
49.19990,-401,317,-19,3,-2,3
49.19994,-401,314,-22,5,-1,0
49.19997,-401,314,-22,6,-1,-3
49.20001,-402,317,-24,7,-2,-2
49.20006,-402,317,-24,6,-4,1
49.20008,-405,319,-28,3,-5,1
49.20012,-405,319,-28,0,-4,-1
49.20015,-405,320,-30,-1,-2,-2
49.20020,-405,320,-30,-1,2,-1
49.20023,-405,320,-29,-3,5,0
49.25906,-402,319,-24,9,-4,1
49.25909,-402,319,-24,7,-1,2
49.25916,-406,319,-29,3,2,1
49.25917,-406,319,-29,-3,3,1
49.25918,-407,319,-33,-5,2,0
49.25919,-407,319,-33,-3,1,0
49.25925,-406,322,-34,-1,0,1
49.25927,-406,322,-34,-3,2,1
49.25932,-404,323,-33,-5,6,-1
49.25938,-404,323,-33,-6,8,-2
49.25939,-401,320,-29,-6,7,-3
49.25945,-401,320,-29,-3,4,0
49.25946,-403,320,-23,1,-1,4
49.25947,-403,320,-23,4,-3,3
49.25948,-403,320,-19,3,-3,1
49.25952,-399,318,-22,2,-4,0
49.31461,-407,318,-23,12,-9,-2
49.31467,-407,318,-23,11,-8,-2
49.31472,-406,317,-30,6,-5,0
49.31480,-406,317,-30,0,-2,1
49.31489,-404,319,-32,-5,0,2
49.31491,-404,319,-32,-5,0,2
49.31493,-407,318,-30,-4,-1,2
49.31503,-407,318,-30,-3,1,1
49.31506,-406,316,-32,-4,5,-1
49.31510,-406,316,-32,-5,7,0
49.31513,-400,319,-31,-6,5,0
49.31519,-400,319,-31,-8,1,-2
49.31520,-398,321,-25,-8,0,-5
49.31521,-398,321,-25,-7,2,-6
49.31522,-401,319,-22,-6,5,-3
49.31525,-401,319,-22,-4,5,-1
49.37042,-401,321,-23,-1,7,0
49.37047,-401,321,-23,4,3,1
49.37060,-402,319,-19,4,-1,2
49.37062,-402,319,-19,2,-5,1
49.37065,-396,318,-22,1,-6,-1
49.37066,-396,318,-22,5,-4,-2
49.37075,-398,320,-24,9,-1,0
49.37078,-398,320,-24,10,-1,1
49.37079,-406,318,-27,6,-3,0
49.37081,-406,318,-27,1,-5,-1
49.37095,-406,319,-30,-2,-5,-1
49.37100,-405,321,-30,3,-1,1
49.37108,-405,321,-30,3,0,2
49.37114,-406,319,-30,-1,3,3
49.37126,-406,319,-30,-5,5,0
49.37134,-402,317,-31,-7,4,-1
49.42653,-409,318,-31,-2,0,2
49.42663,-409,318,-31,-6,1,2
49.42673,-405,318,-31,-9,5,1
49.42682,-405,318,-31,-11,8,0
49.42689,-403,320,-31,-9,6,-1
49.42695,-403,320,-31,-6,3,-2
49.42696,-402,321,-28,-5,1,-1
49.42699,-402,321,-28,-4,1,-1
49.42701,-402,321,-24,-2,1,-1
49.42703,-402,321,-24,1,1,-2
49.42715,-402,321,-24,4,0,-2
49.42719,-404,320,-24,8,-4,1
49.42722,-404,320,-24,9,-7,3
49.42723,-402,319,-25,6,-7,0
49.42725,-402,319,-25,3,-4,-3
49.42732,-398,319,-26,4,-3,-4
49.48283,-399,320,-24,2,-1,-2
49.48301,-399,320,-24,2,-3,0
49.48313,-404,319,-28,3,-4,1
49.48317,-404,319,-28,6,-4,1
49.48323,-405,319,-31,9,-3,1
49.48325,-405,319,-31,11,-2,0
49.48333,-405,320,-31,10,1,-2
49.48389,-405,320,-31,6,3,-3
49.48393,-405,320,-31,1,4,-2
49.48395,-405,320,-31,-3,3,0
49.48401,-405,319,-29,-6,3,1
49.48410,-403,320,-28,-8,8,2
49.48418,-403,320,-28,-7,9,3
49.48421,-398,322,-26,-5,7,3
49.48437,-398,322,-26,-4,3,1
49.48441,-400,321,-23,-2,-1,0
49.53995,-398,319,-27,-8,3,2
49.54001,-398,319,-27,-7,5,0
49.54020,-398,318,-26,-4,4,0
49.54046,-398,318,-26,-1,0,0
49.54051,-401,319,-24,4,-1,1
49.54059,-401,319,-24,7,-3,0
49.54063,-400,321,-24,6,-4,-4
49.54067,-400,321,-24,3,-2,-7
49.54068,-401,320,-26,1,1,-6
49.54073,-401,320,-26,1,-2,-3
49.54075,-409,319,-26,2,-4,2
49.54081,-409,319,-26,1,-1,5
49.54083,-408,321,-28,0,3,5
49.54085,-408,321,-28,-1,3,2
49.54086,-403,321,-31,-3,2,-1
49.54091,-403,321,-31,-4,0,-1
49.59128,-404,321,-31,0,0,-1
49.59133,-404,321,-31,-2,0,-2
49.59140,-405,318,-34,-4,0,-1
49.59144,-405,318,-34,-7,4,2
49.59148,-402,319,-33,-9,7,3
49.59150,-402,319,-33,-10,6,0
49.59157,-397,320,-29,-8,3,-2
49.59160,-397,320,-29,-6,-1,-1
49.59167,-399,319,-26,-3,-2,1
49.59170,-399,319,-26,-1,-2,3
49.59176,-401,318,-22,-1,-1,4
49.59178,-401,318,-22,0,-1,4
49.59183,-400,319,-21,3,-3,4
49.59188,-400,319,-21,6,-5,3
49.59189,-400,319,-24,8,-8,2
49.59193,-400,319,-24,7,-8,1
49.64423,-402,318,-27,-4,1,-2
49.64434,-400,320,-26,-3,2,1
49.64436,-400,320,-26,-1,3,1
49.64440,-402,321,-25,0,1,0
49.64459,-402,321,-25,-2,-1,0
49.64463,-403,320,-25,-1,0,1
49.64466,-403,320,-25,0,-1,0
49.64468,-401,319,-26,1,-1,-1
49.64470,-401,319,-26,3,0,1
49.64478,-400,319,-24,5,1,3
49.64484,-400,319,-24,7,0,2
49.64490,-402,318,-23,7,-2,0
49.64492,-402,318,-23,6,-3,1
49.64495,-406,320,-27,5,-2,2
49.64505,-406,320,-27,4,-2,1
49.64509,-403,321,-33,1,0,-3
49.69862,-404,317,-27,8,-2,-1
49.69883,-404,317,-27,8,-5,1
49.69899,-403,318,-29,7,-7,2
49.69912,-403,318,-29,6,-5,2
49.69916,-404,318,-31,2,0,0
49.69920,-404,318,-31,-1,6,0
49.69931,-405,320,-30,-1,6,0
49.69936,-405,320,-30,2,5,0
49.69942,-406,322,-28,3,3,0
49.69952,-406,322,-28,0,2,2
49.69954,-404,321,-29,-3,4,4
49.69956,-404,321,-29,-5,7,2
49.69957,-398,321,-28,-6,6,-1
49.69959,-398,321,-28,-6,2,-3
49.69960,-396,321,-26,-3,-2,-3
49.69970,-396,321,-26,1,-1,-2
49.75231,-402,321,-30,-5,2,0
49.75248,-402,321,-30,-5,2,-4
49.75257,-398,322,-27,-4,3,-5
49.75269,-398,322,-27,-3,2,-2
49.75273,-400,320,-25,-3,2,0
49.75278,-400,320,-25,-2,3,2
49.75283,-401,321,-23,1,2,2
49.75288,-401,321,-23,4,-2,1
49.75291,-397,322,-22,7,-6,0
49.75297,-397,322,-22,7,-8,1
49.75299,-402,320,-25,8,-6,1
49.75300,-409,318,-28,7,-3,1
49.75303,-409,318,-28,4,1,2
49.75306,-405,320,-31,0,3,4
49.75315,-405,320,-31,-2,1,5
49.75317,-404,319,-32,-5,0,3
49.80645,-400,317,-28,5,-1,1
49.80656,-405,317,-28,6,-4,0
49.80659,-405,317,-28,6,-3,1
49.80667,-408,318,-31,4,-1,1
49.80674,-408,318,-31,1,1,0
49.80680,-405,320,-33,-1,3,-3
49.80682,-405,320,-33,0,6,-3
49.80683,-404,322,-31,1,5,-2
49.80695,-404,322,-31,0,3,-1
49.80697,-403,321,-29,-3,5,-1
49.80699,-403,321,-29,-5,7,0
49.80701,-399,320,-28,-6,4,3
49.80705,-399,320,-28,-5,1,3
49.80751,-397,319,-25,-3,-1,2
49.80764,-397,319,-25,1,0,0
49.80766,-400,317,-23,3,0,0
49.86161,-404,319,-31,-3,2,-1
49.86166,-401,320,-30,-7,0,-2
49.86172,-401,320,-30,-10,3,-1
49.86174,-402,320,-28,-9,6,0
49.86181,-402,320,-28,-5,4,-1
49.86184,-403,320,-23,-2,0,-3
49.86189,-403,320,-23,0,0,-1
49.86190,-400,320,-21,3,0,1
49.86193,-400,320,-21,5,-2,3
49.86198,-400,320,-22,5,-4,1
49.86199,-400,320,-22,5,-4,-1
49.86201,-404,319,-23,6,-3,-1
49.86203,-404,319,-23,7,-5,0
49.86215,-408,318,-26,7,-4,1
49.86219,-408,318,-26,6,-2,2
49.86221,-407,318,-31,3,-1,3
49.91428,-403,318,-25,6,0,0
49.91432,-403,318,-25,5,-3,3
49.91443,-402,319,-27,6,-7,4
49.91447,-402,319,-27,5,-8,3
49.91448,-405,319,-31,2,-6,2
49.91450,-405,319,-31,-2,-1,2
49.91450,-406,320,-32,-5,4,0
49.91458,-406,320,-32,-7,9,-1
49.91461,-406,321,-31,-8,10,0
49.91464,-406,321,-31,-7,6,2
49.91467,-404,321,-31,-7,1,4
49.91477,-404,321,-31,-7,1,3
49.91480,-399,321,-30,-7,4,2
49.91482,-399,321,-30,-6,7,2
49.91484,-400,320,-24,-3,5,1
49.91485,-400,320,-24,1,1,0
49.96896,-403,321,-29,-3,6,-2
49.96900,-403,319,-29,-7,12,-4
49.96909,-403,319,-29,-8,11,-2
49.96911,-402,317,-29,-7,6,2
49.96917,-402,317,-29,-4,3,3
49.96918,-402,317,-26,-1,3,3
49.96920,-402,317,-26,0,3,1
49.96924,-401,319,-26,-1,1,-1
49.96925,-401,319,-26,0,-2,-3
49.96928,-400,319,-26,3,-6,-2
49.96929,-400,319,-26,6,-10,-1
49.96931,-405,317,-24,7,-9,1
49.96933,-405,317,-24,5,-2,3
49.96935,-406,316,-26,4,3,3
49.96936,-406,316,-26,4,1,2
49.96938,-403,319,-29,4,-5,0
50.02222,-403,318,-22,7,-7,1
50.02251,-403,319,-24,9,-8,2
50.02256,-403,319,-24,7,-8,1
50.02278,-405,321,-26,4,-6,1
50.02282,-405,321,-26,1,-1,2
50.02289,-411,319,-29,-1,4,3
50.02291,-411,319,-29,-1,6,1
50.02292,-409,319,-31,-2,7,-2
50.02298,-409,319,-31,-1,7,-2
50.02300,-402,322,-29,-1,4,-1
50.02312,-402,322,-29,-2,0,-2
50.02314,-400,320,-29,-5,0,-2
50.02319,-400,320,-29,-7,3,-1
50.02331,-400,318,-27,-1,1,-4
50.02346,-402,319,-21,2,0,-3
50.02352,-402,319,-21,5,-1,-1
