t,ax,ay,az,gx,gy,gz
0.05350,-402,320,-33,-3,7,1
0.05354,-402,320,-33,-3,7,1
0.05359,-400,320,-30,-3,7,1
0.05360,-400,320,-30,-3,7,1
0.05361,-400,320,-30,-3,7,1
0.05362,-403,320,-23,-3,7,1
0.05367,-403,320,-23,-3,7,1
0.05372,-403,320,-19,-3,7,1
0.05374,-403,320,-19,-3,7,1
0.05375,-401,320,-19,-3,7,1
0.05376,-401,320,-19,-3,7,1
0.05376,-401,320,-19,-3,7,1
0.05377,-403,319,-25,-3,7,1
0.05377,-403,319,-25,-3,7,1
0.05377,-407,318,-31,-3,7,1
0.05384,-407,318,-31,-3,7,1
0.10822,-402,317,-23,-3,7,1
0.10828,-402,317,-23,-3,7,1
0.10841,-406,317,-25,-3,7,1
0.10852,-406,317,-25,-3,7,1
0.10856,-406,317,-25,-3,7,1
0.10858,-408,321,-29,-3,7,1
0.10862,-408,321,-29,-3,7,1
0.10863,-406,322,-33,-3,7,1
0.10866,-406,322,-33,-3,7,1
0.10876,-405,322,-34,-3,7,1
0.10878,-405,322,-34,-3,7,1
0.10879,-405,322,-34,-3,7,1
0.10880,-405,321,-31,-3,7,1
0.10882,-405,321,-31,-3,7,1
0.10893,-401,322,-25,-3,7,1
0.10902,-401,322,-25,-3,7,1
0.16397,-405,321,-31,-3,7,1
0.16402,-404,320,-31,-3,7,1
0.16407,-404,320,-31,-3,7,1
0.16408,-402,319,-27,-3,7,1
0.16413,-402,319,-27,-3,7,1
0.16419,-402,319,-27,-3,7,1
0.16421,-401,318,-22,-3,7,1
0.16426,-401,318,-22,-3,7,1
0.16428,-401,319,-20,-3,7,1
0.16430,-401,319,-20,-3,7,1
0.16431,-401,319,-20,-3,7,1
0.16434,-403,319,-23,-3,7,1
0.16441,-403,319,-23,-3,7,1
0.16443,-405,321,-27,-3,7,1
0.16444,-405,321,-27,-3,7,1
0.16445,-405,321,-27,-3,7,1
0.21477,-406,318,-29,-3,7,1
0.21484,-406,318,-29,-3,7,1
0.21495,-407,318,-32,-3,7,1
0.21499,-407,318,-32,-3,7,1
0.21501,-406,320,-33,-3,7,1
0.21505,-406,320,-33,-3,7,1
0.21507,-405,322,-33,-3,7,1
0.21523,-405,322,-33,-3,7,1
0.21527,-405,322,-33,-3,7,1
0.21529,-405,320,-30,-3,7,1
0.21532,-405,320,-30,-3,7,1
0.21543,-402,320,-26,-3,7,1
0.21546,-402,320,-26,-3,7,1
0.21549,-402,320,-26,-3,7,1
0.21559,-397,321,-23,-3,7,1
0.21561,-397,321,-23,-3,7,1
0.26950,-408,320,-31,-3,7,1
0.26956,-408,321,-34,-3,7,1
0.26966,-408,321,-34,-3,7,1
0.26972,-405,322,-33,-3,7,1
0.26974,-405,322,-33,-3,7,1
0.26976,-405,322,-33,-3,7,1
0.26987,-402,321,-29,-3,7,1
0.26991,-402,321,-29,-3,7,1
0.26993,-401,319,-24,-3,7,1
0.26995,-401,319,-24,-3,7,1
0.26996,-402,319,-21,-3,7,1
0.27005,-402,319,-21,-3,7,1
0.27008,-402,319,-21,-3,7,1
0.27010,-400,321,-20,-3,7,1
0.27012,-400,321,-20,-3,7,1
0.27019,-401,319,-23,-3,7,1
0.32526,-402,319,-25,-3,7,1
0.32552,-402,319,-25,-3,7,1
0.32574,-402,319,-25,-3,7,1
0.32577,-403,319,-25,-3,7,1
0.32580,-403,319,-25,-3,7,1
0.32604,-405,320,-28,-3,7,1
0.32625,-405,320,-28,-3,7,1
0.32644,-408,321,-33,-3,7,1
0.32650,-408,321,-33,-3,7,1
0.32666,-408,321,-33,-3,7,1
0.32688,-406,321,-36,-3,7,1
0.32696,-406,321,-36,-3,7,1
0.32709,-401,322,-32,-3,7,1
0.32714,-401,322,-32,-3,7,1
0.32729,-401,322,-32,-3,7,1
0.32747,-400,320,-27,-3,7,1
0.37899,-402,321,-30,-3,7,1
0.37912,-402,321,-30,-3,7,1
0.37914,-402,321,-30,-3,7,1
0.37915,-401,322,-25,-3,7,1
0.37920,-401,322,-25,-3,7,1
0.37931,-401,320,-20,-3,7,1
0.37938,-401,320,-20,-3,7,1
0.37939,-401,320,-20,-3,7,1
0.37943,-402,319,-19,-3,7,1
0.37948,-402,319,-19,-3,7,1
0.37949,-401,320,-21,-3,7,1
0.37951,-401,320,-21,-3,7,1
0.37953,-401,320,-21,-3,7,1
0.37959,-402,320,-26,-3,7,1
0.37963,-402,320,-26,-3,7,1
0.37964,-405,318,-31,-3,7,1
0.43369,-402,319,-25,-3,7,1
0.43373,-402,319,-25,-3,7,1
0.43377,-405,317,-28,-3,7,1
0.43378,-405,317,-28,-3,7,1
0.43381,-407,319,-31,-3,7,1
0.43391,-407,319,-31,-3,7,1
0.43392,-407,319,-31,-3,7,1
0.43395,-408,320,-33,-3,7,1
0.43396,-408,320,-33,-3,7,1
0.43398,-407,321,-34,-3,7,1
0.43402,-407,321,-34,-3,7,1
0.43410,-407,321,-34,-3,7,1
0.43411,-404,320,-30,-3,7,1
0.43412,-404,320,-30,-3,7,1
0.43414,-402,319,-26,-3,7,1
0.43415,-402,319,-26,-3,7,1
0.48469,-404,321,-30,-3,7,1
0.48474,-403,321,-27,-3,7,1
0.48481,-403,321,-27,-3,7,1
0.48486,-403,321,-27,-3,7,1
0.48488,-402,321,-24,-3,7,1
0.48494,-402,321,-24,-3,7,1
0.48498,-400,320,-21,-3,7,1
0.48509,-400,320,-21,-3,7,1
0.48525,-400,319,-21,-3,7,1
0.48527,-400,319,-21,-3,7,1
0.48529,-400,319,-21,-3,7,1
0.48530,-402,318,-23,-3,7,1
0.48540,-402,318,-23,-3,7,1
0.48541,-406,319,-27,-3,7,1
0.48543,-406,319,-27,-3,7,1
0.48544,-406,319,-27,-3,7,1
0.53930,-401,321,-26,-3,7,1
0.53935,-399,321,-23,-3,7,1
0.53947,-399,321,-23,-3,7,1
0.53950,-399,321,-23,-3,7,1
0.53951,-402,321,-22,-3,7,1
0.53953,-402,321,-22,-3,7,1
0.53955,-403,319,-24,-3,7,1
0.53957,-403,319,-24,-3,7,1
0.53958,-403,319,-24,-3,7,1
0.53960,-403,319,-27,-3,7,1
0.53961,-403,319,-27,-3,7,1
0.53962,-407,320,-30,-3,7,1
0.53964,-407,320,-30,-3,7,1
0.53965,-407,320,-30,-3,7,1
0.53968,-408,321,-31,-3,7,1
0.53972,-408,321,-31,-3,7,1
0.59230,-405,322,-32,-3,7,1
0.59237,-405,322,-32,-3,7,1
0.59239,-405,322,-32,-3,7,1
0.59241,-406,320,-32,-3,7,1
0.59242,-406,320,-32,-3,7,1
0.59334,-405,319,-29,-3,7,1
0.59341,-405,319,-29,-3,7,1
0.59351,-405,319,-29,-3,7,1
0.59354,-401,321,-26,-3,7,1
0.59363,-401,321,-26,-3,7,1
0.59368,-400,321,-24,-3,7,1
0.59377,-400,321,-24,-3,7,1
0.59380,-400,321,-24,-3,7,1
0.59394,-401,319,-22,-3,7,1
0.59398,-401,319,-22,-3,7,1
0.59402,-402,317,-20,-3,7,1
0.64518,-399,321,-29,-3,7,1
0.64541,-399,319,-24,-3,7,1
0.64544,-399,319,-24,-3,7,1
0.64557,-399,319,-24,-3,7,1
0.64561,-402,318,-21,-3,7,1
0.64562,-402,318,-21,-3,7,1
0.64570,-401,319,-24,-3,7,1
0.64574,-401,319,-24,-3,7,1
0.64579,-401,319,-24,-3,7,1
0.64584,-400,320,-28,-3,7,1
0.64586,-400,320,-28,-3,7,1
0.64595,-407,320,-30,-3,7,1
0.64596,-407,320,-30,-3,7,1
0.64598,-407,320,-30,-3,7,1
0.64599,-412,319,-33,-3,7,1
0.64600,-412,319,-33,-3,7,1
0.70041,-401,320,-25,-3,7,1
0.70048,-401,320,-25,-3,7,1
0.70050,-402,318,-27,-3,7,1
0.70052,-402,318,-27,-3,7,1
0.70053,-402,318,-27,-3,7,1
0.70064,-405,318,-29,-3,7,1
0.70071,-405,318,-29,-3,7,1
0.70073,-407,319,-33,-3,7,1
0.70076,-407,319,-33,-3,7,1
0.70084,-404,321,-35,-3,7,1
0.70086,-404,321,-35,-3,7,1
0.70087,-404,321,-35,-3,7,1
0.70088,-401,321,-30,-3,7,1
0.70103,-401,321,-30,-3,7,1
0.70104,-401,320,-25,-3,7,1
0.70106,-401,320,-25,-3,7,1
0.75315,-401,319,-25,-3,7,1
0.75321,-401,319,-25,-3,7,1
0.75334,-401,319,-25,-3,7,1
0.75338,-401,318,-22,-3,7,1
0.75340,-401,318,-22,-3,7,1
0.75342,-402,317,-22,-3,7,1
0.75344,-402,317,-22,-3,7,1
0.75357,-402,317,-22,-3,7,1
0.75361,-403,316,-23,-3,7,1
0.75369,-403,316,-23,-3,7,1
0.75379,-404,316,-26,-3,7,1
0.75383,-404,316,-26,-3,7,1
0.75385,-404,316,-26,-3,7,1
0.75387,-406,318,-31,-3,7,1
0.75390,-406,318,-31,-3,7,1
0.75406,-406,320,-33,-3,7,1
0.80822,-404,316,-24,-3,7,1
0.80827,-404,318,-27,-3,7,1
0.80832,-404,318,-27,-3,7,1
0.80835,-404,318,-27,-3,7,1
0.80846,-403,320,-30,-3,7,1
0.80847,-403,320,-30,-3,7,1
0.80849,-406,320,-31,-3,7,1
0.80850,-406,320,-31,-3,7,1
0.80851,-406,320,-31,-3,7,1
0.80852,-408,320,-32,-3,7,1
0.80859,-408,320,-32,-3,7,1
0.80860,-405,322,-32,-3,7,1
0.80861,-405,322,-32,-3,7,1
0.80862,-402,323,-31,-3,7,1
0.80863,-402,323,-31,-3,7,1
0.80863,-402,323,-31,-3,7,1
0.86059,-403,320,-29,-3,7,1
0.86063,-401,320,-26,-3,7,1
0.86073,-401,320,-26,-3,7,1
0.86075,-399,320,-23,-3,7,1
0.86076,-399,320,-23,-3,7,1
0.86077,-399,320,-23,-3,7,1
0.86078,-398,320,-22,-3,7,1
0.86080,-398,320,-22,-3,7,1
0.86082,-402,320,-22,-3,7,1
0.86083,-402,320,-22,-3,7,1
0.86088,-406,319,-25,-3,7,1
0.86090,-406,319,-25,-3,7,1
0.86091,-406,319,-25,-3,7,1
0.86092,-407,320,-28,-3,7,1
0.86094,-407,320,-28,-3,7,1
0.86095,-410,320,-31,-3,7,1
0.91165,-401,317,-25,-3,7,1
0.91169,-401,317,-25,-3,7,1
0.91173,-401,318,-25,-3,7,1
0.91174,-401,318,-25,-3,7,1
0.91175,-404,319,-27,-3,7,1
0.91180,-404,319,-27,-3,7,1
0.91185,-404,319,-27,-3,7,1
0.91189,-407,318,-29,-3,7,1
0.91191,-407,318,-29,-3,7,1
0.91192,-410,320,-31,-3,7,1
0.91194,-410,320,-31,-3,7,1
0.91199,-410,320,-31,-3,7,1
0.91201,-407,322,-33,-3,7,1
0.91202,-407,322,-33,-3,7,1
0.91203,-400,323,-32,-3,7,1
0.91204,-400,323,-32,-3,7,1
0.96261,-408,317,-27,-3,7,1
0.96265,-409,319,-27,-3,7,1
0.96270,-409,319,-27,-3,7,1
0.96274,-409,319,-27,-3,7,1
0.96282,-407,320,-29,-3,7,1
0.96283,-407,320,-29,-3,7,1
0.96289,-404,320,-32,-3,7,1
0.96290,-404,320,-32,-3,7,1
0.96292,-404,320,-32,-3,7,1
0.96295,-401,320,-31,-3,7,1
0.96302,-401,320,-31,-3,7,1
0.96305,-402,320,-26,-3,7,1
0.96307,-402,320,-26,-3,7,1
0.96309,-402,320,-26,-3,7,1
0.96310,-400,321,-23,-3,7,1
0.96311,-400,321,-23,-3,7,1
1.01636,-405,321,-28,-3,7,1
1.01644,-405,321,-28,-3,7,1
1.01656,-405,321,-28,-3,7,1
1.01659,-404,319,-27,-3,7,1
1.01666,-404,319,-27,-3,7,1
1.01670,-401,319,-28,-3,7,1
1.01672,-401,319,-28,-3,7,1
1.01673,-401,319,-28,-3,7,1
1.01675,-400,320,-27,-3,7,1
1.01688,-400,320,-27,-3,7,1
1.01691,-401,320,-26,-3,7,1
1.01693,-401,320,-26,-3,7,1
1.01701,-401,320,-26,-3,7,1
1.01706,-403,319,-24,-3,7,1
1.01707,-403,319,-24,-3,7,1
1.01711,-403,320,-24,-3,7,1
1.06935,-400,320,-21,-3,7,1
1.06946,-402,320,-24,-3,7,1
1.06955,-402,320,-24,-3,7,1
1.06957,-402,320,-24,-3,7,1
1.06959,-402,321,-27,-3,7,1
1.06963,-402,321,-27,-3,7,1
1.06970,-404,322,-29,-3,7,1
1.06974,-404,322,-29,-3,7,1
1.06978,-404,322,-29,-3,7,1
1.06984,-406,322,-31,-3,7,1
1.06988,-406,322,-31,-3,7,1
1.06989,-408,321,-31,-3,7,1
1.06990,-408,321,-31,-3,7,1
1.06995,-408,321,-31,-3,7,1
1.06999,-409,320,-32,-3,7,1
1.07000,-409,320,-32,-3,7,1
1.12020,-409,319,-30,-3,7,1
1.12026,-405,320,-33,-3,7,1
1.12031,-405,320,-33,-3,7,1
1.12038,-404,319,-33,-3,7,1
1.12045,-404,319,-33,-3,7,1
1.12140,-404,319,-33,-3,7,1
1.12142,-405,320,-28,-3,7,1
1.12144,-405,320,-28,-3,7,1
1.12145,-402,321,-23,-3,7,1
1.12147,-402,321,-23,-3,7,1
1.12159,-402,321,-23,-3,7,1
1.12161,-400,320,-23,-3,7,1
1.12163,-400,320,-23,-3,7,1
1.12165,-402,318,-26,-3,7,1
1.12174,-402,318,-26,-3,7,1
1.12177,-402,318,-26,-3,7,1
1.17328,-404,318,-29,-3,7,1
1.17341,-404,318,-29,-3,7,1
1.17345,-401,317,-25,-3,7,1
1.17347,-401,317,-25,-3,7,1
1.17348,-399,318,-22,-3,7,1
1.17349,-399,318,-22,-3,7,1
1.17350,-399,318,-22,-3,7,1
1.17360,-399,320,-24,-3,7,1
1.17361,-399,320,-24,-3,7,1
1.17362,-400,319,-27,-3,7,1
1.17367,-400,319,-27,-3,7,1
1.17370,-400,319,-27,-3,7,1
1.17374,-402,318,-28,-3,7,1
1.17377,-402,318,-28,-3,7,1
1.17380,-405,319,-27,-3,7,1
1.17382,-405,319,-27,-3,7,1
1.22818,-400,320,-21,-3,7,1
1.22823,-405,319,-23,-3,7,1
1.22838,-405,319,-23,-3,7,1
1.22842,-405,319,-27,-3,7,1
1.22844,-405,319,-27,-3,7,1
1.22849,-405,319,-27,-3,7,1
1.22855,-405,320,-32,-3,7,1
1.22868,-405,320,-32,-3,7,1
1.22870,-406,319,-35,-3,7,1
1.22872,-406,319,-35,-3,7,1
1.22873,-406,319,-35,-3,7,1
1.22874,-408,318,-33,-3,7,1
1.22875,-408,318,-33,-3,7,1
1.22880,-409,318,-30,-3,7,1
1.22886,-409,318,-30,-3,7,1
1.22888,-409,318,-30,-3,7,1
1.27925,-404,319,-30,-3,7,1
1.27932,-404,319,-30,-3,7,1
1.27949,-403,319,-27,-3,7,1
1.27955,-403,319,-27,-3,7,1
1.27964,-402,320,-22,-3,7,1
1.27969,-402,320,-22,-3,7,1
1.27972,-402,320,-22,-3,7,1
1.27975,-399,321,-21,-3,7,1
1.27977,-399,321,-21,-3,7,1
1.27986,-400,320,-23,-3,7,1
1.27990,-400,320,-23,-3,7,1
1.27992,-400,320,-23,-3,7,1
1.27995,-403,317,-26,-3,7,1
1.28010,-403,317,-26,-3,7,1
1.28015,-404,317,-27,-3,7,1
1.28018,-404,317,-27,-3,7,1
1.33519,-404,318,-26,-3,7,1
1.33525,-404,318,-26,-3,7,1
1.33532,-404,318,-26,-3,7,1
1.33534,-400,318,-24,-3,7,1
1.33543,-400,318,-24,-3,7,1
1.33549,-399,319,-23,-3,7,1
1.33555,-399,319,-23,-3,7,1
1.33558,-399,319,-23,-3,7,1
1.33559,-405,319,-25,-3,7,1
1.33566,-405,319,-25,-3,7,1
1.33571,-407,319,-30,-3,7,1
1.33574,-407,319,-30,-3,7,1
1.33577,-407,319,-30,-3,7,1
1.33579,-405,322,-33,-3,7,1
1.33583,-405,322,-33,-3,7,1
1.33597,-407,323,-33,-3,7,1
1.38820,-407,320,-34,-3,7,1
1.38825,-404,319,-33,-3,7,1
1.38833,-404,319,-33,-3,7,1
1.38837,-404,319,-33,-3,7,1
1.38838,-404,317,-29,-3,7,1
1.38840,-404,317,-29,-3,7,1
1.38844,-404,318,-25,-3,7,1
1.38845,-404,318,-25,-3,7,1
1.38846,-404,318,-25,-3,7,1
1.38847,-401,320,-23,-3,7,1
1.38851,-401,320,-23,-3,7,1
1.38857,-399,320,-24,-3,7,1
1.38858,-399,320,-24,-3,7,1
1.38859,-399,320,-24,-3,7,1
1.38860,-400,320,-24,-3,7,1
1.38861,-400,320,-24,-3,7,1
1.44156,-401,319,-24,-3,7,1
1.44159,-397,319,-23,-3,7,1
1.44163,-397,319,-23,-3,7,1
1.44164,-400,319,-23,-3,7,1
1.44165,-400,319,-23,-3,7,1
1.44172,-400,319,-23,-3,7,1
1.44174,-402,319,-24,-3,7,1
1.44174,-402,319,-24,-3,7,1
1.44175,-402,319,-25,-3,7,1
1.44175,-402,319,-25,-3,7,1
1.44175,-402,319,-25,-3,7,1
1.44176,-406,317,-26,-3,7,1
1.44177,-406,317,-26,-3,7,1
1.44177,-409,317,-31,-3,7,1
1.44180,-409,317,-31,-3,7,1
1.44180,-409,317,-31,-3,7,1
1.49688,-408,318,-25,-3,7,1
1.49690,-408,318,-25,-3,7,1
1.49691,-406,320,-28,-3,7,1
1.49691,-406,320,-28,-3,7,1
1.49698,-408,320,-32,-3,7,1
1.49698,-408,320,-32,-3,7,1
1.49699,-408,320,-32,-3,7,1
1.49704,-408,319,-32,-3,7,1
1.49704,-408,319,-32,-3,7,1
1.49706,-405,320,-28,-3,7,1
1.49714,-405,320,-28,-3,7,1
1.49714,-405,320,-28,-3,7,1
1.49715,-401,321,-24,-3,7,1
1.49720,-401,321,-24,-3,7,1
1.49721,-402,320,-23,-3,7,1
1.49721,-402,320,-23,-3,7,1
1.55115,-402,320,-20,-3,7,1
1.55117,-402,319,-23,-3,7,1
1.55123,-402,319,-23,-3,7,1
1.55124,-400,319,-28,-3,7,1
1.55124,-400,319,-28,-3,7,1
1.55126,-400,319,-28,-3,7,1
1.55127,-402,319,-30,-3,7,1
1.55133,-402,319,-30,-3,7,1
1.55139,-403,319,-31,-3,7,1
1.55139,-403,319,-31,-3,7,1
1.55145,-403,319,-31,-3,7,1
1.55146,-405,319,-29,-3,7,1
1.55150,-405,319,-29,-3,7,1
1.55151,-407,319,-27,-3,7,1
1.55151,-407,319,-27,-3,7,1
1.55152,-407,319,-27,-3,7,1
1.60656,-409,319,-30,-3,7,1
1.60658,-406,321,-33,-3,7,1
1.60658,-406,321,-33,-3,7,1
1.60659,-405,319,-32,-3,7,1
1.60659,-405,319,-32,-3,7,1
1.60664,-405,319,-32,-3,7,1
1.60666,-403,313,-29,-3,7,1
1.60667,-403,313,-29,-3,7,1
1.60667,-410,314,-28,-3,7,1
1.60667,-410,314,-28,-3,7,1
1.60675,-410,314,-28,-3,7,1
1.60675,-410,325,-25,-3,7,1
1.60676,-410,325,-25,-3,7,1
1.60678,-390,328,-15,-3,7,1
1.60678,-390,328,-15,-3,7,1
1.60679,-390,328,-15,-3,7,1
1.65924,-392,324,-23,-3,7,1
1.65926,-392,324,-23,-3,7,1
1.65932,-392,324,-23,-3,7,1
1.65933,-404,319,-30,-3,7,1
1.65938,-404,319,-30,-3,7,1
1.65940,-410,317,-33,-3,7,1
1.65944,-410,317,-33,-3,7,1
1.65945,-410,317,-33,-3,7,1
1.65951,-400,319,-26,-3,7,1
1.65951,-400,319,-26,-3,7,1
1.65956,-402,320,-20,-3,7,1
1.65962,-402,320,-20,-3,7,1
1.65963,-402,320,-20,-3,7,1
1.65963,-411,324,-23,-3,7,1
1.65964,-411,324,-23,-3,7,1
1.65964,-400,325,-36,-3,7,1
1.71468,-401,350,-56,-3,7,1
1.71471,-301,406,15,-3,7,1
1.71471,-301,406,15,-3,7,1
1.71471,-382,344,-62,-3,7,1
1.71472,-382,344,-62,-3,7,1
1.71472,-382,344,-62,-3,7,1
1.71479,-455,315,-143,-3,7,1
1.71480,-455,315,-143,-3,7,1
1.71489,-346,387,-144,-3,7,1
1.71492,-346,387,-144,-3,7,1
1.71497,-346,387,-144,-3,7,1
1.71500,-275,408,-142,-3,7,1
1.71501,-275,408,-142,-3,7,1
1.71502,-350,350,-150,-3,7,1
1.71505,-350,350,-150,-3,7,1
1.71505,-350,350,-150,-3,7,1
1.76910,-428,298,-9,-3,7,1
1.76919,-428,298,-9,-3,7,1
1.76921,-428,298,-9,-3,7,1
1.76926,-491,271,-19,-3,7,1
1.76935,-491,271,-19,-3,7,1
1.76939,-436,274,-8,-3,7,1
1.76941,-436,274,-8,-3,7,1
1.76943,-436,274,-8,-3,7,1
1.76947,-390,298,15,-3,7,1
1.76953,-390,298,15,-3,7,1
1.76958,-412,315,5,-3,7,1
1.76959,-412,315,5,-3,7,1
1.76960,-412,315,5,-3,7,1
1.76961,-445,302,-58,-3,7,1
1.76961,-445,302,-58,-3,7,1
1.76962,-415,302,-96,-3,7,1
1.82075,-445,310,-59,-3,7,1
1.82080,-445,310,-59,-3,7,1
1.82085,-375,330,12,-3,7,1
1.82087,-375,330,12,-3,7,1
1.82088,-401,308,8,-3,7,1
1.82089,-401,308,8,-3,7,1
1.82095,-401,308,8,-3,7,1
1.82106,-458,289,-47,-3,7,1
1.82107,-458,289,-47,-3,7,1
1.82109,-389,333,-77,-3,7,1
1.82109,-389,333,-77,-3,7,1
1.82111,-389,333,-77,-3,7,1
1.82112,-328,357,-89,-3,7,1
1.82120,-328,357,-89,-3,7,1
1.82121,-386,318,-97,-3,7,1
1.82122,-386,318,-97,-3,7,1
1.87590,-412,300,-18,-3,7,1
1.87605,-412,300,-18,-3,7,1
1.87607,-394,310,39,-3,7,1
1.87608,-394,310,39,-3,7,1
1.87609,-399,305,2,-3,7,1
1.87611,-399,305,2,-3,7,1
1.87611,-399,305,2,-3,7,1
1.87628,-411,292,-86,-3,7,1
1.87630,-411,292,-86,-3,7,1
1.87631,-413,308,-113,-3,7,1
1.87632,-413,308,-113,-3,7,1
1.87635,-413,308,-113,-3,7,1
1.87638,-414,321,-49,-3,7,1
1.87639,-414,321,-49,-3,7,1
1.87642,-435,305,37,-3,7,1
1.87644,-435,305,37,-3,7,1
1.92765,-396,319,-12,-3,7,1
1.92770,-395,330,-27,-3,7,1
1.92785,-395,330,-27,-3,7,1
1.92793,-420,308,-47,-3,7,1
1.92794,-420,308,-47,-3,7,1
1.92804,-420,308,-47,-3,7,1
1.92806,-420,309,-34,-3,7,1
1.92807,-420,309,-34,-3,7,1
1.92809,-377,335,-22,-3,7,1
1.92810,-377,335,-22,-3,7,1
1.92816,-377,335,-22,-3,7,1
1.92824,-378,327,-62,-3,7,1
1.92826,-378,327,-62,-3,7,1
1.92832,-437,289,-101,-3,7,1
1.92834,-437,289,-101,-3,7,1
1.92835,-437,289,-101,-3,7,1
1.98332,-380,329,32,-3,7,1
1.98337,-374,315,-26,-3,7,1
1.98347,-374,315,-26,-3,7,1
1.98351,-388,315,-54,-3,7,1
1.98359,-388,315,-54,-3,7,1
1.98360,-388,315,-54,-3,7,1
1.98361,-412,333,-58,-3,7,1
1.98363,-412,333,-58,-3,7,1
1.98364,-423,326,-81,-3,7,1
1.98368,-423,326,-81,-3,7,1
1.98371,-423,326,-81,-3,7,1
1.98378,-424,301,-91,-3,7,1
1.98381,-424,301,-91,-3,7,1
1.98390,-410,289,-41,-3,7,1
1.98394,-410,289,-41,-3,7,1
1.98396,-410,289,-41,-3,7,1
2.03641,-433,324,-81,-3,7,1
2.03646,-433,324,-81,-3,7,1
2.03650,-433,324,-81,-3,7,1
2.03653,-457,296,23,-3,7,1
2.03661,-457,296,23,-3,7,1
2.03663,-427,296,97,-3,7,1
2.03664,-427,296,97,-3,7,1
2.03674,-427,296,97,-3,7,1
2.03681,-395,320,100,-3,7,1
2.03683,-395,320,100,-3,7,1
2.03684,-412,314,8,-3,7,1
2.03693,-412,314,8,-3,7,1
2.03697,-412,314,8,-3,7,1
2.03701,-430,300,-87,-3,7,1
2.03706,-430,300,-87,-3,7,1
2.03709,-373,321,-92,-3,7,1
2.08877,-396,303,79,-3,7,1
2.08882,-361,348,57,-3,7,1
2.08889,-361,348,57,-3,7,1
2.08896,-361,348,57,-3,7,1
2.08899,-415,344,-13,-3,7,1
2.08902,-415,344,-13,-3,7,1
2.08919,-380,335,-70,-3,7,1
2.08922,-380,335,-70,-3,7,1
2.08928,-380,335,-70,-3,7,1
2.08941,-313,346,-77,-3,7,1
2.08944,-313,346,-77,-3,7,1
2.08947,-362,352,-61,-3,7,1
2.08956,-362,352,-61,-3,7,1
2.08961,-362,352,-61,-3,7,1
2.08963,-442,336,-82,-3,7,1
2.08966,-442,336,-82,-3,7,1
2.14286,-386,337,8,-3,7,1
2.14302,-386,337,8,-3,7,1
2.14307,-386,337,8,-3,7,1
2.14309,-403,322,-35,-3,7,1
2.14309,-403,322,-35,-3,7,1
2.14314,-403,313,-68,-3,7,1
2.14320,-403,313,-68,-3,7,1
2.14321,-403,313,-68,-3,7,1
2.14326,-404,311,-75,-3,7,1
2.14327,-404,311,-75,-3,7,1
2.14327,-426,303,-66,-3,7,1
2.14330,-426,303,-66,-3,7,1
2.14331,-426,303,-66,-3,7,1
2.14333,-427,295,-34,-3,7,1
2.14335,-427,295,-34,-3,7,1
2.14337,-431,288,2,-3,7,1
2.19374,-404,330,24,-3,7,1
2.19378,-404,330,24,-3,7,1
2.19385,-361,349,20,-3,7,1
2.19387,-361,349,20,-3,7,1
2.19391,-361,349,20,-3,7,1
2.19396,-370,352,-23,-3,7,1
2.19398,-370,352,-23,-3,7,1
2.19403,-388,347,-80,-3,7,1
2.19405,-388,347,-80,-3,7,1
2.19408,-388,347,-80,-3,7,1
2.19411,-369,357,-107,-3,7,1
2.19415,-369,357,-107,-3,7,1
2.19417,-347,353,-107,-3,7,1
2.19418,-347,353,-107,-3,7,1
2.19428,-347,353,-107,-3,7,1
2.19431,-381,328,-97,-3,7,1
2.24500,-400,338,-47,-3,7,1
2.24505,-393,330,60,-3,7,1
2.24526,-393,330,60,-3,7,1
2.24530,-387,321,118,-3,7,1
2.24538,-387,321,118,-3,7,1
2.24541,-387,321,118,-3,7,1
2.24566,-423,310,84,-3,7,1
2.24571,-423,310,84,-3,7,1
2.24576,-436,313,-1,-3,7,1
2.24580,-436,313,-1,-3,7,1
2.24584,-436,313,-1,-3,7,1
2.24588,-404,318,-85,-3,7,1
2.24593,-404,318,-85,-3,7,1
2.24596,-387,314,-125,-3,7,1
2.24598,-387,314,-125,-3,7,1
2.24602,-387,314,-125,-3,7,1
2.30040,-384,324,0,-3,7,1
2.30045,-396,325,-94,-3,7,1
2.30050,-396,325,-94,-3,7,1
2.30051,-409,325,-172,-3,7,1
2.30053,-409,325,-172,-3,7,1
2.30055,-409,325,-172,-3,7,1
2.30064,-402,321,-203,-3,7,1
2.30066,-402,321,-203,-3,7,1
2.30068,-388,324,-156,-3,7,1
2.30069,-388,324,-156,-3,7,1
2.30074,-388,324,-156,-3,7,1
2.30076,-407,322,-70,-3,7,1
2.30082,-407,322,-70,-3,7,1
2.30084,-418,319,1,-3,7,1
2.30086,-418,319,1,-3,7,1
2.30088,-418,319,1,-3,7,1
2.35581,-398,337,-202,-3,7,1
2.35586,-398,337,-202,-3,7,1
2.35593,-398,337,-202,-3,7,1
2.35602,-377,332,-185,-3,7,1
2.35604,-377,332,-185,-3,7,1
2.35607,-349,343,-111,-3,7,1
2.35608,-349,343,-111,-3,7,1
2.35610,-349,343,-111,-3,7,1
2.35613,-367,352,-39,-3,7,1
2.35625,-367,352,-39,-3,7,1
2.35634,-405,343,21,-3,7,1
2.35637,-405,343,21,-3,7,1
2.35641,-405,343,21,-3,7,1
2.35644,-406,328,93,-3,7,1
2.35654,-406,328,93,-3,7,1
2.35658,-396,316,155,-3,7,1
2.40949,-404,333,80,-3,7,1
2.40990,-404,333,80,-3,7,1
2.41005,-404,333,80,-3,7,1
2.41007,-417,338,19,-3,7,1
2.41009,-417,338,19,-3,7,1
2.41010,-399,339,-84,-3,7,1
2.41017,-399,339,-84,-3,7,1
2.41021,-399,339,-84,-3,7,1
2.41022,-363,350,-125,-3,7,1
2.41031,-363,350,-125,-3,7,1
2.41035,-358,361,-92,-3,7,1
2.41037,-358,361,-92,-3,7,1
2.41042,-358,361,-92,-3,7,1
2.41043,-375,352,-48,-3,7,1
2.41046,-375,352,-48,-3,7,1
2.41051,-388,338,-36,-3,7,1
2.46367,-450,265,31,-3,7,1
2.46372,-450,265,31,-3,7,1
2.46381,-450,265,31,-3,7,1
2.46386,-436,273,53,-3,7,1
2.46390,-436,273,53,-3,7,1
2.46393,-449,264,30,-3,7,1
2.46397,-449,264,30,-3,7,1
2.46402,-449,264,30,-3,7,1
2.46404,-472,252,-53,-3,7,1
2.46406,-472,252,-53,-3,7,1
2.46412,-446,282,-114,-3,7,1
2.46416,-446,282,-114,-3,7,1
2.46417,-446,282,-114,-3,7,1
2.46418,-424,307,-128,-3,7,1
2.46419,-424,307,-128,-3,7,1
2.46426,-441,303,-103,-3,7,1
2.51544,-399,341,-69,-3,7,1
2.51550,-399,341,-69,-3,7,1
2.51556,-399,341,-69,-3,7,1
2.51560,-399,346,-40,-3,7,1
2.51561,-399,346,-40,-3,7,1
2.51563,-383,363,-8,-3,7,1
2.51565,-383,363,-8,-3,7,1
2.51570,-383,363,-8,-3,7,1
2.51576,-422,332,-14,-3,7,1
2.51579,-422,332,-14,-3,7,1
2.51581,-421,326,-13,-3,7,1
2.51582,-421,326,-13,-3,7,1
2.51583,-421,326,-13,-3,7,1
2.51584,-340,362,14,-3,7,1
2.51593,-340,362,14,-3,7,1
2.51594,-334,351,6,-3,7,1
2.56740,-430,283,-109,-3,7,1
2.56743,-430,283,-109,-3,7,1
2.56743,-431,282,-124,-3,7,1
2.56750,-431,282,-124,-3,7,1
2.56750,-417,310,-45,-3,7,1
2.56752,-417,310,-45,-3,7,1
2.56753,-417,310,-45,-3,7,1
2.56754,-406,342,66,-3,7,1
2.56766,-406,342,66,-3,7,1
2.56767,-397,343,117,-3,7,1
2.56767,-397,343,117,-3,7,1
2.56773,-397,343,117,-3,7,1
2.56774,-370,340,96,-3,7,1
2.56774,-370,340,96,-3,7,1
2.56775,-346,358,23,-3,7,1
2.56776,-346,358,23,-3,7,1
2.62282,-394,311,-49,-3,7,1
2.62285,-360,327,-13,-3,7,1
2.62286,-360,327,-13,-3,7,1
2.62293,-389,325,-16,-3,7,1
2.62304,-389,325,-16,-3,7,1
2.62304,-389,325,-16,-3,7,1
2.62312,-424,318,-65,-3,7,1
2.62313,-424,318,-65,-3,7,1
2.62313,-412,316,-107,-3,7,1
2.62313,-412,316,-107,-3,7,1
2.62317,-412,316,-107,-3,7,1
2.62317,-388,307,-110,-3,7,1
2.62318,-388,307,-110,-3,7,1
2.62318,-386,313,-60,-3,7,1
2.62322,-386,313,-60,-3,7,1
2.62322,-386,313,-60,-3,7,1
2.67755,-448,286,-46,-3,7,1
2.67760,-448,286,-46,-3,7,1
2.67768,-448,286,-46,-3,7,1
2.67773,-437,275,-117,-3,7,1
2.67775,-437,275,-117,-3,7,1
2.67776,-395,301,-147,-3,7,1
2.67787,-395,301,-147,-3,7,1
2.67789,-395,301,-147,-3,7,1
2.67790,-369,338,-130,-3,7,1
2.67791,-369,338,-130,-3,7,1
2.67795,-398,335,-100,-3,7,1
2.67810,-398,335,-100,-3,7,1
2.67812,-398,335,-100,-3,7,1
2.67813,-407,322,-54,-3,7,1
2.67814,-407,322,-54,-3,7,1
2.67815,-363,337,8,-3,7,1
2.73330,-368,343,-86,-3,7,1
2.73338,-368,343,-86,-3,7,1
2.73340,-414,337,-79,-3,7,1
2.73353,-414,337,-79,-3,7,1
2.73355,-403,348,-45,-3,7,1
2.73357,-403,348,-45,-3,7,1
2.73359,-403,348,-45,-3,7,1
2.73361,-353,355,-10,-3,7,1
2.73364,-353,355,-10,-3,7,1
2.73365,-336,350,4,-3,7,1
2.73380,-336,350,4,-3,7,1
2.73384,-336,350,4,-3,7,1
2.73386,-369,351,-5,-3,7,1
2.73387,-369,351,-5,-3,7,1
2.73389,-398,352,-39,-3,7,1
2.73399,-398,352,-39,-3,7,1
2.78913,-387,307,70,-3,7,1
2.78920,-387,307,70,-3,7,1
2.78944,-387,307,70,-3,7,1
2.78949,-428,308,12,-3,7,1
2.78963,-428,308,12,-3,7,1
2.78975,-438,307,-25,-3,7,1
2.78983,-438,307,-25,-3,7,1
2.78997,-438,307,-25,-3,7,1
2.79007,-433,291,-19,-3,7,1
2.79013,-433,291,-19,-3,7,1
2.79015,-436,279,28,-3,7,1
2.79033,-436,279,28,-3,7,1
2.79044,-436,279,28,-3,7,1
2.79047,-438,286,72,-3,7,1
2.79049,-438,286,72,-3,7,1
2.79064,-448,297,49,-3,7,1
2.84518,-437,288,-124,-3,7,1
2.84522,-437,288,-124,-3,7,1
2.84528,-389,306,-72,-3,7,1
2.84530,-389,306,-72,-3,7,1
2.84537,-389,306,-72,-3,7,1
2.84540,-418,291,-3,-3,7,1
2.84541,-418,291,-3,-3,7,1
2.84544,-453,292,44,-3,7,1
2.84545,-453,292,44,-3,7,1
2.84550,-453,292,44,-3,7,1
2.84554,-413,322,57,-3,7,1
2.84556,-413,322,57,-3,7,1
2.84558,-368,337,28,-3,7,1
2.84559,-368,337,28,-3,7,1
2.84561,-368,337,28,-3,7,1
2.84562,-382,325,-23,-3,7,1
2.89701,-392,329,-28,-3,7,1
2.89748,-407,319,-30,-3,7,1
2.89782,-407,319,-30,-3,7,1
2.89793,-401,323,-26,-3,7,1
2.89798,-401,323,-26,-3,7,1
2.89805,-401,323,-26,-3,7,1
2.89808,-391,328,-24,-3,7,1
2.89817,-391,328,-24,-3,7,1
2.89820,-396,319,-40,-3,7,1
2.89834,-396,319,-40,-3,7,1
2.89845,-396,319,-40,-3,7,1
2.89847,-404,314,-56,-3,7,1
2.89850,-404,314,-56,-3,7,1
2.89855,-405,321,-48,-3,7,1
2.89864,-405,321,-48,-3,7,1
2.89867,-405,321,-48,-3,7,1
2.95349,-404,317,-20,-3,7,1
2.95356,-404,317,-20,-3,7,1
2.95360,-397,320,-26,-3,7,1
2.95362,-397,320,-26,-3,7,1
2.95367,-397,320,-26,-3,7,1
2.95371,-401,318,-29,-3,7,1
2.95373,-401,318,-29,-3,7,1
2.95374,-406,317,-28,-3,7,1
2.95382,-406,317,-28,-3,7,1
2.95385,-406,317,-28,-3,7,1
2.95399,-408,319,-25,-3,7,1
2.95401,-408,319,-25,-3,7,1
2.95403,-411,319,-19,-3,7,1
2.95404,-411,319,-19,-3,7,1
2.95406,-411,319,-19,-3,7,1
2.95411,-410,319,-17,-3,7,1
3.00830,-399,321,-29,-3,7,1
3.00837,-399,321,-29,-3,7,1
3.00844,-406,319,-23,-3,7,1
3.00849,-406,319,-23,-3,7,1
3.00857,-406,319,-23,-3,7,1
3.00864,-407,317,-24,-3,7,1
3.00869,-407,317,-24,-3,7,1
3.00873,-400,318,-28,-3,7,1
3.00875,-400,318,-28,-3,7,1
3.00877,-400,318,-28,-3,7,1
3.00881,-399,319,-32,-3,7,1
3.00884,-399,319,-32,-3,7,1
3.00888,-405,318,-35,-3,7,1
3.00891,-405,318,-35,-3,7,1
3.00893,-405,318,-35,-3,7,1
3.00895,-405,320,-32,-3,7,1
3.05930,-399,320,-27,-3,7,1
3.05947,-402,322,-25,-3,7,1
3.05960,-402,322,-25,-3,7,1
3.05978,-402,322,-25,-3,7,1
3.05983,-403,322,-27,-3,7,1
3.05985,-403,322,-27,-3,7,1
3.06008,-401,322,-30,-3,7,1
3.06037,-401,322,-30,-3,7,1
3.06043,-401,322,-30,-3,7,1
3.06046,-400,321,-30,-3,7,1
3.06056,-400,321,-30,-3,7,1
3.06060,-401,320,-28,-3,7,1
3.06069,-401,320,-28,-3,7,1
3.06073,-401,320,-28,-3,7,1
3.06079,-402,321,-28,-3,7,1
3.06081,-402,321,-28,-3,7,1
3.11517,-403,320,-23,-3,7,1
3.11522,-403,319,-20,-3,7,1
3.11530,-403,319,-20,-3,7,1
3.11532,-403,319,-20,-3,7,1
3.11536,-404,318,-23,-3,7,1
3.11537,-404,318,-23,-3,7,1
3.11538,-400,319,-26,-3,7,1
3.11540,-400,319,-26,-3,7,1
3.11541,-400,319,-26,-3,7,1
3.11553,-398,320,-27,-3,7,1
3.11556,-398,320,-27,-3,7,1
3.11559,-401,318,-30,-3,7,1
3.11560,-401,318,-30,-3,7,1
3.11561,-401,318,-30,-3,7,1
3.11562,-403,319,-29,-3,7,1
3.11565,-403,319,-29,-3,7,1
3.16710,-404,321,-32,-3,7,1
3.16716,-400,322,-34,-3,7,1
3.16726,-400,322,-34,-3,7,1
3.16734,-399,322,-35,-3,7,1
3.16740,-399,322,-35,-3,7,1
3.16748,-399,322,-35,-3,7,1
3.16756,-406,321,-33,-3,7,1
3.16763,-406,321,-33,-3,7,1
3.16765,-408,318,-30,-3,7,1
3.16774,-408,318,-30,-3,7,1
3.16776,-408,318,-30,-3,7,1
3.16777,-405,317,-26,-3,7,1
3.16788,-405,317,-26,-3,7,1
3.16791,-402,319,-25,-3,7,1
3.16795,-402,319,-25,-3,7,1
3.16802,-402,319,-25,-3,7,1
3.22243,-404,321,-23,-3,7,1
3.22247,-404,321,-23,-3,7,1
3.22252,-409,322,-27,-3,7,1
3.22255,-409,322,-27,-3,7,1
3.22261,-409,322,-27,-3,7,1
3.22263,-405,323,-25,-3,7,1
3.22264,-405,323,-25,-3,7,1
3.22270,-398,323,-22,-3,7,1
3.22275,-398,323,-22,-3,7,1
3.22277,-398,323,-22,-3,7,1
3.22281,-401,321,-24,-3,7,1
3.22282,-401,321,-24,-3,7,1
3.22283,-402,320,-25,-3,7,1
3.22286,-402,320,-25,-3,7,1
3.22286,-402,320,-25,-3,7,1
3.22288,-398,324,-21,-3,7,1
3.27757,-400,316,-25,-3,7,1
3.27764,-401,316,-27,-3,7,1
3.27772,-401,316,-27,-3,7,1
3.27803,-401,316,-27,-3,7,1
3.27808,-406,315,-31,-3,7,1
3.27829,-406,315,-31,-3,7,1
3.27834,-407,316,-32,-3,7,1
3.27836,-407,316,-32,-3,7,1
3.27839,-407,316,-32,-3,7,1
3.27852,-404,319,-29,-3,7,1
3.27858,-404,319,-29,-3,7,1
3.27861,-406,320,-27,-3,7,1
3.27863,-406,320,-27,-3,7,1
3.27874,-406,320,-27,-3,7,1
3.27888,-407,319,-25,-3,7,1
3.27891,-407,319,-25,-3,7,1
3.33118,-403,322,-26,-3,7,1
3.33122,-403,322,-26,-3,7,1
3.33128,-405,321,-26,-3,7,1
3.33130,-405,321,-26,-3,7,1
3.33138,-401,321,-22,-3,7,1
3.33139,-401,321,-22,-3,7,1
3.33141,-401,321,-22,-3,7,1
3.33144,-397,324,-17,-3,7,1
3.33145,-397,324,-17,-3,7,1
3.33149,-399,322,-23,-3,7,1
3.33151,-399,322,-23,-3,7,1
3.33152,-399,322,-23,-3,7,1
3.33154,-401,319,-29,-3,7,1
3.33156,-401,319,-29,-3,7,1
3.33161,-401,321,-29,-3,7,1
3.33162,-401,321,-29,-3,7,1
3.38365,-403,321,-29,-3,7,1
3.38370,-403,321,-29,-3,7,1
3.38378,-400,323,-25,-3,7,1
3.38385,-400,323,-25,-3,7,1
3.38390,-400,323,-25,-3,7,1
3.38395,-399,321,-29,-3,7,1
3.38398,-399,321,-29,-3,7,1
3.38404,-404,319,-33,-3,7,1
3.38406,-404,319,-33,-3,7,1
3.38410,-404,319,-33,-3,7,1
3.38416,-403,321,-32,-3,7,1
3.38418,-403,321,-32,-3,7,1
3.38422,-400,323,-30,-3,7,1
3.38428,-400,323,-30,-3,7,1
3.38430,-400,323,-30,-3,7,1
3.38431,-406,321,-28,-3,7,1
3.43618,-408,320,-24,-3,7,1
3.43624,-408,320,-24,-3,7,1
3.43625,-408,320,-24,-3,7,1
3.43639,-410,320,-27,-3,7,1
3.43642,-410,320,-27,-3,7,1
3.43644,-406,319,-30,-3,7,1
3.43648,-406,319,-30,-3,7,1
3.43651,-406,319,-30,-3,7,1
3.43653,-400,318,-29,-3,7,1
3.43654,-400,318,-29,-3,7,1
3.43655,-400,319,-25,-3,7,1
3.43662,-400,319,-25,-3,7,1
3.43664,-400,319,-25,-3,7,1
3.43667,-405,319,-21,-3,7,1
3.43669,-405,319,-21,-3,7,1
3.43673,-407,319,-22,-3,7,1
3.49161,-405,321,-33,-3,7,1
3.49166,-400,322,-33,-3,7,1
3.49173,-400,322,-33,-3,7,1
3.49180,-397,320,-29,-3,7,1
3.49183,-397,320,-29,-3,7,1
3.49184,-397,320,-29,-3,7,1
3.49186,-396,321,-24,-3,7,1
3.49193,-396,321,-24,-3,7,1
3.49198,-400,323,-25,-3,7,1
3.49200,-400,323,-25,-3,7,1
3.49205,-400,323,-25,-3,7,1
3.49208,-402,322,-29,-3,7,1
3.49209,-402,322,-29,-3,7,1
3.49211,-401,320,-30,-3,7,1
3.49227,-401,320,-30,-3,7,1
3.49231,-401,320,-30,-3,7,1
3.54724,-407,318,-26,-3,7,1
3.54729,-407,318,-26,-3,7,1
3.54740,-407,318,-26,-3,7,1
3.54748,-406,319,-29,-3,7,1
3.54754,-406,319,-29,-3,7,1
3.54757,-406,319,-31,-3,7,1
3.54764,-406,319,-31,-3,7,1
3.54768,-406,319,-31,-3,7,1
3.54771,-406,317,-31,-3,7,1
3.54776,-406,317,-31,-3,7,1
3.54780,-402,318,-24,-3,7,1
3.54782,-402,318,-24,-3,7,1
3.54784,-402,318,-24,-3,7,1
3.54787,-403,318,-24,-3,7,1
3.54790,-403,318,-24,-3,7,1
3.54791,-403,318,-29,-3,7,1
3.59980,-401,322,-24,-3,7,1
3.59982,-401,322,-24,-3,7,1
3.59989,-403,321,-27,-3,7,1
3.59993,-403,321,-27,-3,7,1
3.59999,-403,321,-30,-3,7,1
3.60006,-403,321,-30,-3,7,1
3.60007,-403,321,-30,-3,7,1
3.60007,-404,322,-28,-3,7,1
3.60007,-404,322,-28,-3,7,1
3.60011,-406,321,-29,-3,7,1
3.60012,-406,321,-29,-3,7,1
3.60013,-406,321,-29,-3,7,1
3.60013,-406,320,-30,-3,7,1
3.60020,-406,320,-30,-3,7,1
3.60025,-403,323,-25,-3,7,1
3.60026,-403,323,-25,-3,7,1
3.65513,-406,318,-29,-3,7,1
3.65518,-406,318,-29,-3,7,1
3.65525,-406,318,-29,-3,7,1
3.65528,-409,319,-31,-3,7,1
3.65535,-409,319,-31,-3,7,1
3.65542,-404,321,-28,-3,7,1
3.65544,-404,321,-28,-3,7,1
3.65551,-404,321,-28,-3,7,1
3.65553,-402,321,-25,-3,7,1
3.65556,-402,321,-25,-3,7,1
3.65559,-404,320,-23,-3,7,1
3.65561,-404,320,-23,-3,7,1
3.65563,-404,320,-23,-3,7,1
3.65568,-405,319,-25,-3,7,1
3.65571,-405,319,-25,-3,7,1
3.65573,-402,318,-28,-3,7,1
3.70634,-403,321,-24,-3,7,1
3.70644,-403,321,-24,-3,7,1
3.70645,-401,322,-25,-3,7,1
3.70645,-401,322,-25,-3,7,1
3.70652,-398,321,-27,-3,7,1
3.70653,-398,321,-27,-3,7,1
3.70656,-398,321,-27,-3,7,1
3.70656,-402,320,-29,-3,7,1
3.70658,-402,320,-29,-3,7,1
3.70661,-407,320,-30,-3,7,1
3.70662,-407,320,-30,-3,7,1
3.70662,-407,320,-30,-3,7,1
3.70662,-407,319,-29,-3,7,1
3.70663,-407,319,-29,-3,7,1
3.70663,-406,319,-25,-3,7,1
3.70669,-406,319,-25,-3,7,1
3.75925,-402,318,-27,-3,7,1
3.75930,-402,318,-27,-3,7,1
3.75939,-400,321,-29,-3,7,1
3.75941,-400,321,-29,-3,7,1
3.75955,-400,321,-29,-3,7,1
3.75957,-406,321,-30,-3,7,1
3.75959,-406,321,-30,-3,7,1
3.75960,-408,320,-30,-3,7,1
3.75962,-408,320,-30,-3,7,1
3.75964,-408,320,-30,-3,7,1
3.75965,-404,321,-29,-3,7,1
3.75982,-404,321,-29,-3,7,1
3.75990,-402,322,-25,-3,7,1
3.75997,-402,322,-25,-3,7,1
3.75997,-402,322,-25,-3,7,1
3.75998,-402,321,-23,-3,7,1
3.81118,-404,320,-29,-3,7,1
3.81123,-404,320,-29,-3,7,1
3.81130,-408,319,-31,-3,7,1
3.81135,-408,319,-31,-3,7,1
3.81136,-408,319,-31,-3,7,1
3.81138,-404,319,-28,-3,7,1
3.81146,-404,319,-28,-3,7,1
3.81148,-398,318,-24,-3,7,1
3.81149,-398,318,-24,-3,7,1
3.81150,-398,318,-24,-3,7,1
3.81156,-400,318,-23,-3,7,1
3.81160,-400,318,-23,-3,7,1
3.81161,-404,319,-24,-3,7,1
3.81169,-404,319,-24,-3,7,1
3.81171,-404,319,-24,-3,7,1
3.81172,-402,320,-27,-3,7,1
3.86648,-397,320,-29,-3,7,1
3.86653,-400,321,-27,-3,7,1
3.86659,-400,321,-27,-3,7,1
3.86661,-400,321,-27,-3,7,1
3.86662,-402,321,-28,-3,7,1
3.86664,-402,321,-28,-3,7,1
3.86676,-402,320,-31,-3,7,1
3.86683,-402,320,-31,-3,7,1
3.86685,-402,320,-31,-3,7,1
3.86688,-400,319,-29,-3,7,1
3.86689,-400,319,-29,-3,7,1
3.86693,-401,320,-26,-3,7,1
3.86696,-401,320,-26,-3,7,1
3.86697,-401,320,-26,-3,7,1
3.86709,-406,320,-28,-3,7,1
3.86711,-406,320,-28,-3,7,1
3.91852,-406,317,-24,-3,7,1
3.91856,-405,320,-24,-3,7,1
3.91862,-405,320,-24,-3,7,1
3.91864,-406,319,-28,-3,7,1
3.91868,-406,319,-28,-3,7,1
3.91872,-406,319,-28,-3,7,1
3.91875,-405,319,-28,-3,7,1
3.91880,-405,319,-28,-3,7,1
3.91885,-401,320,-24,-3,7,1
3.91890,-401,320,-24,-3,7,1
3.91891,-401,320,-24,-3,7,1
3.91894,-399,321,-24,-3,7,1
3.91897,-399,321,-24,-3,7,1
3.91899,-400,322,-25,-3,7,1
3.91902,-400,322,-25,-3,7,1
3.91905,-400,322,-25,-3,7,1
3.97371,-399,320,-28,-3,7,1
3.97377,-399,320,-28,-3,7,1
3.97384,-401,319,-28,-3,7,1
3.97387,-401,319,-28,-3,7,1
3.97397,-401,319,-28,-3,7,1
3.97402,-402,319,-27,-3,7,1
3.97406,-402,319,-27,-3,7,1
3.97411,-399,321,-27,-3,7,1
3.97414,-399,321,-27,-3,7,1
3.97418,-399,321,-27,-3,7,1
3.97420,-401,319,-29,-3,7,1
3.97424,-401,319,-29,-3,7,1
3.97427,-403,319,-27,-3,7,1
3.97429,-403,319,-27,-3,7,1
3.97436,-403,319,-27,-3,7,1
3.97438,-403,321,-25,-3,7,1
4.02815,-404,322,-26,-3,7,1
4.02829,-404,322,-26,-3,7,1
4.02953,-404,322,-26,-3,7,1
4.02960,-409,319,-29,-3,7,1
4.02968,-409,319,-29,-3,7,1
4.02971,-404,318,-28,-3,7,1
4.02976,-404,318,-28,-3,7,1
4.02982,-404,318,-28,-3,7,1
4.02992,-398,319,-25,-3,7,1
4.02994,-398,319,-25,-3,7,1
4.02998,-401,320,-25,-3,7,1
4.03000,-401,320,-25,-3,7,1
4.03005,-401,320,-25,-3,7,1
4.03007,-403,320,-28,-3,7,1
4.03015,-403,320,-28,-3,7,1
4.03017,-400,321,-29,-3,7,1
4.08524,-402,321,-32,-3,7,1
4.08532,-401,321,-31,-3,7,1
4.08539,-401,321,-31,-3,7,1
4.08546,-403,320,-28,-3,7,1
4.08550,-403,320,-28,-3,7,1
4.08557,-403,320,-28,-3,7,1
4.08559,-406,319,-24,-3,7,1
4.08560,-406,319,-24,-3,7,1
4.08562,-404,320,-25,-3,7,1
4.08572,-404,320,-25,-3,7,1
4.08577,-404,320,-25,-3,7,1
4.08583,-403,321,-32,-3,7,1
4.08584,-403,321,-32,-3,7,1
4.08588,-405,320,-33,-3,7,1
4.08599,-405,320,-33,-3,7,1
4.08602,-405,320,-33,-3,7,1
4.13959,-409,322,-24,-3,7,1
4.13961,-404,319,-29,-3,7,1
4.13962,-404,319,-29,-3,7,1
4.13962,-399,318,-29,-3,7,1
4.13969,-399,318,-29,-3,7,1
4.13973,-404,318,-24,-3,7,1
4.13986,-404,318,-24,-3,7,1
4.13986,-404,318,-24,-3,7,1
4.13986,-408,318,-25,-3,7,1
4.13987,-408,318,-25,-3,7,1
4.13990,-405,319,-26,-3,7,1
4.13991,-405,319,-26,-3,7,1
4.13991,-405,319,-26,-3,7,1
4.13994,-403,321,-27,-3,7,1
4.13994,-403,321,-27,-3,7,1
4.13995,-404,321,-30,-3,7,1
4.19186,-399,321,-24,-3,7,1
4.19188,-399,321,-24,-3,7,1
4.19195,-401,320,-25,-3,7,1
4.19196,-401,320,-25,-3,7,1
4.19204,-405,320,-28,-3,7,1
4.19205,-405,320,-28,-3,7,1
4.19212,-405,320,-28,-3,7,1
4.19213,-405,321,-30,-3,7,1
4.19219,-405,321,-30,-3,7,1
4.19219,-403,320,-28,-3,7,1
4.19220,-403,320,-28,-3,7,1
4.19220,-403,320,-28,-3,7,1
4.19220,-404,321,-24,-3,7,1
4.19228,-404,321,-24,-3,7,1
4.19230,-404,319,-24,-3,7,1
4.19233,-404,319,-24,-3,7,1
4.24604,-405,316,-27,-3,7,1
4.24607,-407,317,-27,-3,7,1
4.24607,-407,317,-27,-3,7,1
4.24608,-405,321,-24,-3,7,1
4.24619,-405,321,-24,-3,7,1
4.24621,-405,321,-24,-3,7,1
4.24626,-404,322,-26,-3,7,1
4.24627,-404,322,-26,-3,7,1
4.24637,-403,320,-28,-3,7,1
4.24637,-403,320,-28,-3,7,1
4.24640,-403,320,-28,-3,7,1
4.24641,-399,321,-26,-3,7,1
4.24650,-399,321,-26,-3,7,1
4.24650,-398,321,-26,-3,7,1
4.24650,-398,321,-26,-3,7,1
4.24652,-398,321,-26,-3,7,1
4.29775,-400,323,-25,-3,7,1
4.29780,-400,323,-25,-3,7,1
4.29790,-404,322,-26,-3,7,1
4.29794,-404,322,-26,-3,7,1
4.29796,-404,322,-26,-3,7,1
4.29798,-402,322,-26,-3,7,1
4.29799,-402,322,-26,-3,7,1
4.29802,-401,321,-27,-3,7,1
4.29806,-401,321,-27,-3,7,1
4.29808,-401,321,-27,-3,7,1
4.29809,-407,319,-28,-3,7,1
4.29812,-407,319,-28,-3,7,1
4.29814,-410,320,-26,-3,7,1
4.29818,-410,320,-26,-3,7,1
4.29821,-410,320,-26,-3,7,1
4.29822,-407,320,-26,-3,7,1
4.34947,-405,317,-29,-3,7,1
4.34954,-405,317,-29,-3,7,1
4.34962,-407,318,-29,-3,7,1
4.34964,-407,318,-29,-3,7,1
4.34968,-407,318,-29,-3,7,1
4.34970,-405,320,-28,-3,7,1
4.34972,-405,320,-28,-3,7,1
4.34973,-406,320,-27,-3,7,1
4.34984,-406,320,-27,-3,7,1
4.34994,-406,320,-27,-3,7,1
4.34996,-409,319,-27,-3,7,1
4.34998,-409,319,-27,-3,7,1
4.35002,-406,319,-25,-3,7,1
4.35005,-406,319,-25,-3,7,1
4.35006,-406,319,-25,-3,7,1
4.35014,-399,320,-24,-3,7,1
4.40044,-406,321,-26,-3,7,1
4.40077,-406,320,-26,-3,7,1
4.40085,-406,320,-26,-3,7,1
4.40091,-406,320,-26,-3,7,1
4.40099,-406,321,-26,-3,7,1
4.40103,-406,321,-26,-3,7,1
4.40107,-404,320,-27,-3,7,1
4.40110,-404,320,-27,-3,7,1
4.40115,-404,320,-27,-3,7,1
4.40117,-400,319,-27,-3,7,1
4.40119,-400,319,-27,-3,7,1
4.40120,-398,320,-26,-3,7,1
4.40125,-398,320,-26,-3,7,1
4.40128,-398,320,-26,-3,7,1
4.40130,-400,321,-27,-3,7,1
4.40132,-400,321,-27,-3,7,1
4.45503,-401,319,-26,-3,7,1
4.45507,-401,319,-26,-3,7,1
4.45513,-403,319,-30,-3,7,1
4.45516,-403,319,-30,-3,7,1
4.45523,-404,319,-31,-3,7,1
4.45525,-404,319,-31,-3,7,1
4.45531,-404,319,-31,-3,7,1
4.45533,-402,318,-29,-3,7,1
4.45536,-402,318,-29,-3,7,1
4.45538,-401,321,-24,-3,7,1
4.45539,-401,321,-24,-3,7,1
4.45545,-401,321,-24,-3,7,1
4.45553,-404,322,-23,-3,7,1
4.45554,-404,322,-23,-3,7,1
4.45556,-407,320,-25,-3,7,1
4.45561,-407,320,-25,-3,7,1
4.50855,-398,320,-31,-3,7,1
4.50868,-402,320,-28,-3,7,1
4.50871,-402,320,-28,-3,7,1
4.50883,-408,318,-28,-3,7,1
4.50888,-408,318,-28,-3,7,1
4.50894,-408,318,-28,-3,7,1
4.50897,-408,320,-25,-3,7,1
4.50901,-408,320,-25,-3,7,1
4.50905,-404,321,-23,-3,7,1
4.50907,-404,321,-23,-3,7,1
4.50910,-404,321,-23,-3,7,1
4.50914,-402,319,-24,-3,7,1
4.50916,-402,319,-24,-3,7,1
4.50923,-403,319,-27,-3,7,1
4.50927,-403,319,-27,-3,7,1
4.50928,-403,319,-27,-3,7,1
4.56112,-406,321,-23,-3,7,1
4.56116,-406,321,-23,-3,7,1
4.56121,-405,320,-29,-3,7,1
4.56123,-405,320,-29,-3,7,1
4.56124,-401,319,-29,-3,7,1
4.56131,-401,319,-29,-3,7,1
4.56133,-401,319,-29,-3,7,1
4.56133,-401,320,-26,-3,7,1
4.56141,-401,320,-26,-3,7,1
4.56145,-404,321,-27,-3,7,1
4.56146,-404,321,-27,-3,7,1
4.56147,-404,321,-27,-3,7,1
4.56149,-406,321,-29,-3,7,1
4.56150,-406,321,-29,-3,7,1
4.56153,-406,322,-27,-3,7,1
4.56155,-406,322,-27,-3,7,1
4.61181,-399,320,-30,-3,7,1
4.61186,-399,320,-30,-3,7,1
4.61190,-401,318,-31,-3,7,1
4.61191,-401,318,-31,-3,7,1
4.61197,-401,318,-31,-3,7,1
4.61201,-404,319,-26,-3,7,1
4.61203,-404,319,-26,-3,7,1
4.61210,-405,319,-24,-3,7,1
4.61211,-405,319,-24,-3,7,1
4.61213,-405,319,-24,-3,7,1
4.61217,-408,318,-27,-3,7,1
4.61220,-408,318,-27,-3,7,1
4.61223,-408,320,-29,-3,7,1
4.61227,-408,320,-29,-3,7,1
4.61231,-408,320,-29,-3,7,1
4.61235,-401,322,-29,-3,7,1
4.66485,-403,321,-31,-3,7,1
4.66488,-403,321,-31,-3,7,1
4.66495,-404,320,-29,-3,7,1
4.66497,-404,320,-29,-3,7,1
4.66498,-408,320,-27,-3,7,1
4.66498,-408,320,-27,-3,7,1
4.66499,-408,320,-27,-3,7,1
4.66510,-409,320,-25,-3,7,1
4.66510,-409,320,-25,-3,7,1
4.66511,-404,319,-25,-3,7,1
4.66520,-404,319,-25,-3,7,1
4.66520,-404,319,-25,-3,7,1
4.66521,-400,321,-24,-3,7,1
4.66522,-400,321,-24,-3,7,1
4.66523,-401,322,-26,-3,7,1
4.66533,-401,322,-26,-3,7,1
4.71591,-409,318,-25,-3,7,1
4.71606,-403,318,-23,-3,7,1
4.71608,-403,318,-23,-3,7,1
4.71609,-399,320,-22,-3,7,1
4.71610,-399,320,-22,-3,7,1
4.71611,-399,320,-22,-3,7,1
4.71613,-402,321,-27,-3,7,1
4.71618,-402,321,-27,-3,7,1
4.71622,-404,321,-30,-3,7,1
4.71626,-404,321,-30,-3,7,1
4.71629,-404,321,-30,-3,7,1
4.71632,-399,322,-28,-3,7,1
4.71633,-399,322,-28,-3,7,1
4.71633,-399,322,-27,-3,7,1
4.71634,-399,322,-27,-3,7,1
4.71634,-399,322,-27,-3,7,1
4.76834,-402,321,-21,-3,7,1
4.76836,-405,319,-27,-3,7,1
4.76837,-405,319,-27,-3,7,1
4.76843,-405,319,-27,-3,7,1
4.76844,-404,318,-31,-3,7,1
4.76851,-404,318,-31,-3,7,1
4.76856,-399,320,-28,-3,7,1
4.76856,-399,320,-28,-3,7,1
4.76857,-399,320,-28,-3,7,1
4.76858,-401,321,-28,-3,7,1
4.76859,-401,321,-28,-3,7,1
4.76860,-410,319,-29,-3,7,1
4.76860,-410,319,-29,-3,7,1
4.76860,-410,319,-29,-3,7,1
4.76861,-409,319,-25,-3,7,1
4.76861,-409,319,-25,-3,7,1
4.82237,-406,319,-31,-3,7,1
4.82240,-406,319,-31,-3,7,1
4.82241,-408,318,-32,-3,7,1
4.82241,-408,318,-32,-3,7,1
4.82249,-404,321,-28,-3,7,1
4.82250,-404,321,-28,-3,7,1
4.82251,-404,321,-28,-3,7,1
4.82252,-404,319,-25,-3,7,1
4.82268,-404,319,-25,-3,7,1
4.82268,-407,318,-24,-3,7,1
4.82269,-407,318,-24,-3,7,1
4.82274,-407,318,-24,-3,7,1
4.82278,-402,320,-24,-3,7,1
4.82278,-402,320,-24,-3,7,1
4.82281,-396,321,-26,-3,7,1
4.82290,-396,321,-26,-3,7,1
4.87593,-401,320,-23,-3,7,1
4.87595,-401,320,-23,-3,7,1
4.87595,-405,321,-22,-3,7,1
4.87596,-405,321,-22,-3,7,1
4.87603,-406,322,-25,-3,7,1
4.87604,-406,322,-25,-3,7,1
4.87605,-406,322,-25,-3,7,1
4.87606,-399,323,-31,-3,7,1
4.87607,-399,323,-31,-3,7,1
4.87608,-399,323,-34,-3,7,1
4.87624,-399,323,-34,-3,7,1
4.87624,-399,323,-34,-3,7,1
4.87632,-403,321,-35,-3,7,1
4.87633,-403,321,-35,-3,7,1
4.87634,-404,319,-30,-3,7,1
4.87641,-404,319,-30,-3,7,1
4.93134,-404,359,348,-3,7,1
4.93137,-404,359,348,-3,7,1
4.93146,-404,359,348,-3,7,1
4.93147,-384,356,274,-3,7,1
4.93147,-384,356,274,-3,7,1
4.93155,-376,341,148,-3,7,1
4.93155,-376,341,148,-3,7,1
4.93156,-376,341,148,-3,7,1
4.93157,-388,337,40,-3,7,1
4.93163,-388,337,40,-3,7,1
4.93163,-402,344,-29,-3,7,1
4.93164,-402,344,-29,-3,7,1
4.93164,-402,344,-29,-3,7,1
4.93164,-411,337,-75,-3,7,1
4.93171,-411,337,-75,-3,7,1
4.93172,-415,326,-96,-3,7,1
4.98671,-389,338,167,-3,7,1
4.98676,-389,338,167,-3,7,1
4.98680,-330,373,168,-3,7,1
4.98682,-330,373,168,-3,7,1
4.98687,-330,373,168,-3,7,1
4.98694,-361,384,106,-3,7,1
4.98697,-361,384,106,-3,7,1
4.98710,-432,337,-15,-3,7,1
4.98713,-432,337,-15,-3,7,1
4.98720,-432,337,-15,-3,7,1
4.98724,-415,325,-62,-3,7,1
4.98730,-415,325,-62,-3,7,1
4.98736,-335,362,-5,-3,7,1
4.98745,-335,362,-5,-3,7,1
4.98748,-335,362,-5,-3,7,1
4.98754,-369,357,70,-3,7,1
5.04163,-360,350,7,-3,7,1
5.04169,-360,350,7,-3,7,1
5.04176,-360,350,7,-3,7,1
5.04178,-361,336,-54,-3,7,1
5.04184,-361,336,-54,-3,7,1
5.04189,-389,317,-121,-3,7,1
5.04193,-389,317,-121,-3,7,1
5.04202,-389,317,-121,-3,7,1
5.04206,-403,295,-180,-3,7,1
5.04209,-403,295,-180,-3,7,1
5.04213,-445,281,-190,-3,7,1
5.04215,-445,281,-190,-3,7,1
5.04217,-445,281,-190,-3,7,1
5.04227,-473,290,-175,-3,7,1
5.04230,-473,290,-175,-3,7,1
5.04232,-420,302,-171,-3,7,1
5.09507,-357,347,14,-3,7,1
5.09522,-403,331,117,-3,7,1
5.09525,-403,331,117,-3,7,1
5.09526,-456,308,164,-3,7,1
5.09536,-456,308,164,-3,7,1
5.09545,-456,308,164,-3,7,1
5.09547,-417,309,155,-3,7,1
5.09549,-417,309,155,-3,7,1
5.09551,-379,327,42,-3,7,1
5.09566,-379,327,42,-3,7,1
5.09569,-379,327,42,-3,7,1
5.09570,-426,329,-146,-3,7,1
5.09571,-426,329,-146,-3,7,1
5.09573,-424,317,-246,-3,7,1
5.09580,-424,317,-246,-3,7,1
5.09582,-424,317,-246,-3,7,1
5.14926,-395,319,77,-3,7,1
5.14931,-395,319,77,-3,7,1
5.14939,-424,329,63,-3,7,1
5.14949,-424,329,63,-3,7,1
5.14954,-438,321,-2,-3,7,1
5.14963,-438,321,-2,-3,7,1
5.14970,-438,321,-2,-3,7,1
5.14978,-391,317,-11,-3,7,1
5.14982,-391,317,-11,-3,7,1
5.14988,-404,318,67,-3,7,1
5.14990,-404,318,67,-3,7,1
5.14991,-404,318,67,-3,7,1
5.14995,-427,312,84,-3,7,1
5.14997,-427,312,84,-3,7,1
5.15000,-379,319,-23,-3,7,1
5.15012,-379,319,-23,-3,7,1
5.20417,-437,306,67,-3,7,1
5.20422,-450,315,-25,-3,7,1
5.20430,-450,315,-25,-3,7,1
5.20442,-374,332,-108,-3,7,1
5.20449,-374,332,-108,-3,7,1
5.20453,-374,332,-108,-3,7,1
5.20460,-361,329,-195,-3,7,1
5.20462,-361,329,-195,-3,7,1
5.20466,-397,298,-247,-3,7,1
5.20468,-397,298,-247,-3,7,1
5.20475,-397,298,-247,-3,7,1
5.20477,-397,289,-234,-3,7,1
5.20482,-397,289,-234,-3,7,1
5.20488,-399,309,-190,-3,7,1
5.20490,-399,309,-190,-3,7,1
5.20497,-399,309,-190,-3,7,1
5.25838,-383,335,230,-3,7,1
5.25843,-383,335,230,-3,7,1
5.25853,-426,307,357,-3,7,1
5.25873,-426,307,357,-3,7,1
5.25876,-466,298,270,-3,7,1
5.25878,-466,298,270,-3,7,1
5.25879,-466,298,270,-3,7,1
5.25893,-403,344,-10,-3,7,1
5.25896,-403,344,-10,-3,7,1
5.25897,-318,361,-338,-3,7,1
5.25898,-318,361,-338,-3,7,1
5.25900,-318,361,-338,-3,7,1
5.25900,-341,338,-476,-3,7,1
5.25919,-341,338,-476,-3,7,1
5.25921,-419,304,-317,-3,7,1
5.25922,-419,304,-317,-3,7,1
5.31014,-382,340,-163,-3,7,1
5.31020,-359,360,6,-3,7,1
5.31039,-359,360,6,-3,7,1
5.31042,-364,347,207,-3,7,1
5.31046,-364,347,207,-3,7,1
5.31051,-364,347,207,-3,7,1
5.31056,-391,329,285,-3,7,1
5.31061,-391,329,285,-3,7,1
5.31062,-406,305,205,-3,7,1
5.31066,-406,305,205,-3,7,1
5.31068,-406,305,205,-3,7,1
5.31070,-430,310,27,-3,7,1
5.31076,-430,310,27,-3,7,1
5.31078,-432,325,-197,-3,7,1
5.31079,-432,325,-197,-3,7,1
5.31082,-432,325,-197,-3,7,1
5.36105,-451,311,481,-3,7,1
5.36114,-451,311,481,-3,7,1
5.36125,-437,314,148,-3,7,1
5.36129,-437,314,148,-3,7,1
5.36132,-437,314,148,-3,7,1
5.36142,-356,344,-184,-3,7,1
5.36144,-356,344,-184,-3,7,1
5.36145,-346,356,-277,-3,7,1
5.36147,-346,356,-277,-3,7,1
5.36156,-346,356,-277,-3,7,1
5.36162,-385,329,-158,-3,7,1
5.36167,-385,329,-158,-3,7,1
5.36168,-436,285,6,-3,7,1
5.36170,-436,285,6,-3,7,1
5.36171,-436,285,6,-3,7,1
5.36172,-466,277,41,-3,7,1
5.41680,-416,303,-54,-3,7,1
5.41684,-416,303,-54,-3,7,1
5.41688,-400,319,-120,-3,7,1
5.41691,-400,319,-120,-3,7,1
5.41697,-385,341,-130,-3,7,1
5.41703,-385,341,-130,-3,7,1
5.41707,-385,341,-130,-3,7,1
5.41708,-389,332,-79,-3,7,1
5.41709,-389,332,-79,-3,7,1
5.41713,-430,310,46,-3,7,1
5.41714,-430,310,46,-3,7,1
5.41716,-430,310,46,-3,7,1
5.41717,-437,312,157,-3,7,1
5.41718,-437,312,157,-3,7,1
5.41719,-366,334,118,-3,7,1
5.41720,-366,334,118,-3,7,1
5.47117,-360,356,-24,-3,7,1
5.47126,-360,356,-24,-3,7,1
5.47130,-360,356,-24,-3,7,1
5.47141,-352,357,17,-3,7,1
5.47147,-352,357,17,-3,7,1
5.47154,-432,288,33,-3,7,1
5.47166,-432,288,33,-3,7,1
5.47172,-432,288,33,-3,7,1
5.47175,-476,274,78,-3,7,1
5.47179,-476,274,78,-3,7,1
5.47184,-411,323,61,-3,7,1
5.47185,-411,323,61,-3,7,1
5.47187,-411,323,61,-3,7,1
5.47191,-369,339,-106,-3,7,1
5.47194,-369,339,-106,-3,7,1
5.47195,-408,318,-258,-3,7,1
5.52706,-362,329,-18,-3,7,1
5.52749,-362,329,-18,-3,7,1
5.52759,-337,344,-246,-3,7,1
5.52762,-337,344,-246,-3,7,1
5.52780,-388,325,-416,-3,7,1
5.52800,-388,325,-416,-3,7,1
5.52807,-388,325,-416,-3,7,1
5.52824,-383,290,-407,-3,7,1
5.52828,-383,290,-407,-3,7,1
5.52841,-353,283,-224,-3,7,1
5.52845,-353,283,-224,-3,7,1
5.52848,-353,283,-224,-3,7,1
5.52855,-404,272,-80,-3,7,1
5.52857,-404,272,-80,-3,7,1
5.52858,-489,259,-124,-3,7,1
5.52860,-489,259,-124,-3,7,1
5.58238,-407,305,-43,-3,7,1
5.58247,-407,305,-43,-3,7,1
5.58251,-479,274,-174,-3,7,1
5.58269,-479,274,-174,-3,7,1
5.58274,-479,274,-174,-3,7,1
5.58280,-374,287,-254,-3,7,1
5.58300,-374,287,-254,-3,7,1
5.58305,-342,306,-190,-3,7,1
5.58321,-342,306,-190,-3,7,1
5.58325,-342,306,-190,-3,7,1
5.58332,-478,282,-138,-3,7,1
5.58335,-478,282,-138,-3,7,1
5.58342,-498,259,-168,-3,7,1
5.58348,-498,259,-168,-3,7,1
5.58353,-498,259,-168,-3,7,1
5.58358,-400,271,-167,-3,7,1
5.63800,-369,339,-96,-3,7,1
5.63805,-369,339,-96,-3,7,1
5.63814,-369,339,-96,-3,7,1
5.63816,-388,320,-50,-3,7,1
5.63823,-388,320,-50,-3,7,1
5.63827,-454,296,1,-3,7,1
5.63828,-454,296,1,-3,7,1
5.63830,-454,296,1,-3,7,1
5.63833,-438,307,24,-3,7,1
5.63834,-438,307,24,-3,7,1
5.63842,-380,330,15,-3,7,1
5.63844,-380,330,15,-3,7,1
5.63845,-380,330,15,-3,7,1
5.63847,-398,326,-20,-3,7,1
5.63847,-398,326,-20,-3,7,1
5.63849,-426,317,-65,-3,7,1
5.69262,-414,313,-44,-3,7,1
5.69298,-414,313,-44,-3,7,1
5.69318,-415,314,-52,-3,7,1
5.69322,-415,314,-52,-3,7,1
5.69325,-415,314,-52,-3,7,1
5.69343,-418,312,-47,-3,7,1
5.69346,-418,312,-47,-3,7,1
5.69348,-415,311,-37,-3,7,1
5.69356,-415,311,-37,-3,7,1
5.69365,-415,311,-37,-3,7,1
5.69382,-403,316,-28,-3,7,1
5.69386,-403,316,-28,-3,7,1
5.69388,-390,325,-19,-3,7,1
5.69390,-390,325,-19,-3,7,1
5.69392,-390,325,-19,-3,7,1
5.69409,-387,327,-17,-3,7,1
5.74706,-400,318,-37,-3,7,1
5.74711,-400,318,-37,-3,7,1
5.74717,-397,320,-36,-3,7,1
5.74719,-397,320,-36,-3,7,1
5.74727,-397,320,-36,-3,7,1
5.74730,-402,322,-28,-3,7,1
5.74732,-402,322,-28,-3,7,1
5.74734,-407,320,-23,-3,7,1
5.74735,-407,320,-23,-3,7,1
5.74747,-407,320,-23,-3,7,1
5.74750,-403,317,-23,-3,7,1
5.74752,-403,317,-23,-3,7,1
5.74755,-398,320,-23,-3,7,1
5.74758,-398,320,-23,-3,7,1
5.74760,-398,320,-23,-3,7,1
5.74763,-404,323,-26,-3,7,1
5.79814,-411,319,-30,-3,7,1
5.79819,-411,319,-30,-3,7,1
5.79827,-410,318,-32,-3,7,1
5.79829,-410,318,-32,-3,7,1
5.79832,-410,318,-32,-3,7,1
5.79834,-400,319,-33,-3,7,1
5.79836,-400,319,-33,-3,7,1
5.79844,-396,320,-33,-3,7,1
5.79848,-396,320,-33,-3,7,1
5.79849,-396,320,-33,-3,7,1
5.79851,-400,322,-35,-3,7,1
5.79852,-400,322,-35,-3,7,1
5.79853,-396,325,-34,-3,7,1
5.79858,-396,325,-34,-3,7,1
5.79860,-396,325,-34,-3,7,1
5.79861,-393,324,-29,-3,7,1
5.85338,-405,321,-19,-3,7,1
5.85343,-403,321,-19,-3,7,1
5.85350,-403,321,-19,-3,7,1
5.85356,-403,321,-19,-3,7,1
5.85359,-397,322,-23,-3,7,1
5.85360,-397,322,-23,-3,7,1
5.85362,-398,322,-25,-3,7,1
5.85365,-398,322,-25,-3,7,1
5.85374,-398,322,-25,-3,7,1
5.85380,-404,318,-29,-3,7,1
5.85382,-404,318,-29,-3,7,1
5.85385,-402,317,-33,-3,7,1
5.85390,-402,317,-33,-3,7,1
5.85392,-402,317,-33,-3,7,1
5.85396,-403,318,-31,-3,7,1
5.85400,-403,318,-31,-3,7,1
5.90841,-402,318,-28,-3,7,1
5.90849,-405,318,-30,-3,7,1
5.90852,-405,318,-30,-3,7,1
5.90859,-409,320,-31,-3,7,1
5.90863,-409,320,-31,-3,7,1
5.90864,-409,320,-31,-3,7,1
5.90872,-409,320,-29,-3,7,1
5.90873,-409,320,-29,-3,7,1
5.90874,-404,320,-29,-3,7,1
5.90875,-404,320,-29,-3,7,1
5.90876,-404,320,-29,-3,7,1
5.90877,-403,321,-30,-3,7,1
5.90879,-403,321,-30,-3,7,1
5.90884,-401,321,-29,-3,7,1
5.90888,-401,321,-29,-3,7,1
5.90889,-401,321,-29,-3,7,1
5.96112,-402,320,-24,-3,7,1
5.96117,-397,321,-26,-3,7,1
5.96124,-397,321,-26,-3,7,1
5.96145,-397,321,-26,-3,7,1
5.96149,-399,321,-28,-3,7,1
5.96150,-399,321,-28,-3,7,1
5.96151,-401,321,-26,-3,7,1
5.96154,-401,321,-26,-3,7,1
5.96163,-401,321,-26,-3,7,1
5.96164,-405,319,-28,-3,7,1
5.96166,-405,319,-28,-3,7,1
5.96167,-405,318,-30,-3,7,1
5.96169,-405,318,-30,-3,7,1
5.96172,-405,318,-30,-3,7,1
5.96178,-405,318,-30,-3,7,1
5.96182,-405,318,-30,-3,7,1
6.01579,-403,319,-30,-3,7,1
6.01582,-404,320,-29,-3,7,1
6.01595,-404,320,-29,-3,7,1
6.01598,-407,318,-28,-3,7,1
6.01600,-407,318,-28,-3,7,1
6.01601,-407,318,-28,-3,7,1
6.01604,-406,318,-28,-3,7,1
6.01607,-406,318,-28,-3,7,1
6.01608,-403,319,-26,-3,7,1
6.01610,-403,319,-26,-3,7,1
6.01612,-403,319,-26,-3,7,1
6.01616,-402,320,-25,-3,7,1
6.01626,-402,320,-25,-3,7,1
6.01628,-400,320,-26,-3,7,1
6.01631,-400,320,-26,-3,7,1
6.01633,-400,320,-26,-3,7,1
6.06980,-398,321,-29,-3,7,1
6.06985,-398,321,-29,-3,7,1
6.06991,-399,322,-26,-3,7,1
6.06999,-399,322,-26,-3,7,1
6.07001,-399,322,-26,-3,7,1
6.07003,-401,320,-27,-3,7,1
6.07009,-401,320,-27,-3,7,1
6.07013,-398,320,-29,-3,7,1
6.07015,-398,320,-29,-3,7,1
6.07017,-398,320,-29,-3,7,1
6.07024,-400,320,-28,-3,7,1
6.07025,-400,320,-28,-3,7,1
6.07029,-406,319,-29,-3,7,1
6.07034,-406,319,-29,-3,7,1
6.07035,-406,319,-29,-3,7,1
6.07039,-407,319,-31,-3,7,1
6.12438,-403,317,-28,-3,7,1
6.12443,-403,317,-28,-3,7,1
6.12450,-407,317,-26,-3,7,1
6.12452,-407,317,-26,-3,7,1
6.12460,-407,317,-26,-3,7,1
6.12461,-409,318,-27,-3,7,1
6.12465,-409,318,-27,-3,7,1
6.12467,-404,321,-29,-3,7,1
6.12468,-404,321,-29,-3,7,1
6.12482,-404,321,-29,-3,7,1
6.12485,-402,321,-30,-3,7,1
6.12486,-402,321,-30,-3,7,1
6.12487,-402,321,-29,-3,7,1
6.12489,-402,321,-29,-3,7,1
6.12490,-402,321,-29,-3,7,1
6.12498,-399,321,-26,-3,7,1
6.17948,-401,321,-24,-3,7,1
6.17952,-399,322,-26,-3,7,1
6.17957,-399,322,-26,-3,7,1
6.17958,-399,322,-26,-3,7,1
6.17960,-397,324,-27,-3,7,1
6.17961,-397,324,-27,-3,7,1
6.17961,-398,323,-27,-3,7,1
6.17966,-398,323,-27,-3,7,1
6.17970,-398,323,-27,-3,7,1
6.17972,-401,320,-27,-3,7,1
6.17973,-401,320,-27,-3,7,1
6.17974,-404,319,-28,-3,7,1
6.17976,-404,319,-28,-3,7,1
6.17977,-407,320,-28,-3,7,1
6.17979,-407,320,-28,-3,7,1
6.17980,-407,320,-28,-3,7,1
6.23448,-407,318,-27,-3,7,1
6.23454,-407,318,-27,-3,7,1
6.23468,-409,319,-28,-3,7,1
6.23474,-409,319,-28,-3,7,1
6.23489,-407,320,-29,-3,7,1
6.23493,-407,320,-29,-3,7,1
6.23501,-407,320,-29,-3,7,1
6.23504,-402,319,-31,-3,7,1
6.23530,-402,319,-31,-3,7,1
6.23533,-398,318,-29,-3,7,1
6.23537,-398,318,-29,-3,7,1
6.23543,-398,318,-29,-3,7,1
6.23546,-399,318,-26,-3,7,1
6.23554,-399,318,-26,-3,7,1
6.23562,-399,320,-24,-3,7,1
6.23563,-399,320,-24,-3,7,1
6.28704,-398,322,-29,-3,7,1
6.28712,-398,322,-29,-3,7,1
6.28714,-400,321,-28,-3,7,1
6.28721,-400,321,-28,-3,7,1
6.28726,-401,319,-26,-3,7,1
6.28728,-401,319,-26,-3,7,1
6.28732,-401,319,-26,-3,7,1
6.28738,-402,319,-24,-3,7,1
6.28739,-402,319,-24,-3,7,1
6.28740,-405,319,-25,-3,7,1
6.28741,-405,319,-25,-3,7,1
6.28747,-405,319,-25,-3,7,1
6.28749,-407,318,-27,-3,7,1
6.28750,-407,318,-27,-3,7,1
6.28754,-406,319,-28,-3,7,1
6.28772,-406,319,-28,-3,7,1
6.34276,-401,318,-27,-3,7,1
6.34287,-401,318,-27,-3,7,1
6.34300,-405,319,-27,-3,7,1
6.34305,-405,319,-27,-3,7,1
6.34307,-405,319,-27,-3,7,1
6.34310,-407,320,-28,-3,7,1
6.34325,-407,320,-28,-3,7,1
6.34328,-404,321,-28,-3,7,1
6.34348,-404,321,-28,-3,7,1
6.34351,-404,321,-28,-3,7,1
6.34354,-402,320,-26,-3,7,1
6.34356,-402,320,-26,-3,7,1
6.34365,-402,320,-25,-3,7,1
6.34369,-402,320,-25,-3,7,1
6.34372,-402,320,-25,-3,7,1
6.34381,-400,320,-24,-3,7,1
6.39704,-399,319,-28,-3,7,1
6.39710,-399,320,-27,-3,7,1
6.39715,-399,320,-27,-3,7,1
6.39717,-400,320,-25,-3,7,1
6.39720,-400,320,-25,-3,7,1
6.39727,-400,320,-25,-3,7,1
6.39729,-400,321,-26,-3,7,1
6.39730,-400,321,-26,-3,7,1
6.39731,-402,320,-28,-3,7,1
6.39733,-402,320,-28,-3,7,1
6.39738,-402,320,-28,-3,7,1
6.39742,-404,319,-29,-3,7,1
6.39744,-404,319,-29,-3,7,1
6.39745,-407,319,-29,-3,7,1
6.39746,-407,319,-29,-3,7,1
6.39753,-407,319,-29,-3,7,1
6.45246,-407,319,-29,-3,7,1
6.45260,-407,319,-29,-3,7,1
6.45266,-407,319,-29,-3,7,1
6.45269,-404,321,-29,-3,7,1
6.45270,-404,321,-29,-3,7,1
6.45275,-403,320,-29,-3,7,1
6.45277,-403,320,-29,-3,7,1
6.45278,-403,320,-29,-3,7,1
6.45288,-403,320,-29,-3,7,1
6.45292,-403,320,-29,-3,7,1
6.45299,-401,321,-28,-3,7,1
6.45304,-401,321,-28,-3,7,1
6.45305,-401,321,-28,-3,7,1
6.45310,-398,320,-26,-3,7,1
6.45317,-398,320,-26,-3,7,1
6.45319,-398,320,-23,-3,7,1
6.50814,-400,321,-25,-3,7,1
6.50819,-400,321,-25,-3,7,1
6.50825,-401,320,-26,-3,7,1
6.50827,-401,320,-26,-3,7,1
6.50835,-401,320,-26,-3,7,1
6.50839,-403,319,-29,-3,7,1
6.50840,-403,319,-29,-3,7,1
6.50842,-407,319,-30,-3,7,1
6.50848,-407,319,-30,-3,7,1
6.50850,-407,319,-30,-3,7,1
6.50851,-409,319,-31,-3,7,1
6.50855,-409,319,-31,-3,7,1
6.50859,-407,318,-31,-3,7,1
6.50860,-407,318,-31,-3,7,1
6.50861,-407,318,-31,-3,7,1
6.50863,-401,319,-28,-3,7,1
6.55915,-404,320,-32,-3,7,1
6.55931,-404,320,-32,-3,7,1
6.55945,-401,319,-29,-3,7,1
6.55950,-401,319,-29,-3,7,1
6.55952,-398,319,-25,-3,7,1
6.55955,-398,319,-25,-3,7,1
6.55967,-398,319,-25,-3,7,1
6.55969,-399,319,-22,-3,7,1
6.55971,-399,319,-22,-3,7,1
6.55973,-400,319,-23,-3,7,1
6.55975,-400,319,-23,-3,7,1
6.55993,-400,319,-23,-3,7,1
6.56006,-402,320,-27,-3,7,1
6.56014,-402,320,-27,-3,7,1
6.56017,-404,320,-31,-3,7,1
6.56034,-404,320,-31,-3,7,1
6.61080,-400,320,-28,-3,7,1
6.61106,-400,320,-28,-3,7,1
6.61114,-400,319,-27,-3,7,1
6.61124,-400,319,-27,-3,7,1
6.61133,-399,317,-26,-3,7,1
6.61137,-399,317,-26,-3,7,1
6.61145,-399,317,-26,-3,7,1
6.61149,-400,318,-25,-3,7,1
6.61156,-400,318,-25,-3,7,1
6.61160,-406,319,-26,-3,7,1
6.61162,-406,319,-26,-3,7,1
6.61163,-406,319,-26,-3,7,1
6.61251,-409,319,-30,-3,7,1
6.61256,-409,319,-30,-3,7,1
6.61259,-408,320,-32,-3,7,1
6.61262,-408,320,-32,-3,7,1
6.66709,-398,320,-28,-3,7,1
6.66720,-398,320,-28,-3,7,1
6.66733,-400,319,-28,-3,7,1
6.66740,-400,319,-28,-3,7,1
6.66748,-404,319,-29,-3,7,1
6.66755,-404,319,-29,-3,7,1
6.66764,-404,319,-29,-3,7,1
6.66776,-407,318,-29,-3,7,1
6.66781,-407,318,-29,-3,7,1
6.66788,-406,318,-30,-3,7,1
6.66789,-406,318,-30,-3,7,1
6.66794,-406,318,-30,-3,7,1
6.66800,-403,319,-31,-3,7,1
6.66807,-403,319,-31,-3,7,1
6.66812,-400,320,-31,-3,7,1
6.66817,-400,320,-31,-3,7,1
6.72062,-401,320,-27,-3,7,1
6.72068,-401,320,-27,-3,7,1
6.72075,-401,320,-27,-3,7,1
6.72086,-400,320,-26,-3,7,1
6.72089,-400,320,-26,-3,7,1
6.72091,-398,319,-24,-3,7,1
6.72094,-398,319,-24,-3,7,1
6.72096,-398,319,-24,-3,7,1
6.72101,-399,321,-25,-3,7,1
6.72103,-399,321,-25,-3,7,1
6.72107,-404,321,-28,-3,7,1
6.72108,-404,321,-28,-3,7,1
6.72110,-404,321,-28,-3,7,1
6.72115,-406,320,-29,-3,7,1
6.72117,-406,320,-29,-3,7,1
6.72118,-405,319,-31,-3,7,1
6.77501,-401,318,-25,-3,7,1
6.77504,-405,318,-25,-3,7,1
6.77510,-405,318,-25,-3,7,1
6.77511,-405,318,-25,-3,7,1
6.77518,-406,318,-27,-3,7,1
6.77524,-406,318,-27,-3,7,1
6.77525,-405,319,-30,-3,7,1
6.77525,-405,319,-30,-3,7,1
6.77530,-405,319,-30,-3,7,1
6.77532,-406,319,-31,-3,7,1
6.77532,-406,319,-31,-3,7,1
6.77532,-404,320,-31,-3,7,1
6.77539,-404,320,-31,-3,7,1
6.77540,-404,320,-31,-3,7,1
6.77541,-399,321,-28,-3,7,1
6.77541,-399,321,-28,-3,7,1
6.82591,-401,319,-27,-3,7,1
6.82595,-401,319,-27,-3,7,1
6.82601,-401,319,-27,-3,7,1
6.82602,-399,322,-25,-3,7,1
6.82602,-399,322,-25,-3,7,1
6.82613,-399,322,-25,-3,7,1
6.82616,-399,322,-25,-3,7,1
6.82618,-399,322,-25,-3,7,1
6.82619,-400,320,-25,-3,7,1
6.82621,-400,320,-25,-3,7,1
6.82623,-401,319,-25,-3,7,1
6.82628,-401,319,-25,-3,7,1
6.82628,-401,319,-25,-3,7,1
6.82629,-404,319,-26,-3,7,1
6.82629,-404,319,-26,-3,7,1
6.82634,-408,319,-29,-3,7,1
6.88144,-396,321,-27,-3,7,1
6.88150,-398,321,-27,-3,7,1
6.88155,-398,321,-27,-3,7,1
6.88156,-398,321,-27,-3,7,1
6.88156,-402,321,-27,-3,7,1
6.88162,-402,321,-27,-3,7,1
6.88163,-403,321,-28,-3,7,1
6.88167,-403,321,-28,-3,7,1
6.88168,-403,321,-28,-3,7,1
6.88173,-404,321,-28,-3,7,1
6.88173,-404,321,-28,-3,7,1
6.88174,-406,321,-28,-3,7,1
6.88175,-406,321,-28,-3,7,1
6.88175,-406,321,-28,-3,7,1
6.88176,-406,321,-28,-3,7,1
6.88181,-406,321,-28,-3,7,1
6.93242,-408,320,-26,-3,7,1
6.93245,-403,320,-29,-3,7,1
6.93245,-403,320,-29,-3,7,1
6.93246,-400,321,-29,-3,7,1
6.93253,-400,321,-29,-3,7,1
6.93254,-400,321,-29,-3,7,1
6.93255,-401,321,-28,-3,7,1
6.93255,-401,321,-28,-3,7,1
6.93258,-401,321,-24,-3,7,1
6.93267,-401,321,-24,-3,7,1
6.93271,-401,321,-24,-3,7,1
6.93271,-401,320,-22,-3,7,1
6.93271,-401,320,-22,-3,7,1
6.93272,-403,319,-24,-3,7,1
6.93273,-403,319,-24,-3,7,1
6.93279,-403,319,-24,-3,7,1
6.98779,-399,319,-27,-3,7,1
6.98781,-399,319,-27,-3,7,1
6.98782,-399,320,-28,-3,7,1
6.98788,-399,320,-28,-3,7,1
6.98788,-399,320,-27,-3,7,1
6.98789,-399,320,-27,-3,7,1
6.98789,-399,320,-27,-3,7,1
6.98790,-399,321,-27,-3,7,1
6.98791,-399,321,-27,-3,7,1
6.98797,-403,321,-27,-3,7,1
6.98800,-403,321,-27,-3,7,1
6.98801,-403,321,-27,-3,7,1
6.98801,-408,321,-27,-3,7,1
6.98802,-408,321,-27,-3,7,1
6.98802,-407,321,-27,-3,7,1
6.98802,-407,321,-27,-3,7,1
7.04155,-408,320,-28,-3,7,1
7.04158,-410,319,-28,-3,7,1
7.04163,-410,319,-28,-3,7,1
7.04164,-410,319,-28,-3,7,1
7.04172,-405,320,-28,-3,7,1
7.04172,-405,320,-28,-3,7,1
7.04172,-400,321,-27,-3,7,1
7.04177,-400,321,-27,-3,7,1
7.04178,-400,321,-27,-3,7,1
7.04179,-399,320,-27,-3,7,1
7.04185,-399,320,-27,-3,7,1
7.04188,-398,321,-25,-3,7,1
7.04189,-398,321,-25,-3,7,1
7.04189,-398,321,-25,-3,7,1
7.04190,-397,323,-24,-3,7,1
7.04190,-397,323,-24,-3,7,1
7.09385,-401,322,-25,-3,7,1
7.09387,-399,322,-25,-3,7,1
7.09388,-399,322,-25,-3,7,1
7.09389,-399,322,-25,-3,7,1
7.09395,-400,322,-24,-3,7,1
7.09396,-400,322,-24,-3,7,1
7.09398,-403,320,-25,-3,7,1
7.09404,-403,320,-25,-3,7,1
7.09404,-405,319,-27,-3,7,1
7.09406,-405,319,-27,-3,7,1
7.09406,-405,319,-27,-3,7,1
7.09407,-406,320,-30,-3,7,1
7.09407,-406,320,-30,-3,7,1
7.09408,-407,321,-32,-3,7,1
7.09408,-407,321,-32,-3,7,1
7.09408,-407,321,-32,-3,7,1
7.14916,-405,319,-28,-3,7,1
7.14921,-405,319,-28,-3,7,1
7.14929,-406,320,-29,-3,7,1
7.14931,-406,320,-29,-3,7,1
7.14939,-406,320,-29,-3,7,1
7.14940,-407,320,-28,-3,7,1
7.14946,-407,320,-28,-3,7,1
7.14947,-409,319,-27,-3,7,1
7.14950,-409,319,-27,-3,7,1
7.14951,-409,319,-27,-3,7,1
7.14955,-405,320,-29,-3,7,1
7.14956,-405,320,-29,-3,7,1
7.14958,-400,322,-29,-3,7,1
7.14960,-400,322,-29,-3,7,1
7.14961,-400,322,-29,-3,7,1
7.14964,-402,321,-28,-3,7,1
7.20088,-428,287,-212,-3,7,1
7.20094,-428,287,-212,-3,7,1
7.20101,-429,292,-151,-3,7,1
7.20106,-429,292,-151,-3,7,1
7.20109,-397,307,-92,-3,7,1
7.20110,-397,307,-92,-3,7,1
7.20112,-397,307,-92,-3,7,1
7.20116,-373,315,-25,-3,7,1
7.20121,-373,315,-25,-3,7,1
7.20123,-392,316,20,-3,7,1
7.20125,-392,316,20,-3,7,1
7.20126,-392,316,20,-3,7,1
7.20130,-429,306,2,-3,7,1
7.20138,-429,306,2,-3,7,1
7.20140,-410,296,-43,-3,7,1
7.20147,-410,296,-43,-3,7,1
7.25652,-436,265,-167,-3,7,1
7.25658,-436,265,-167,-3,7,1
7.25665,-432,264,-128,-3,7,1
7.25672,-432,264,-128,-3,7,1
7.25675,-404,292,-112,-3,7,1
7.25677,-404,292,-112,-3,7,1
7.25678,-404,292,-112,-3,7,1
7.25681,-425,283,-217,-3,7,1
7.25687,-425,283,-217,-3,7,1
7.25691,-436,267,-339,-3,7,1
7.25695,-436,267,-339,-3,7,1
7.25699,-436,267,-339,-3,7,1
7.25701,-407,278,-367,-3,7,1
7.25704,-407,278,-367,-3,7,1
7.25707,-422,275,-328,-3,7,1
7.25709,-422,275,-328,-3,7,1
7.31026,-474,324,629,-3,7,1
7.31032,-435,316,301,-3,7,1
7.31043,-435,316,301,-3,7,1
7.31053,-435,316,301,-3,7,1
7.31056,-358,342,-60,-3,7,1
7.31057,-358,342,-60,-3,7,1
7.31059,-308,366,-278,-3,7,1
7.31060,-308,366,-278,-3,7,1
7.31061,-308,366,-278,-3,7,1
7.31062,-359,351,-289,-3,7,1
7.31068,-359,351,-289,-3,7,1
7.31072,-444,296,-155,-3,7,1
7.31076,-444,296,-155,-3,7,1
7.31079,-444,296,-155,-3,7,1
7.31082,-415,263,-20,-3,7,1
7.31087,-415,263,-20,-3,7,1
7.36599,-457,293,200,-3,7,1
7.36604,-457,293,200,-3,7,1
7.36618,-453,295,193,-3,7,1
7.36625,-453,295,193,-3,7,1
7.36629,-409,321,112,-3,7,1
7.36633,-409,321,112,-3,7,1
7.36637,-409,321,112,-3,7,1
7.36640,-392,334,-57,-3,7,1
7.36642,-392,334,-57,-3,7,1
7.36646,-391,319,-207,-3,7,1
7.36655,-391,319,-207,-3,7,1
7.36657,-391,319,-207,-3,7,1
7.36659,-366,344,-192,-3,7,1
7.36660,-366,344,-192,-3,7,1
7.36662,-333,364,-65,-3,7,1
7.36664,-333,364,-65,-3,7,1
7.41677,-465,300,27,-3,7,1
7.41684,-465,300,27,-3,7,1
7.41687,-465,300,27,-3,7,1
7.41693,-435,289,5,-3,7,1
7.41698,-435,289,5,-3,7,1
7.41700,-370,332,24,-3,7,1
7.41703,-370,332,24,-3,7,1
7.41704,-370,332,24,-3,7,1
7.41706,-361,318,2,-3,7,1
7.41710,-361,318,2,-3,7,1
7.41712,-406,308,-91,-3,7,1
7.41713,-406,308,-91,-3,7,1
7.41714,-406,308,-91,-3,7,1
7.41715,-435,315,-188,-3,7,1
7.41718,-435,315,-188,-3,7,1
7.41719,-419,302,-199,-3,7,1
7.47216,-421,313,78,-3,7,1
7.47240,-421,313,78,-3,7,1
7.47254,-407,319,-107,-3,7,1
7.47266,-407,319,-107,-3,7,1
7.47270,-407,319,-107,-3,7,1
7.47282,-409,303,-207,-3,7,1
7.47286,-409,303,-207,-3,7,1
7.47295,-418,300,-152,-3,7,1
7.47299,-418,300,-152,-3,7,1
7.47301,-418,300,-152,-3,7,1
7.47302,-418,315,-42,-3,7,1
7.47303,-418,315,-42,-3,7,1
7.47309,-425,323,-31,-3,7,1
7.47310,-425,323,-31,-3,7,1
7.47311,-425,323,-31,-3,7,1
7.47312,-395,318,-79,-3,7,1
7.52611,-417,330,98,-3,7,1
7.52619,-417,330,98,-3,7,1
7.52638,-406,302,-79,-3,7,1
7.52643,-406,302,-79,-3,7,1
7.52647,-381,337,-119,-3,7,1
7.52658,-381,337,-119,-3,7,1
7.52661,-381,337,-119,-3,7,1
7.52669,-365,350,-43,-3,7,1
7.52762,-365,350,-43,-3,7,1
7.52768,-441,286,42,-3,7,1
7.52777,-441,286,42,-3,7,1
7.52781,-441,286,42,-3,7,1
7.52788,-479,279,80,-3,7,1
7.52792,-479,279,80,-3,7,1
7.52797,-403,307,24,-3,7,1
7.52803,-403,307,24,-3,7,1
7.58318,-423,310,200,-3,7,1
7.58324,-423,310,200,-3,7,1
7.58331,-444,311,166,-3,7,1
7.58345,-444,311,166,-3,7,1
7.58352,-426,336,36,-3,7,1
7.58359,-426,336,36,-3,7,1
7.58361,-426,336,36,-3,7,1
7.58366,-409,327,-89,-3,7,1
7.58368,-409,327,-89,-3,7,1
7.58381,-373,311,-120,-3,7,1
7.58388,-373,311,-120,-3,7,1
7.58398,-373,311,-120,-3,7,1
7.58402,-367,307,-81,-3,7,1
7.58403,-367,307,-81,-3,7,1
7.58406,-399,301,-46,-3,7,1
7.58414,-399,301,-46,-3,7,1
7.63472,-420,302,-53,-3,7,1
7.63476,-372,335,-24,-3,7,1
7.63482,-372,335,-24,-3,7,1
7.63487,-383,335,-41,-3,7,1
7.63493,-383,335,-41,-3,7,1
7.63497,-383,335,-41,-3,7,1
7.63500,-393,323,-52,-3,7,1
7.63503,-393,323,-52,-3,7,1
7.63508,-367,350,13,-3,7,1
7.63510,-367,350,13,-3,7,1
7.63513,-367,350,13,-3,7,1
7.63518,-378,350,115,-3,7,1
7.63521,-378,350,115,-3,7,1
7.63528,-445,302,173,-3,7,1
7.63533,-445,302,173,-3,7,1
7.63536,-445,302,173,-3,7,1
7.68725,-394,329,-246,-3,7,1
7.68759,-390,325,-349,-3,7,1
7.68778,-390,325,-349,-3,7,1
7.68807,-354,343,-153,-3,7,1
7.68820,-354,343,-153,-3,7,1
7.68832,-354,343,-153,-3,7,1
7.68839,-370,349,135,-3,7,1
7.68856,-370,349,135,-3,7,1
7.68860,-452,303,251,-3,7,1
7.68862,-452,303,251,-3,7,1
7.68870,-452,303,251,-3,7,1
7.68873,-467,278,158,-3,7,1
7.68874,-467,278,158,-3,7,1
7.68876,-403,309,-43,-3,7,1
7.68878,-403,309,-43,-3,7,1
7.68883,-403,309,-43,-3,7,1
7.74263,-395,334,90,-3,7,1
7.74274,-395,334,90,-3,7,1
7.74282,-395,334,90,-3,7,1
7.74295,-392,323,17,-3,7,1
7.74298,-392,323,17,-3,7,1
7.74300,-410,321,-62,-3,7,1
7.74303,-410,321,-62,-3,7,1
7.74313,-410,321,-62,-3,7,1
7.74320,-391,321,-71,-3,7,1
7.74322,-391,321,-71,-3,7,1
7.74323,-372,318,-30,-3,7,1
7.74324,-372,318,-30,-3,7,1
7.74325,-372,318,-30,-3,7,1
7.74333,-403,324,35,-3,7,1
7.74336,-403,324,35,-3,7,1
7.74338,-434,320,48,-3,7,1
7.79806,-454,327,132,-3,7,1
7.79811,-368,359,182,-3,7,1
7.79818,-368,359,182,-3,7,1
7.79820,-364,360,161,-3,7,1
7.79823,-364,360,161,-3,7,1
7.79824,-364,360,161,-3,7,1
7.79825,-412,330,109,-3,7,1
7.79833,-412,330,109,-3,7,1
7.79836,-388,345,114,-3,7,1
7.79837,-388,345,114,-3,7,1
7.79839,-388,345,114,-3,7,1
7.79842,-366,383,175,-3,7,1
7.79849,-366,383,175,-3,7,1
7.79851,-417,359,203,-3,7,1
7.79853,-417,359,203,-3,7,1
7.79854,-417,359,203,-3,7,1
7.85142,-419,362,114,-3,7,1
7.85148,-419,362,114,-3,7,1
7.85151,-419,362,114,-3,7,1
7.85152,-369,358,117,-3,7,1
7.85155,-369,358,117,-3,7,1
7.85192,-335,358,190,-3,7,1
7.85197,-335,358,190,-3,7,1
7.85205,-335,358,190,-3,7,1
7.85213,-420,348,201,-3,7,1
7.85214,-420,348,201,-3,7,1
7.85216,-463,336,112,-3,7,1
7.85217,-463,336,112,-3,7,1
7.85220,-463,336,112,-3,7,1
7.85226,-356,362,83,-3,7,1
7.85232,-356,362,83,-3,7,1
7.85237,-308,377,154,-3,7,1
7.90619,-403,318,-100,-3,7,1
7.90622,-446,304,-46,-3,7,1
7.90627,-446,304,-46,-3,7,1
7.90629,-446,304,-46,-3,7,1
7.90634,-417,317,31,-3,7,1
7.90635,-417,317,31,-3,7,1
7.90636,-379,329,52,-3,7,1
7.90637,-379,329,52,-3,7,1
7.90638,-379,329,52,-3,7,1
7.90639,-391,320,-15,-3,7,1
7.90641,-391,320,-15,-3,7,1
7.90641,-410,316,-99,-3,7,1
7.90642,-410,316,-99,-3,7,1
7.90644,-410,316,-99,-3,7,1
7.90646,-388,328,-119,-3,7,1
7.90648,-388,328,-119,-3,7,1
7.96101,-418,316,-20,-3,7,1
7.96106,-418,316,-20,-3,7,1
7.96112,-418,316,-20,-3,7,1
7.96117,-397,327,-12,-3,7,1
7.96119,-397,327,-12,-3,7,1
7.96121,-384,332,-14,-3,7,1
7.96126,-384,332,-14,-3,7,1
7.96129,-384,332,-14,-3,7,1
7.96130,-400,320,-35,-3,7,1
7.96132,-400,320,-35,-3,7,1
7.96139,-410,310,-50,-3,7,1
7.96142,-410,310,-50,-3,7,1
7.96143,-410,310,-50,-3,7,1
7.96145,-400,316,-36,-3,7,1
7.96146,-400,316,-36,-3,7,1
7.96148,-400,320,-14,-3,7,1
8.01649,-395,320,-38,-3,7,1
8.01653,-405,318,-46,-3,7,1
8.01658,-405,318,-46,-3,7,1
8.01660,-409,319,-44,-3,7,1
8.01663,-409,319,-44,-3,7,1
8.01664,-409,319,-44,-3,7,1
8.01672,-406,322,-31,-3,7,1
8.01676,-406,322,-31,-3,7,1
8.01682,-405,323,-14,-3,7,1
8.01683,-405,323,-14,-3,7,1
8.01685,-405,323,-14,-3,7,1
8.01686,-406,319,-12,-3,7,1
8.01692,-406,319,-12,-3,7,1
8.01693,-405,315,-23,-3,7,1
8.01695,-405,315,-23,-3,7,1
8.01702,-405,315,-23,-3,7,1
8.06857,-403,319,-21,-3,7,1
8.06862,-403,319,-21,-3,7,1
8.06878,-403,319,-21,-3,7,1
8.06881,-408,318,-21,-3,7,1
8.06883,-408,318,-21,-3,7,1
8.06890,-408,319,-21,-3,7,1
8.06895,-408,319,-21,-3,7,1
8.06897,-408,319,-21,-3,7,1
8.06899,-401,319,-23,-3,7,1
8.06916,-401,319,-23,-3,7,1
8.06922,-400,318,-25,-3,7,1
8.06934,-400,318,-25,-3,7,1
8.06944,-400,318,-25,-3,7,1
8.06948,-405,317,-28,-3,7,1
8.06957,-405,317,-28,-3,7,1
8.06962,-407,318,-31,-3,7,1
8.12459,-400,319,-39,-3,7,1
8.12466,-400,319,-39,-3,7,1
8.12480,-398,320,-33,-3,7,1
8.12483,-398,320,-33,-3,7,1
8.12485,-403,318,-27,-3,7,1
8.12487,-403,318,-27,-3,7,1
8.12497,-403,318,-27,-3,7,1
8.12499,-407,318,-23,-3,7,1
8.12508,-407,318,-23,-3,7,1
8.12510,-408,320,-21,-3,7,1
8.12514,-408,320,-21,-3,7,1
8.12517,-408,320,-21,-3,7,1
8.12518,-407,321,-21,-3,7,1
8.12523,-407,321,-21,-3,7,1
8.12527,-402,323,-27,-3,7,1
8.12529,-402,323,-27,-3,7,1
8.17724,-402,321,-11,-3,7,1
8.17734,-402,321,-11,-3,7,1
8.17745,-399,321,-20,-3,7,1
8.17749,-399,321,-20,-3,7,1
8.17751,-399,321,-20,-3,7,1
8.17760,-397,323,-33,-3,7,1
8.17769,-397,323,-33,-3,7,1
8.17785,-399,323,-43,-3,7,1
8.17788,-399,323,-43,-3,7,1
8.17797,-399,323,-43,-3,7,1
8.17805,-402,320,-40,-3,7,1
8.17811,-402,320,-40,-3,7,1
8.17814,-403,320,-27,-3,7,1
8.17816,-403,320,-27,-3,7,1
8.17829,-403,320,-27,-3,7,1
8.17834,-407,320,-17,-3,7,1
8.22914,-401,320,-29,-3,7,1
8.22932,-401,320,-29,-3,7,1
8.22937,-403,318,-40,-3,7,1
8.22945,-403,318,-40,-3,7,1
8.22947,-403,318,-42,-3,7,1
8.22949,-403,318,-42,-3,7,1
8.22950,-403,318,-42,-3,7,1
8.22955,-405,319,-32,-3,7,1
8.22965,-405,319,-32,-3,7,1
8.22971,-408,316,-22,-3,7,1
8.22978,-408,316,-22,-3,7,1
8.22983,-408,316,-22,-3,7,1
8.22985,-405,315,-17,-3,7,1
8.22986,-405,315,-17,-3,7,1
8.22987,-402,319,-19,-3,7,1
8.22990,-402,319,-19,-3,7,1
8.28249,-404,320,-29,-3,7,1
8.28254,-409,317,-35,-3,7,1
8.28261,-409,317,-35,-3,7,1
8.28266,-408,317,-33,-3,7,1
8.28268,-408,317,-33,-3,7,1
8.28269,-408,317,-33,-3,7,1
8.28270,-399,320,-28,-3,7,1
8.28271,-399,320,-28,-3,7,1
8.28276,-401,321,-23,-3,7,1
8.28277,-401,321,-23,-3,7,1
8.28279,-401,321,-23,-3,7,1
8.28282,-406,320,-21,-3,7,1
8.28285,-406,320,-21,-3,7,1
8.28286,-398,323,-22,-3,7,1
8.28287,-398,323,-22,-3,7,1
8.28288,-398,323,-22,-3,7,1
8.33586,-399,322,-30,-3,7,1
8.33609,-399,322,-30,-3,7,1
8.33612,-399,322,-30,-3,7,1
8.33614,-399,321,-29,-3,7,1
8.33616,-399,321,-29,-3,7,1
8.33617,-402,318,-27,-3,7,1
8.33629,-402,318,-27,-3,7,1
8.33635,-402,318,-27,-3,7,1
8.33641,-402,318,-25,-3,7,1
8.33643,-402,318,-25,-3,7,1
8.33648,-404,319,-24,-3,7,1
8.33651,-404,319,-24,-3,7,1
8.33654,-404,319,-24,-3,7,1
8.33655,-408,319,-26,-3,7,1
8.33657,-408,319,-26,-3,7,1
8.33658,-405,319,-27,-3,7,1
8.39146,-403,321,-35,-3,7,1
8.39151,-405,321,-33,-3,7,1
8.39160,-405,321,-33,-3,7,1
8.39170,-405,321,-33,-3,7,1
8.39172,-406,321,-26,-3,7,1
8.39175,-406,321,-26,-3,7,1
8.39177,-404,322,-20,-3,7,1
8.39187,-404,322,-20,-3,7,1
8.39190,-404,322,-20,-3,7,1
8.39193,-403,323,-21,-3,7,1
8.39195,-403,323,-21,-3,7,1
8.39207,-404,321,-26,-3,7,1
8.39210,-404,321,-26,-3,7,1
8.39222,-404,321,-26,-3,7,1
8.39231,-401,321,-34,-3,7,1
8.39233,-401,321,-34,-3,7,1
8.44473,-402,319,-20,-3,7,1
8.44486,-402,319,-23,-3,7,1
8.44502,-402,319,-23,-3,7,1
8.44504,-399,321,-27,-3,7,1
8.44509,-399,321,-27,-3,7,1
8.44510,-399,321,-27,-3,7,1
8.44514,-398,322,-32,-3,7,1
8.44522,-398,322,-32,-3,7,1
8.44525,-404,321,-34,-3,7,1
8.44529,-404,321,-34,-3,7,1
8.44532,-404,321,-34,-3,7,1
8.44538,-407,320,-31,-3,7,1
8.44540,-407,320,-31,-3,7,1
8.44547,-404,319,-24,-3,7,1
8.44550,-404,319,-24,-3,7,1
8.44552,-404,319,-24,-3,7,1
8.49825,-403,318,-33,-3,7,1
8.49830,-403,318,-33,-3,7,1
8.49836,-403,320,-32,-3,7,1
8.49844,-403,320,-32,-3,7,1
8.49846,-408,320,-29,-3,7,1
8.49852,-408,320,-29,-3,7,1
8.49855,-408,320,-29,-3,7,1
8.49861,-406,319,-27,-3,7,1
8.49864,-406,319,-27,-3,7,1
8.49866,-401,320,-25,-3,7,1
8.49867,-401,320,-25,-3,7,1
8.49869,-401,320,-25,-3,7,1
8.49871,-399,320,-24,-3,7,1
8.49873,-399,320,-24,-3,7,1
8.49880,-399,319,-27,-3,7,1
8.49881,-399,319,-27,-3,7,1
8.55253,-397,322,-24,-3,7,1
8.55258,-397,322,-24,-3,7,1
8.55265,-397,322,-24,-3,7,1
8.55276,-401,320,-27,-3,7,1
8.55280,-401,320,-27,-3,7,1
8.55283,-403,319,-31,-3,7,1
8.55286,-403,319,-31,-3,7,1
8.55290,-403,319,-31,-3,7,1
8.55291,-398,320,-32,-3,7,1
8.55294,-398,320,-32,-3,7,1
8.55301,-401,318,-31,-3,7,1
8.55304,-401,318,-31,-3,7,1
8.55305,-401,318,-31,-3,7,1
8.55306,-408,316,-27,-3,7,1
8.55307,-408,316,-27,-3,7,1
8.55312,-406,319,-24,-3,7,1
8.60721,-405,319,-30,-3,7,1
8.60727,-405,319,-30,-3,7,1
8.60734,-405,319,-30,-3,7,1
8.60738,-401,321,-30,-3,7,1
8.60743,-401,321,-30,-3,7,1
8.60746,-403,321,-29,-3,7,1
8.60751,-403,321,-29,-3,7,1
8.60756,-403,321,-29,-3,7,1
8.60758,-405,319,-25,-3,7,1
8.60759,-405,319,-25,-3,7,1
8.60761,-401,320,-23,-3,7,1
8.60769,-401,320,-23,-3,7,1
8.60773,-401,320,-23,-3,7,1
8.60779,-401,320,-24,-3,7,1
8.60781,-401,320,-24,-3,7,1
8.60785,-403,319,-30,-3,7,1
8.65831,-404,319,-23,-3,7,1
8.65835,-403,320,-22,-3,7,1
8.65840,-403,320,-22,-3,7,1
8.65842,-399,322,-24,-3,7,1
8.65843,-399,322,-24,-3,7,1
8.65851,-399,322,-24,-3,7,1
8.65855,-402,320,-28,-3,7,1
8.65858,-402,320,-28,-3,7,1
8.65859,-402,319,-31,-3,7,1
8.65861,-402,319,-31,-3,7,1
8.65862,-402,319,-31,-3,7,1
8.65864,-401,320,-30,-3,7,1
8.65865,-401,320,-30,-3,7,1
8.65867,-405,320,-28,-3,7,1
8.65868,-405,320,-28,-3,7,1
8.65875,-405,320,-28,-3,7,1
8.71143,-403,323,-29,-3,7,1
8.71148,-403,323,-29,-3,7,1
8.71155,-405,320,-32,-3,7,1
8.71162,-405,320,-32,-3,7,1
8.71166,-404,320,-31,-3,7,1
8.71168,-404,320,-31,-3,7,1
8.71169,-404,320,-31,-3,7,1
8.71171,-407,320,-28,-3,7,1
8.71178,-407,320,-28,-3,7,1
8.71184,-407,319,-27,-3,7,1
8.71188,-407,319,-27,-3,7,1
8.71190,-407,319,-27,-3,7,1
8.71191,-405,319,-26,-3,7,1
8.71194,-405,319,-26,-3,7,1
8.71197,-401,321,-24,-3,7,1
8.71204,-401,321,-24,-3,7,1
8.76704,-403,322,-31,-3,7,1
8.76714,-405,320,-29,-3,7,1
8.76726,-405,320,-29,-3,7,1
8.76734,-405,320,-29,-3,7,1
8.76741,-404,320,-25,-3,7,1
8.76749,-404,320,-25,-3,7,1
8.76755,-399,322,-23,-3,7,1
8.76757,-399,322,-23,-3,7,1
8.76759,-399,322,-23,-3,7,1
8.76760,-399,321,-25,-3,7,1
8.76762,-399,321,-25,-3,7,1
8.76776,-400,320,-27,-3,7,1
8.76785,-400,320,-27,-3,7,1
8.76790,-400,320,-27,-3,7,1
8.76792,-401,320,-29,-3,7,1
8.76794,-401,320,-29,-3,7,1
8.82183,-401,318,-25,-3,7,1
8.82188,-400,320,-26,-3,7,1
8.82194,-400,320,-26,-3,7,1
8.82198,-404,319,-29,-3,7,1
8.82201,-404,319,-29,-3,7,1
8.82208,-404,319,-29,-3,7,1
8.82210,-405,318,-31,-3,7,1
8.82213,-405,318,-31,-3,7,1
8.82216,-403,319,-28,-3,7,1
8.82217,-403,319,-28,-3,7,1
8.82218,-403,319,-28,-3,7,1
8.82221,-405,319,-26,-3,7,1
8.82225,-405,319,-26,-3,7,1
8.82226,-406,317,-25,-3,7,1
8.82227,-406,317,-25,-3,7,1
8.82229,-406,317,-25,-3,7,1
8.87592,-405,317,-26,-3,7,1
8.87598,-404,318,-27,-3,7,1
8.87603,-404,318,-27,-3,7,1
8.87607,-404,318,-27,-3,7,1
8.87611,-400,321,-27,-3,7,1
8.87616,-400,321,-27,-3,7,1
8.87620,-404,321,-27,-3,7,1
8.87621,-404,321,-27,-3,7,1
8.87623,-404,321,-27,-3,7,1
8.87624,-406,320,-28,-3,7,1
8.87628,-406,320,-28,-3,7,1
8.87631,-399,320,-28,-3,7,1
8.87634,-399,320,-28,-3,7,1
8.87641,-399,320,-28,-3,7,1
8.87647,-401,321,-27,-3,7,1
8.87648,-401,321,-27,-3,7,1
8.93083,-403,319,-30,-3,7,1
8.93088,-402,319,-31,-3,7,1
8.93093,-402,319,-31,-3,7,1
8.93094,-402,319,-31,-3,7,1
8.93102,-403,318,-29,-3,7,1
8.93104,-403,318,-29,-3,7,1
8.93105,-406,319,-27,-3,7,1
8.93106,-406,319,-27,-3,7,1
8.93107,-406,319,-27,-3,7,1
8.93110,-407,319,-25,-3,7,1
8.93113,-407,319,-25,-3,7,1
8.93114,-404,321,-24,-3,7,1
8.93114,-404,321,-24,-3,7,1
8.93118,-404,321,-24,-3,7,1
8.93118,-403,322,-24,-3,7,1
8.93122,-403,322,-24,-3,7,1
8.98363,-402,321,-28,-3,7,1
8.98366,-402,321,-28,-3,7,1
8.98372,-402,321,-24,-3,7,1
8.98377,-402,321,-24,-3,7,1
8.98379,-400,322,-24,-3,7,1
8.98382,-400,322,-24,-3,7,1
8.98383,-400,322,-24,-3,7,1
8.98388,-402,322,-27,-3,7,1
8.98389,-402,322,-27,-3,7,1
8.98395,-404,320,-30,-3,7,1
8.98398,-404,320,-30,-3,7,1
8.98399,-404,320,-30,-3,7,1
8.98400,-402,320,-32,-3,7,1
8.98401,-402,320,-32,-3,7,1
8.98402,-403,320,-32,-3,7,1
8.98406,-403,320,-32,-3,7,1
9.03684,-401,318,-27,-3,7,1
9.03688,-398,318,-27,-3,7,1
9.03702,-398,318,-27,-3,7,1
9.03703,-398,318,-27,-3,7,1
9.03704,-403,317,-29,-3,7,1
9.03705,-403,317,-29,-3,7,1
9.03705,-406,318,-28,-3,7,1
9.03706,-406,318,-28,-3,7,1
9.03717,-406,318,-28,-3,7,1
9.03718,-405,321,-27,-3,7,1
9.03718,-405,321,-27,-3,7,1
9.03719,-406,322,-26,-3,7,1
9.03720,-406,322,-26,-3,7,1
9.03720,-406,322,-26,-3,7,1
9.03721,-406,320,-27,-3,7,1
9.03726,-406,320,-27,-3,7,1
9.09192,-403,319,-27,-3,7,1
9.09195,-408,318,-25,-3,7,1
9.09201,-408,318,-25,-3,7,1
9.09202,-409,319,-23,-3,7,1
9.09203,-409,319,-23,-3,7,1
9.09214,-409,319,-23,-3,7,1
9.09214,-403,321,-23,-3,7,1
9.09215,-403,321,-23,-3,7,1
9.09215,-399,322,-24,-3,7,1
9.09220,-399,322,-24,-3,7,1
9.09221,-399,322,-24,-3,7,1
9.09221,-399,321,-28,-3,7,1
9.09221,-399,321,-28,-3,7,1
9.09224,-399,320,-31,-3,7,1
9.09224,-399,320,-31,-3,7,1
9.09224,-399,320,-31,-3,7,1
9.14664,-403,319,-29,-3,7,1
9.14669,-403,319,-29,-3,7,1
9.14669,-403,319,-29,-3,7,1
9.14679,-400,318,-30,-3,7,1
9.14685,-400,318,-30,-3,7,1
9.14685,-399,321,-31,-3,7,1
9.14697,-399,321,-31,-3,7,1
9.14708,-399,321,-31,-3,7,1
9.14722,-406,321,-28,-3,7,1
9.14722,-406,321,-28,-3,7,1
9.14723,-408,319,-24,-3,7,1
9.14723,-408,319,-24,-3,7,1
9.14723,-408,319,-24,-3,7,1
9.14724,-404,319,-20,-3,7,1
9.14724,-404,319,-20,-3,7,1
9.14724,-404,320,-22,-3,7,1
9.19756,-403,321,-25,-3,7,1
9.19758,-403,321,-25,-3,7,1
9.19770,-403,321,-22,-3,7,1
9.19778,-403,321,-22,-3,7,1
9.19787,-401,321,-22,-3,7,1
9.19788,-401,321,-22,-3,7,1
9.19789,-401,321,-22,-3,7,1
9.19798,-399,321,-25,-3,7,1
9.19805,-399,321,-25,-3,7,1
9.19805,-401,319,-29,-3,7,1
9.19816,-401,319,-29,-3,7,1
9.19820,-401,319,-29,-3,7,1
9.19820,-404,319,-32,-3,7,1
9.19821,-404,319,-32,-3,7,1
9.19825,-401,320,-30,-3,7,1
9.19825,-401,320,-30,-3,7,1
9.25330,-397,320,-25,-3,7,1
9.25333,-397,320,-25,-3,7,1
9.25340,-397,320,-25,-3,7,1
9.25341,-400,321,-25,-3,7,1
9.25341,-400,321,-25,-3,7,1
9.25342,-404,319,-28,-3,7,1
9.25349,-404,319,-28,-3,7,1
9.25354,-404,319,-28,-3,7,1
9.25355,-402,319,-30,-3,7,1
9.25355,-402,319,-30,-3,7,1
9.25356,-403,320,-29,-3,7,1
9.25356,-403,320,-29,-3,7,1
9.25357,-403,320,-29,-3,7,1
9.25361,-407,319,-26,-3,7,1
9.25362,-407,319,-26,-3,7,1
9.25363,-406,320,-24,-3,7,1
9.30748,-410,320,-29,-3,7,1
9.30753,-410,320,-29,-3,7,1
9.30759,-404,318,-27,-3,7,1
9.30765,-404,318,-27,-3,7,1
9.30770,-404,318,-27,-3,7,1
9.30771,-398,319,-24,-3,7,1
9.30773,-398,319,-24,-3,7,1
9.30774,-402,320,-24,-3,7,1
9.30775,-402,320,-24,-3,7,1
9.30782,-402,320,-24,-3,7,1
9.30786,-404,320,-28,-3,7,1
9.30788,-404,320,-28,-3,7,1
9.30795,-399,321,-30,-3,7,1
9.30797,-399,321,-30,-3,7,1
9.30799,-399,321,-30,-3,7,1
9.30802,-399,320,-31,-3,7,1
9.36006,-401,318,-25,-3,7,1
9.36023,-399,320,-27,-3,7,1
9.36034,-399,320,-27,-3,7,1
9.36053,-399,320,-27,-3,7,1
9.36057,-402,321,-32,-3,7,1
9.36059,-402,321,-32,-3,7,1
9.36068,-405,319,-35,-3,7,1
9.36071,-405,319,-35,-3,7,1
9.36077,-405,319,-35,-3,7,1
9.36085,-403,319,-32,-3,7,1
9.36098,-403,319,-32,-3,7,1
9.36118,-406,321,-25,-3,7,1
9.36128,-406,321,-25,-3,7,1
9.36133,-406,321,-25,-3,7,1
9.36137,-411,320,-22,-3,7,1
9.36138,-411,320,-22,-3,7,1
9.41589,-404,318,-31,-3,7,1
9.41595,-404,318,-31,-3,7,1
9.41604,-403,318,-32,-3,7,1
9.41607,-403,318,-32,-3,7,1
9.41609,-403,320,-27,-3,7,1
9.41611,-403,320,-27,-3,7,1
9.41613,-403,320,-27,-3,7,1
9.41615,-405,319,-24,-3,7,1
9.41618,-405,319,-24,-3,7,1
9.41626,-405,319,-24,-3,7,1
9.41629,-405,319,-24,-3,7,1
9.41632,-405,319,-24,-3,7,1
9.41634,-400,321,-23,-3,7,1
9.41645,-400,321,-23,-3,7,1
9.41647,-399,322,-27,-3,7,1
9.41649,-399,322,-27,-3,7,1
9.46982,-378,367,314,-3,7,1
9.47008,-378,367,314,-3,7,1
9.47011,-379,360,211,-3,7,1
9.47013,-379,360,211,-3,7,1
9.47015,-379,360,211,-3,7,1
9.47020,-385,339,78,-3,7,1
9.47025,-385,339,78,-3,7,1
9.47030,-382,335,9,-3,7,1
9.47034,-382,335,9,-3,7,1
9.47035,-382,335,9,-3,7,1
9.47037,-397,339,0,-3,7,1
9.47038,-397,339,0,-3,7,1
9.47046,-431,324,-48,-3,7,1
9.47055,-431,324,-48,-3,7,1
9.47063,-431,324,-48,-3,7,1
9.47067,-432,316,-130,-3,7,1
9.52518,-376,364,159,-3,7,1
9.52523,-410,352,204,-3,7,1
9.52539,-410,352,204,-3,7,1
9.52543,-452,323,163,-3,7,1
9.52544,-452,323,163,-3,7,1
9.52551,-452,323,163,-3,7,1
9.52561,-392,347,112,-3,7,1
9.52572,-392,347,112,-3,7,1
9.52575,-311,380,83,-3,7,1
9.52588,-311,380,83,-3,7,1
9.52591,-311,380,83,-3,7,1
9.52593,-352,366,23,-3,7,1
9.52595,-352,366,23,-3,7,1
9.52598,-432,333,-11,-3,7,1
9.52600,-432,333,-11,-3,7,1
9.52601,-432,333,-11,-3,7,1
9.57895,-402,351,186,-3,7,1
9.57902,-402,351,186,-3,7,1
9.57906,-402,351,186,-3,7,1
9.57907,-320,370,-73,-3,7,1
9.57909,-320,370,-73,-3,7,1
9.57919,-307,362,-195,-3,7,1
9.57923,-307,362,-195,-3,7,1
9.57925,-307,362,-195,-3,7,1
9.57928,-380,324,-184,-3,7,1
9.57930,-380,324,-184,-3,7,1
9.57932,-436,301,-138,-3,7,1
9.57933,-436,301,-138,-3,7,1
9.57934,-436,301,-138,-3,7,1
9.57936,-437,302,-130,-3,7,1
9.57938,-437,302,-130,-3,7,1
9.57943,-437,302,-130,-3,7,1
9.63395,-390,320,49,-3,7,1
9.63401,-328,354,69,-3,7,1
9.63408,-328,354,69,-3,7,1
9.63416,-386,345,45,-3,7,1
9.63419,-386,345,45,-3,7,1
9.63421,-386,345,45,-3,7,1
9.63424,-437,327,32,-3,7,1
9.63429,-437,327,32,-3,7,1
9.63435,-344,336,31,-3,7,1
9.63437,-344,336,31,-3,7,1
9.63439,-344,336,31,-3,7,1
9.63441,-321,328,-33,-3,7,1
9.63447,-321,328,-33,-3,7,1
9.63449,-461,291,-142,-3,7,1
9.63452,-461,291,-142,-3,7,1
9.63459,-461,291,-142,-3,7,1
9.68863,-370,334,142,-3,7,1
9.68868,-419,315,197,-3,7,1
9.68882,-419,315,197,-3,7,1
9.68886,-419,315,197,-3,7,1
9.68888,-469,302,101,-3,7,1
9.68890,-469,302,101,-3,7,1
9.68894,-404,346,-11,-3,7,1
9.68900,-404,346,-11,-3,7,1
9.68906,-404,346,-11,-3,7,1
9.68910,-332,367,-61,-3,7,1
9.68923,-332,367,-61,-3,7,1
9.68927,-392,302,-42,-3,7,1
9.68930,-392,302,-42,-3,7,1
9.68934,-392,302,-42,-3,7,1
9.68939,-467,265,48,-3,7,1
9.68943,-467,265,48,-3,7,1
9.74381,-440,287,83,-3,7,1
9.74397,-440,287,83,-3,7,1
9.74402,-440,287,83,-3,7,1
9.74404,-512,273,117,-3,7,1
9.74413,-512,273,117,-3,7,1
9.74422,-396,328,66,-3,7,1
9.74425,-396,328,66,-3,7,1
9.74427,-396,328,66,-3,7,1
9.74436,-326,358,-49,-3,7,1
9.74442,-326,358,-49,-3,7,1
9.74455,-399,320,-146,-3,7,1
9.74459,-399,320,-146,-3,7,1
9.74465,-399,320,-146,-3,7,1
9.74467,-414,296,-129,-3,7,1
9.74473,-414,296,-129,-3,7,1
9.74477,-369,325,-14,-3,7,1
9.79940,-431,301,-146,-3,7,1
9.79945,-404,289,266,-3,7,1
9.79951,-404,289,266,-3,7,1
9.79957,-434,286,444,-3,7,1
9.79959,-434,286,444,-3,7,1
9.79960,-434,286,444,-3,7,1
9.79962,-496,285,259,-3,7,1
9.79968,-496,285,259,-3,7,1
9.79973,-419,325,-115,-3,7,1
9.79977,-419,325,-115,-3,7,1
9.79982,-419,325,-115,-3,7,1
9.79984,-294,375,-366,-3,7,1
9.79985,-294,375,-366,-3,7,1
9.79986,-305,378,-306,-3,7,1
9.79988,-305,378,-306,-3,7,1
9.79998,-305,378,-306,-3,7,1
9.85520,-346,366,-41,-3,7,1
9.85528,-346,366,-41,-3,7,1
9.85540,-412,322,257,-3,7,1
9.85546,-412,322,257,-3,7,1
9.85549,-412,322,257,-3,7,1
9.85550,-415,313,392,-3,7,1
9.85552,-415,313,392,-3,7,1
9.85564,-412,338,313,-3,7,1
9.85568,-412,338,313,-3,7,1
9.85571,-412,338,313,-3,7,1
9.85577,-415,339,92,-3,7,1
9.85582,-415,339,92,-3,7,1
9.85584,-390,343,-135,-3,7,1
9.85588,-390,343,-135,-3,7,1
9.85595,-390,343,-135,-3,7,1
9.85601,-379,318,-204,-3,7,1
9.91015,-388,330,-204,-3,7,1
9.91038,-393,336,-28,-3,7,1
9.91046,-393,336,-28,-3,7,1
9.91060,-446,309,178,-3,7,1
9.91065,-446,309,178,-3,7,1
9.91113,-446,309,178,-3,7,1
9.91124,-476,296,217,-3,7,1
9.91136,-476,296,217,-3,7,1
9.91138,-402,320,75,-3,7,1
9.91139,-402,320,75,-3,7,1
9.91140,-402,320,75,-3,7,1
9.91144,-367,338,-113,-3,7,1
9.91152,-367,338,-113,-3,7,1
9.91159,-397,335,-207,-3,7,1
9.91165,-397,335,-207,-3,7,1
9.91169,-397,335,-207,-3,7,1
9.96410,-369,363,-53,-3,7,1
9.96414,-389,347,158,-3,7,1
9.96421,-389,347,158,-3,7,1
9.96424,-389,347,158,-3,7,1
9.96431,-394,313,293,-3,7,1
9.96433,-394,313,293,-3,7,1
9.96439,-404,292,247,-3,7,1
9.96442,-404,292,247,-3,7,1
9.96443,-404,292,247,-3,7,1
9.96448,-423,309,21,-3,7,1
9.96450,-423,309,21,-3,7,1
9.96453,-386,342,-231,-3,7,1
9.96455,-386,342,-231,-3,7,1
9.96456,-386,342,-231,-3,7,1
9.96458,-362,351,-301,-3,7,1
9.96459,-362,351,-301,-3,7,1
10.01797,-463,293,-42,-3,7,1
10.01802,-332,336,-183,-3,7,1
10.01816,-332,336,-183,-3,7,1
10.01820,-332,336,-183,-3,7,1
10.01822,-317,348,-230,-3,7,1
10.01823,-317,348,-230,-3,7,1
10.01825,-443,304,-190,-3,7,1
10.01840,-443,304,-190,-3,7,1
10.01846,-443,304,-190,-3,7,1
10.01860,-453,286,-99,-3,7,1
10.01865,-453,286,-99,-3,7,1
10.01869,-382,318,-41,-3,7,1
10.01877,-382,318,-41,-3,7,1
10.01880,-382,318,-41,-3,7,1
10.01882,-367,340,-49,-3,7,1
10.01884,-367,340,-49,-3,7,1
10.07397,-410,264,-194,-3,7,1
10.07404,-372,306,-138,-3,7,1
10.07413,-372,306,-138,-3,7,1
10.07425,-372,306,-138,-3,7,1
10.07427,-411,296,-290,-3,7,1
10.07428,-411,296,-290,-3,7,1
10.07436,-378,320,-277,-3,7,1
10.07438,-378,320,-277,-3,7,1
10.07441,-378,320,-277,-3,7,1
10.07445,-362,329,-134,-3,7,1
10.07451,-362,329,-134,-3,7,1
10.07458,-440,290,8,-3,7,1
10.07461,-440,290,8,-3,7,1
10.07468,-440,290,8,-3,7,1
10.07475,-495,259,103,-3,7,1
10.07480,-495,259,103,-3,7,1
10.12562,-456,272,-229,-3,7,1
10.12566,-456,272,-229,-3,7,1
10.12571,-362,288,-154,-3,7,1
10.12573,-362,288,-154,-3,7,1
10.12580,-362,288,-154,-3,7,1
10.12585,-391,292,-96,-3,7,1
10.12586,-391,292,-96,-3,7,1
10.12587,-447,279,-127,-3,7,1
10.12592,-447,279,-127,-3,7,1
10.12595,-447,279,-127,-3,7,1
10.12602,-426,274,-229,-3,7,1
10.12611,-426,274,-229,-3,7,1
10.12615,-381,296,-293,-3,7,1
10.12622,-381,296,-293,-3,7,1
10.12626,-381,296,-293,-3,7,1
10.12628,-371,326,-254,-3,7,1
10.18116,-458,296,2,-3,7,1
10.18121,-458,296,2,-3,7,1
10.18133,-427,305,7,-3,7,1
10.18135,-427,305,7,-3,7,1
10.18136,-427,305,7,-3,7,1
10.18137,-369,328,-6,-3,7,1
10.18140,-369,328,-6,-3,7,1
10.18142,-393,323,-41,-3,7,1
10.18146,-393,323,-41,-3,7,1
10.18151,-434,315,-77,-3,7,1
10.18152,-434,315,-77,-3,7,1
10.18153,-434,315,-77,-3,7,1
10.18154,-394,331,-62,-3,7,1
10.18157,-394,331,-62,-3,7,1
10.18158,-345,341,3,-3,7,1
10.18159,-345,341,3,-3,7,1
10.23599,-425,311,-54,-3,7,1
10.23603,-431,307,-42,-3,7,1
10.23610,-431,307,-42,-3,7,1
10.23613,-431,307,-42,-3,7,1
10.23618,-412,315,-23,-3,7,1
10.23620,-412,315,-23,-3,7,1
10.23626,-388,326,-6,-3,7,1
10.23630,-388,326,-6,-3,7,1
10.23631,-388,326,-6,-3,7,1
10.23633,-382,328,-2,-3,7,1
10.23635,-382,328,-2,-3,7,1
10.23640,-385,327,-7,-3,7,1
10.23646,-385,327,-7,-3,7,1
10.23651,-385,327,-7,-3,7,1
10.23652,-393,324,-15,-3,7,1
10.23653,-393,324,-15,-3,7,1
10.28761,-402,319,-26,-3,7,1
10.28766,-402,319,-26,-3,7,1
10.28773,-407,317,-26,-3,7,1
10.28781,-407,317,-26,-3,7,1
10.28792,-401,317,-28,-3,7,1
10.28800,-401,317,-28,-3,7,1
10.28803,-401,317,-28,-3,7,1
10.28812,-398,321,-26,-3,7,1
10.28816,-398,321,-26,-3,7,1
10.28819,-405,322,-24,-3,7,1
10.28824,-405,322,-24,-3,7,1
10.28838,-405,322,-24,-3,7,1
10.28841,-407,321,-22,-3,7,1
10.28843,-407,321,-22,-3,7,1
10.28848,-402,321,-17,-3,7,1
10.28850,-402,321,-17,-3,7,1
10.34331,-408,317,-32,-3,7,1
10.34336,-408,317,-32,-3,7,1
10.34344,-414,314,-33,-3,7,1
10.34349,-414,314,-33,-3,7,1
10.34353,-409,317,-29,-3,7,1
10.34355,-409,317,-29,-3,7,1
10.34360,-409,317,-29,-3,7,1
10.34368,-407,321,-24,-3,7,1
10.34372,-407,321,-24,-3,7,1
10.34375,-409,321,-27,-3,7,1
10.34380,-409,321,-27,-3,7,1
10.34382,-409,321,-27,-3,7,1
10.34384,-400,323,-29,-3,7,1
10.34386,-400,323,-29,-3,7,1
10.34387,-392,325,-26,-3,7,1
10.34397,-392,325,-26,-3,7,1
10.39630,-400,319,-26,-3,7,1
10.39635,-403,318,-31,-3,7,1
10.39641,-403,318,-31,-3,7,1
10.39648,-403,318,-31,-3,7,1
10.39650,-403,320,-30,-3,7,1
10.39652,-403,320,-30,-3,7,1
10.39653,-401,320,-27,-3,7,1
10.39658,-401,320,-27,-3,7,1
10.39664,-401,320,-27,-3,7,1
10.39666,-402,319,-26,-3,7,1
10.39667,-402,319,-26,-3,7,1
10.39669,-405,320,-25,-3,7,1
10.39672,-405,320,-25,-3,7,1
10.39673,-405,320,-25,-3,7,1
10.39676,-406,322,-24,-3,7,1
10.39677,-406,322,-24,-3,7,1
10.45037,-403,320,-30,-3,7,1
10.45042,-406,319,-30,-3,7,1
10.45055,-406,319,-30,-3,7,1
10.45057,-411,319,-30,-3,7,1
10.45059,-411,319,-30,-3,7,1
10.45060,-411,319,-30,-3,7,1
10.45062,-411,320,-32,-3,7,1
10.45068,-411,320,-32,-3,7,1
10.45071,-407,320,-31,-3,7,1
10.45076,-407,320,-31,-3,7,1
10.45078,-407,320,-31,-3,7,1
10.45079,-401,320,-28,-3,7,1
10.45083,-401,320,-28,-3,7,1
10.45088,-398,321,-27,-3,7,1
10.45089,-398,321,-27,-3,7,1
10.45091,-398,321,-27,-3,7,1
10.50525,-400,320,-19,-3,7,1
10.50529,-403,317,-23,-3,7,1
10.50535,-403,317,-23,-3,7,1
10.50537,-402,319,-27,-3,7,1
10.50539,-402,319,-27,-3,7,1
10.50542,-402,319,-27,-3,7,1
10.50543,-399,321,-31,-3,7,1
10.50546,-399,321,-31,-3,7,1
10.50553,-402,320,-33,-3,7,1
10.50554,-402,320,-33,-3,7,1
10.50556,-402,320,-33,-3,7,1
10.50557,-406,318,-31,-3,7,1
10.50558,-406,318,-31,-3,7,1
10.50559,-407,320,-25,-3,7,1
10.50561,-407,320,-25,-3,7,1
10.50562,-407,320,-25,-3,7,1
10.55922,-402,321,-22,-3,7,1
10.55929,-408,317,-26,-3,7,1
10.55939,-408,317,-26,-3,7,1
10.55943,-410,316,-29,-3,7,1
10.55947,-410,316,-29,-3,7,1
10.55958,-410,316,-29,-3,7,1
10.55963,-405,318,-31,-3,7,1
10.55973,-405,318,-31,-3,7,1
10.55979,-407,318,-29,-3,7,1
10.56003,-407,318,-29,-3,7,1
10.56006,-407,318,-29,-3,7,1
10.56008,-407,317,-28,-3,7,1
10.56012,-407,317,-28,-3,7,1
10.56018,-398,320,-25,-3,7,1
10.56030,-398,320,-25,-3,7,1
10.56036,-398,320,-25,-3,7,1
10.61551,-398,320,-22,-3,7,1
10.61556,-400,321,-25,-3,7,1
10.61561,-400,321,-25,-3,7,1
10.61564,-403,321,-28,-3,7,1
10.61571,-403,321,-28,-3,7,1
10.61573,-403,321,-28,-3,7,1
10.61575,-402,321,-30,-3,7,1
10.61583,-402,321,-30,-3,7,1
10.61587,-402,321,-32,-3,7,1
10.61590,-402,321,-32,-3,7,1
10.61594,-402,321,-32,-3,7,1
10.61601,-408,320,-32,-3,7,1
10.61602,-408,320,-32,-3,7,1
10.61608,-411,320,-30,-3,7,1
10.61609,-411,320,-30,-3,7,1
10.61610,-411,320,-30,-3,7,1
10.67119,-408,317,-28,-3,7,1
10.67125,-411,316,-30,-3,7,1
10.67132,-411,316,-30,-3,7,1
10.67138,-405,318,-30,-3,7,1
10.67140,-405,318,-30,-3,7,1
10.67142,-405,318,-30,-3,7,1
10.67143,-399,320,-26,-3,7,1
10.67145,-399,320,-26,-3,7,1
10.67147,-400,320,-22,-3,7,1
10.67149,-400,320,-22,-3,7,1
10.67156,-400,320,-22,-3,7,1
10.67165,-400,320,-19,-3,7,1
10.67169,-400,320,-19,-3,7,1
10.67173,-398,321,-22,-3,7,1
10.67178,-398,321,-22,-3,7,1
10.67181,-398,321,-22,-3,7,1
10.72521,-402,320,-29,-3,7,1
10.72526,-402,320,-29,-3,7,1
10.72542,-402,320,-29,-3,7,1
10.72545,-404,319,-29,-3,7,1
10.72547,-404,319,-29,-3,7,1
10.72548,-406,318,-31,-3,7,1
10.72553,-406,318,-31,-3,7,1
10.72566,-406,318,-31,-3,7,1
10.72569,-407,320,-33,-3,7,1
10.72573,-407,320,-33,-3,7,1
10.72579,-403,321,-32,-3,7,1
10.72591,-403,321,-32,-3,7,1
10.72597,-403,321,-32,-3,7,1
10.72615,-400,320,-28,-3,7,1
10.72659,-400,320,-28,-3,7,1
10.72688,-399,319,-23,-3,7,1
10.77886,-405,320,-29,-3,7,1
10.77891,-405,320,-29,-3,7,1
10.77911,-405,320,-29,-3,7,1
10.77915,-400,320,-26,-3,7,1
10.77923,-400,320,-26,-3,7,1
10.77929,-402,320,-26,-3,7,1
10.77931,-402,320,-26,-3,7,1
10.77936,-402,320,-26,-3,7,1
10.77942,-401,321,-27,-3,7,1
10.77945,-401,321,-27,-3,7,1
10.77951,-398,321,-26,-3,7,1
10.77953,-398,321,-26,-3,7,1
10.77956,-402,320,-25,-3,7,1
10.77959,-402,320,-25,-3,7,1
10.77964,-402,320,-25,-3,7,1
10.77966,-405,320,-26,-3,7,1
10.83454,-401,319,-24,-3,7,1
10.83459,-400,319,-26,-3,7,1
10.83465,-400,319,-26,-3,7,1
10.83473,-400,319,-26,-3,7,1
10.83475,-400,320,-27,-3,7,1
10.83477,-400,320,-27,-3,7,1
10.83478,-409,320,-28,-3,7,1
10.83480,-409,320,-28,-3,7,1
10.83489,-409,320,-28,-3,7,1
10.83500,-413,320,-33,-3,7,1
10.83501,-413,320,-33,-3,7,1
10.83503,-405,320,-34,-3,7,1
10.83504,-405,320,-34,-3,7,1
10.83505,-405,320,-34,-3,7,1
10.83507,-404,320,-29,-3,7,1
10.83514,-404,320,-29,-3,7,1
10.88967,-404,320,-29,-3,7,1
10.89013,-404,320,-29,-3,7,1
10.89019,-403,320,-27,-3,7,1
10.89027,-403,320,-27,-3,7,1
10.89030,-403,320,-25,-3,7,1
10.89031,-403,320,-25,-3,7,1
10.89032,-403,320,-25,-3,7,1
10.89037,-402,320,-24,-3,7,1
10.89042,-402,320,-24,-3,7,1
10.89048,-399,320,-24,-3,7,1
10.89050,-399,320,-24,-3,7,1
10.89052,-399,320,-24,-3,7,1
10.89064,-398,320,-25,-3,7,1
10.89068,-398,320,-25,-3,7,1
10.89070,-405,319,-29,-3,7,1
10.89076,-405,319,-29,-3,7,1
10.94322,-402,318,-27,-3,7,1
10.94327,-402,318,-27,-3,7,1
10.94333,-404,319,-29,-3,7,1
10.94335,-404,319,-29,-3,7,1
10.94343,-404,319,-29,-3,7,1
10.94346,-408,321,-31,-3,7,1
10.94347,-408,321,-31,-3,7,1
10.94348,-407,321,-33,-3,7,1
10.94357,-407,321,-33,-3,7,1
10.94358,-407,321,-33,-3,7,1
10.94359,-404,322,-31,-3,7,1
10.94360,-404,322,-31,-3,7,1
10.94364,-402,321,-26,-3,7,1
10.94368,-402,321,-26,-3,7,1
10.94371,-402,321,-26,-3,7,1
10.94374,-400,320,-22,-3,7,1
10.99594,-404,320,-30,-3,7,1
10.99599,-400,319,-26,-3,7,1
10.99606,-400,319,-26,-3,7,1
10.99608,-400,319,-26,-3,7,1
10.99616,-401,317,-25,-3,7,1
10.99617,-401,317,-25,-3,7,1
10.99619,-399,319,-24,-3,7,1
10.99620,-399,319,-24,-3,7,1
10.99627,-399,319,-24,-3,7,1
10.99630,-397,321,-23,-3,7,1
10.99633,-397,321,-23,-3,7,1
10.99635,-399,321,-25,-3,7,1
10.99637,-399,321,-25,-3,7,1
10.99638,-399,321,-25,-3,7,1
10.99646,-403,320,-28,-3,7,1
10.99648,-403,320,-28,-3,7,1
11.04909,-399,323,-28,-3,7,1
11.04914,-396,321,-27,-3,7,1
11.04922,-396,321,-27,-3,7,1
11.04928,-399,320,-25,-3,7,1
11.04931,-399,320,-25,-3,7,1
11.04933,-399,320,-25,-3,7,1
11.04933,-406,320,-30,-3,7,1
11.04934,-406,320,-30,-3,7,1
11.04942,-408,320,-32,-3,7,1
11.04945,-408,320,-32,-3,7,1
11.04947,-408,320,-32,-3,7,1
11.04949,-407,319,-29,-3,7,1
11.04950,-407,319,-29,-3,7,1
11.04951,-405,318,-27,-3,7,1
11.04953,-405,318,-27,-3,7,1
11.04955,-405,318,-27,-3,7,1
11.10005,-406,317,-28,-3,7,1
11.10011,-406,317,-28,-3,7,1
11.10013,-406,317,-28,-3,7,1
11.10014,-406,317,-28,-3,7,1
11.10023,-406,317,-28,-3,7,1
11.10025,-402,319,-26,-3,7,1
11.10026,-402,319,-26,-3,7,1
11.10028,-402,319,-26,-3,7,1
11.10029,-397,321,-23,-3,7,1
11.10046,-397,321,-23,-3,7,1
11.10048,-401,320,-22,-3,7,1
11.10049,-401,320,-22,-3,7,1
11.10051,-401,320,-22,-3,7,1
11.10057,-403,319,-23,-3,7,1
11.10060,-403,319,-23,-3,7,1
11.10065,-400,320,-23,-3,7,1
11.15575,-404,318,-30,-3,7,1
11.15577,-400,319,-30,-3,7,1
11.15577,-400,319,-30,-3,7,1
11.15578,-400,319,-30,-3,7,1
11.15584,-397,319,-28,-3,7,1
11.15585,-397,319,-28,-3,7,1
11.15585,-398,321,-24,-3,7,1
11.15586,-398,321,-24,-3,7,1
11.15587,-398,321,-24,-3,7,1
11.15597,-402,321,-23,-3,7,1
11.15603,-402,321,-23,-3,7,1
11.15603,-402,321,-27,-3,7,1
11.15604,-402,321,-27,-3,7,1
11.15611,-402,321,-27,-3,7,1
11.15611,-400,323,-29,-3,7,1
11.15615,-400,323,-29,-3,7,1
11.20924,-404,319,-26,-3,7,1
11.20928,-406,320,-29,-3,7,1
11.20943,-406,320,-29,-3,7,1
11.20944,-406,319,-29,-3,7,1
11.20945,-406,319,-29,-3,7,1
11.20947,-406,319,-29,-3,7,1
11.20948,-408,317,-27,-3,7,1
11.20949,-408,317,-27,-3,7,1
11.20949,-404,318,-26,-3,7,1
11.20950,-404,318,-26,-3,7,1
11.20955,-404,318,-26,-3,7,1
11.20956,-399,320,-26,-3,7,1
11.20956,-399,320,-26,-3,7,1
11.20960,-401,320,-25,-3,7,1
11.20961,-401,320,-25,-3,7,1
11.20962,-401,320,-25,-3,7,1
11.26290,-402,321,-28,-3,7,1
11.26296,-402,321,-28,-3,7,1
11.26304,-402,321,-29,-3,7,1
11.26306,-402,321,-29,-3,7,1
11.26307,-401,320,-27,-3,7,1
11.26315,-401,320,-27,-3,7,1
11.26315,-401,320,-27,-3,7,1
11.26315,-400,319,-23,-3,7,1
11.26316,-400,319,-23,-3,7,1
11.26322,-399,319,-21,-3,7,1
11.26323,-399,319,-21,-3,7,1
11.26323,-399,319,-21,-3,7,1
11.26323,-403,318,-25,-3,7,1
11.26324,-403,318,-25,-3,7,1
11.26324,-408,318,-31,-3,7,1
11.26324,-408,318,-31,-3,7,1
11.31603,-398,320,-28,-3,7,1
11.31606,-398,320,-28,-3,7,1
11.31607,-405,317,-27,-3,7,1
11.31618,-405,317,-27,-3,7,1
11.31629,-409,317,-29,-3,7,1
11.31629,-409,317,-29,-3,7,1
11.31637,-409,317,-29,-3,7,1
11.31642,-404,319,-30,-3,7,1
11.31642,-404,319,-30,-3,7,1
11.31647,-404,319,-28,-3,7,1
11.31648,-404,319,-28,-3,7,1
11.31649,-404,319,-28,-3,7,1
11.31654,-404,318,-26,-3,7,1
11.31654,-404,318,-26,-3,7,1
11.31654,-398,320,-24,-3,7,1
11.31655,-398,320,-24,-3,7,1
11.37162,-407,319,-28,-3,7,1
11.37164,-407,319,-30,-3,7,1
11.37165,-407,319,-30,-3,7,1
11.37165,-403,319,-31,-3,7,1
11.37173,-403,319,-31,-3,7,1
11.37177,-403,319,-31,-3,7,1
11.37177,-397,320,-28,-3,7,1
11.37187,-397,320,-28,-3,7,1
11.37187,-397,320,-25,-3,7,1
11.37187,-397,320,-25,-3,7,1
11.37188,-397,320,-25,-3,7,1
11.37196,-399,319,-25,-3,7,1
11.37196,-399,319,-25,-3,7,1
11.37197,-399,320,-26,-3,7,1
11.37200,-399,320,-26,-3,7,1
11.37201,-399,320,-26,-3,7,1
11.42546,-402,319,-28,-3,7,1
11.42552,-402,319,-28,-3,7,1
11.42556,-402,319,-28,-3,7,1
11.42557,-405,319,-28,-3,7,1
11.42560,-405,319,-28,-3,7,1
11.42562,-406,320,-29,-3,7,1
11.42572,-406,320,-29,-3,7,1
11.42573,-406,320,-29,-3,7,1
11.42574,-405,318,-30,-3,7,1
11.42576,-405,318,-30,-3,7,1
11.42577,-403,319,-29,-3,7,1
11.42578,-403,319,-29,-3,7,1
11.42579,-403,319,-29,-3,7,1
11.42585,-404,319,-26,-3,7,1
11.42586,-404,319,-26,-3,7,1
11.42594,-401,321,-24,-3,7,1
11.47803,-403,321,-30,-3,7,1
11.47808,-403,321,-30,-3,7,1
11.47817,-403,321,-30,-3,7,1
11.47819,-401,319,-28,-3,7,1
11.47825,-401,319,-28,-3,7,1
11.47829,-399,318,-25,-3,7,1
11.47831,-399,318,-25,-3,7,1
11.47832,-399,318,-25,-3,7,1
11.47833,-398,319,-25,-3,7,1
11.47835,-398,319,-25,-3,7,1
11.47837,-400,318,-26,-3,7,1
11.47847,-400,318,-26,-3,7,1
11.47849,-400,318,-26,-3,7,1
11.47859,-401,318,-27,-3,7,1
11.47860,-401,318,-27,-3,7,1
11.47861,-404,319,-28,-3,7,1
11.53372,-399,321,-24,-3,7,1
11.53378,-399,321,-24,-3,7,1
11.53389,-399,321,-24,-3,7,1
11.53394,-401,319,-26,-3,7,1
11.53397,-401,319,-26,-3,7,1
11.53399,-401,319,-26,-3,7,1
11.53406,-403,319,-27,-3,7,1
11.53411,-403,319,-27,-3,7,1
11.53415,-407,319,-29,-3,7,1
11.53419,-407,319,-29,-3,7,1
11.53423,-407,319,-29,-3,7,1
11.53428,-411,318,-32,-3,7,1
11.53429,-411,318,-32,-3,7,1
11.53436,-407,318,-33,-3,7,1
11.53441,-407,318,-33,-3,7,1
11.53443,-407,318,-33,-3,7,1
11.58802,-400,319,-27,-3,7,1
11.58814,-400,319,-27,-3,7,1
11.58823,-400,319,-27,-3,7,1
11.58842,-401,320,-27,-3,7,1
11.58849,-401,320,-27,-3,7,1
11.58856,-399,321,-25,-3,7,1
11.58869,-399,321,-25,-3,7,1
11.58872,-399,321,-25,-3,7,1
11.58875,-401,320,-24,-3,7,1
11.58877,-401,320,-24,-3,7,1
11.58882,-405,318,-25,-3,7,1
11.58891,-405,318,-25,-3,7,1
11.58894,-405,318,-25,-3,7,1
11.58895,-402,319,-28,-3,7,1
11.58897,-402,319,-28,-3,7,1
11.58904,-403,321,-29,-3,7,1
11.64273,-402,320,-25,-3,7,1
11.64283,-402,320,-25,-3,7,1
11.64311,-405,320,-27,-3,7,1
11.64315,-405,320,-27,-3,7,1
11.64318,-406,319,-29,-3,7,1
11.64320,-406,319,-29,-3,7,1
11.64333,-406,319,-29,-3,7,1
11.64340,-406,319,-29,-3,7,1
11.64343,-406,319,-29,-3,7,1
11.64355,-405,320,-29,-3,7,1
11.64360,-405,320,-29,-3,7,1
11.64363,-405,320,-29,-3,7,1
11.64379,-404,322,-27,-3,7,1
11.64385,-404,322,-27,-3,7,1
11.64391,-401,322,-26,-3,7,1
11.64393,-401,322,-26,-3,7,1
11.69589,-400,322,-29,-3,7,1
11.69595,-403,319,-27,-3,7,1
11.69603,-403,319,-27,-3,7,1
11.69612,-402,319,-25,-3,7,1
11.69615,-402,319,-25,-3,7,1
11.69619,-402,319,-25,-3,7,1
11.69621,-397,321,-24,-3,7,1
11.69626,-397,321,-24,-3,7,1
11.69629,-400,319,-24,-3,7,1
11.69636,-400,319,-24,-3,7,1
11.69639,-400,319,-24,-3,7,1
11.69648,-400,318,-26,-3,7,1
11.69652,-400,318,-26,-3,7,1
11.69654,-400,319,-28,-3,7,1
11.69655,-400,319,-28,-3,7,1
11.69658,-400,319,-28,-3,7,1
11.74836,-428,304,-2,-3,7,1
11.74842,-428,304,-2,-3,7,1
11.74856,-402,292,-34,-3,7,1
11.74862,-402,292,-34,-3,7,1
11.74870,-369,303,-51,-3,7,1
11.74873,-369,303,-51,-3,7,1
11.74878,-369,303,-51,-3,7,1
11.74881,-431,293,-128,-3,7,1
11.74887,-431,293,-128,-3,7,1
11.74890,-487,255,-275,-3,7,1
11.74891,-487,255,-275,-3,7,1
11.74893,-487,255,-275,-3,7,1
11.74896,-412,271,-360,-3,7,1
11.74900,-412,271,-360,-3,7,1
11.74903,-358,310,-340,-3,7,1
11.74907,-358,310,-340,-3,7,1
11.80160,-431,289,-285,-3,7,1
11.80168,-431,289,-285,-3,7,1
11.80170,-492,259,-306,-3,7,1
11.80172,-492,259,-306,-3,7,1
11.80174,-492,259,-306,-3,7,1
11.80189,-405,295,-211,-3,7,1
11.80192,-405,295,-211,-3,7,1
11.80198,-340,335,-71,-3,7,1
11.80202,-340,335,-71,-3,7,1
11.80214,-340,335,-71,-3,7,1
11.80224,-408,305,-7,-3,7,1
11.80229,-408,305,-7,-3,7,1
11.80239,-432,309,9,-3,7,1
11.80241,-432,309,9,-3,7,1
11.80242,-432,309,9,-3,7,1
11.80244,-362,344,-13,-3,7,1
11.85609,-391,317,-359,-3,7,1
11.85614,-391,317,-359,-3,7,1
11.85622,-434,317,-260,-3,7,1
11.85626,-434,317,-260,-3,7,1
11.85628,-407,335,-85,-3,7,1
11.85630,-407,335,-85,-3,7,1
11.85634,-407,335,-85,-3,7,1
11.85638,-404,327,71,-3,7,1
11.85639,-404,327,71,-3,7,1
11.85640,-418,299,132,-3,7,1
11.85656,-418,299,132,-3,7,1
11.85659,-418,299,132,-3,7,1
11.85660,-417,325,109,-3,7,1
11.85670,-417,325,109,-3,7,1
11.85672,-430,333,32,-3,7,1
11.85673,-430,333,32,-3,7,1
11.90703,-370,325,-267,-3,7,1
11.90709,-363,341,-133,-3,7,1
11.90716,-363,341,-133,-3,7,1
11.90718,-412,331,66,-3,7,1
11.90728,-412,331,66,-3,7,1
11.90736,-412,331,66,-3,7,1
11.90742,-456,293,106,-3,7,1
11.90746,-456,293,106,-3,7,1
11.90748,-434,281,-17,-3,7,1
11.90753,-434,281,-17,-3,7,1
11.90757,-434,281,-17,-3,7,1
11.90760,-407,310,-147,-3,7,1
11.90761,-407,310,-147,-3,7,1
11.90762,-382,318,-202,-3,7,1
11.90772,-382,318,-202,-3,7,1
11.90778,-382,318,-202,-3,7,1
11.96248,-379,344,125,-3,7,1
11.96258,-379,344,125,-3,7,1
11.96261,-365,330,29,-3,7,1
11.96271,-365,330,29,-3,7,1
11.96274,-372,339,-87,-3,7,1
11.96276,-372,339,-87,-3,7,1
11.96280,-372,339,-87,-3,7,1
11.96284,-384,330,-117,-3,7,1
11.96286,-384,330,-117,-3,7,1
11.96290,-384,326,-38,-3,7,1
11.96294,-384,326,-38,-3,7,1
11.96297,-384,326,-38,-3,7,1
11.96299,-427,317,31,-3,7,1
11.96303,-427,317,31,-3,7,1
11.96304,-476,287,18,-3,7,1
11.96306,-476,287,18,-3,7,1
12.01619,-410,314,-107,-3,7,1
12.01625,-400,332,-16,-3,7,1
12.01633,-400,332,-16,-3,7,1
12.01636,-400,332,-16,-3,7,1
12.01646,-398,298,-38,-3,7,1
12.01649,-398,298,-38,-3,7,1
12.01651,-412,286,-158,-3,7,1
12.01652,-412,286,-158,-3,7,1
12.01659,-412,286,-158,-3,7,1
12.01665,-429,298,-278,-3,7,1
12.01677,-429,298,-278,-3,7,1
12.01682,-413,298,-292,-3,7,1
12.01687,-413,298,-292,-3,7,1
12.01693,-413,298,-292,-3,7,1
12.01695,-392,310,-212,-3,7,1
12.01701,-392,310,-212,-3,7,1
12.07205,-390,337,179,-3,7,1
12.07209,-433,317,248,-3,7,1
12.07217,-433,317,248,-3,7,1
12.07219,-433,317,248,-3,7,1
12.07224,-428,307,121,-3,7,1
12.07226,-428,307,121,-3,7,1
12.07233,-385,317,-118,-3,7,1
12.07235,-385,317,-118,-3,7,1
12.07240,-385,317,-118,-3,7,1
12.07242,-329,334,-307,-3,7,1
12.07247,-329,334,-307,-3,7,1
12.07249,-329,355,-357,-3,7,1
12.07251,-329,355,-357,-3,7,1
12.07253,-329,355,-357,-3,7,1
12.07255,-398,334,-291,-3,7,1
12.07256,-398,334,-291,-3,7,1
12.12691,-366,332,48,-3,7,1
12.12715,-343,335,76,-3,7,1
12.12724,-343,335,76,-3,7,1
12.12746,-422,318,6,-3,7,1
12.12755,-422,318,6,-3,7,1
12.12765,-422,318,6,-3,7,1
12.12773,-462,298,-133,-3,7,1
12.12784,-462,298,-133,-3,7,1
12.12800,-404,319,-217,-3,7,1
12.12806,-404,319,-217,-3,7,1
12.12815,-404,319,-217,-3,7,1
12.12833,-353,346,-182,-3,7,1
12.12837,-353,346,-182,-3,7,1
12.12844,-390,316,-101,-3,7,1
12.12848,-390,316,-101,-3,7,1
12.12850,-390,316,-101,-3,7,1
12.18264,-353,339,-127,-3,7,1
12.18267,-380,312,-16,-3,7,1
12.18267,-380,312,-16,-3,7,1
12.18268,-413,313,77,-3,7,1
12.18274,-413,313,77,-3,7,1
12.18275,-413,313,77,-3,7,1
12.18282,-388,320,60,-3,7,1
12.18282,-388,320,60,-3,7,1
12.18283,-382,334,-66,-3,7,1
12.18283,-382,334,-66,-3,7,1
12.18287,-382,334,-66,-3,7,1
12.18290,-418,312,-195,-3,7,1
12.18290,-418,312,-195,-3,7,1
12.18291,-425,308,-183,-3,7,1
12.18294,-425,308,-183,-3,7,1
12.18295,-425,308,-183,-3,7,1
12.23800,-385,344,-246,-3,7,1
12.23802,-385,344,-246,-3,7,1
12.23803,-385,344,-246,-3,7,1
12.23803,-367,331,-337,-3,7,1
12.23809,-367,331,-337,-3,7,1
12.23811,-382,320,-205,-3,7,1
12.23812,-382,320,-205,-3,7,1
12.23812,-382,320,-205,-3,7,1
12.23813,-423,306,11,-3,7,1
12.23826,-423,306,11,-3,7,1
12.23826,-443,290,131,-3,7,1
12.23833,-443,290,131,-3,7,1
12.23833,-443,290,131,-3,7,1
12.23835,-454,306,63,-3,7,1
12.23835,-454,306,63,-3,7,1
12.23836,-428,298,-105,-3,7,1
12.29344,-344,351,22,-3,7,1
12.29348,-344,351,22,-3,7,1
12.29367,-410,320,44,-3,7,1
12.29369,-410,320,44,-3,7,1
12.29375,-425,297,3,-3,7,1
12.29380,-425,297,3,-3,7,1
12.29381,-425,297,3,-3,7,1
12.29391,-391,295,-48,-3,7,1
12.29399,-391,295,-48,-3,7,1
12.29403,-411,302,-106,-3,7,1
12.29405,-411,302,-106,-3,7,1
12.29408,-411,302,-106,-3,7,1
12.29412,-462,304,-166,-3,7,1
12.29417,-462,304,-166,-3,7,1
12.29421,-422,324,-187,-3,7,1
12.29426,-422,324,-187,-3,7,1
12.34833,-413,344,66,-3,7,1
12.34839,-395,354,-35,-3,7,1
12.34845,-395,354,-35,-3,7,1
12.34847,-395,354,-35,-3,7,1
12.34855,-367,358,-17,-3,7,1
12.34858,-367,358,-17,-3,7,1
12.34860,-384,353,94,-3,7,1
12.34861,-384,353,94,-3,7,1
12.34862,-384,353,94,-3,7,1
12.34867,-429,342,235,-3,7,1
12.34870,-429,342,235,-3,7,1
12.34873,-425,344,318,-3,7,1
12.34877,-425,344,318,-3,7,1
12.34883,-425,344,318,-3,7,1
12.34885,-409,349,253,-3,7,1
12.34886,-409,349,253,-3,7,1
12.40357,-413,331,101,-3,7,1
12.40364,-413,331,101,-3,7,1
12.40388,-413,331,101,-3,7,1
12.40401,-501,297,80,-3,7,1
12.40406,-501,297,80,-3,7,1
12.40412,-391,345,109,-3,7,1
12.40415,-391,345,109,-3,7,1
12.40428,-391,345,109,-3,7,1
12.40437,-323,366,130,-3,7,1
12.40443,-323,366,130,-3,7,1
12.40447,-448,321,74,-3,7,1
12.40449,-448,321,74,-3,7,1
12.40463,-448,321,74,-3,7,1
12.40468,-495,318,58,-3,7,1
12.40470,-495,318,58,-3,7,1
12.40482,-341,380,165,-3,7,1
12.45596,-450,297,30,-3,7,1
12.45612,-450,297,30,-3,7,1
12.45616,-410,306,9,-3,7,1
12.45618,-410,306,9,-3,7,1
12.45626,-410,306,9,-3,7,1
12.45629,-393,315,-43,-3,7,1
12.45631,-393,315,-43,-3,7,1
12.45633,-415,315,-91,-3,7,1
12.45642,-415,315,-91,-3,7,1
12.45644,-415,315,-91,-3,7,1
12.45645,-389,331,-35,-3,7,1
12.45646,-389,331,-35,-3,7,1
12.45656,-378,336,7,-3,7,1
12.45658,-378,336,7,-3,7,1
12.45659,-378,336,7,-3,7,1
12.45661,-401,325,5,-3,7,1
12.50929,-417,310,-25,-3,7,1
12.50976,-417,310,-25,-3,7,1
12.51014,-417,310,-25,-3,7,1
12.51033,-398,319,-18,-3,7,1
12.51038,-398,319,-18,-3,7,1
12.51040,-402,324,-16,-3,7,1
12.51060,-402,324,-16,-3,7,1
12.51063,-402,324,-16,-3,7,1
12.51066,-417,317,-28,-3,7,1
12.51076,-417,317,-28,-3,7,1
12.51081,-405,316,-34,-3,7,1
12.51092,-405,316,-34,-3,7,1
12.51100,-405,316,-34,-3,7,1
12.51105,-385,328,-21,-3,7,1
12.51108,-385,328,-21,-3,7,1
12.51111,-394,331,-13,-3,7,1
12.56234,-407,317,-20,-3,7,1
12.56242,-406,321,-26,-3,7,1
12.56251,-406,321,-26,-3,7,1
12.56254,-406,321,-26,-3,7,1
12.56258,-401,324,-35,-3,7,1
12.56262,-401,324,-35,-3,7,1
12.56266,-398,322,-41,-3,7,1
12.56268,-398,322,-41,-3,7,1
12.56271,-398,322,-41,-3,7,1
12.56274,-390,322,-36,-3,7,1
12.56280,-390,322,-36,-3,7,1
12.56282,-384,323,-28,-3,7,1
12.56284,-384,323,-28,-3,7,1
12.56289,-384,323,-28,-3,7,1
12.56292,-399,319,-26,-3,7,1
12.56293,-399,319,-26,-3,7,1
12.61703,-401,321,-23,-3,7,1
12.61708,-399,322,-28,-3,7,1
12.61714,-399,322,-28,-3,7,1
12.61721,-399,322,-28,-3,7,1
12.61723,-401,321,-30,-3,7,1
12.61728,-401,321,-30,-3,7,1
12.61730,-402,320,-28,-3,7,1
12.61734,-402,320,-28,-3,7,1
12.61737,-402,320,-28,-3,7,1
12.61738,-405,319,-27,-3,7,1
12.61740,-405,319,-27,-3,7,1
12.61742,-408,317,-26,-3,7,1
12.61744,-408,317,-26,-3,7,1
12.61748,-408,317,-26,-3,7,1
12.61751,-403,320,-24,-3,7,1
12.61752,-403,320,-24,-3,7,1
12.66884,-403,325,-29,-3,7,1
12.66918,-403,325,-29,-3,7,1
12.66933,-399,324,-30,-3,7,1
12.66935,-399,324,-30,-3,7,1
12.66936,-401,320,-29,-3,7,1
12.66937,-401,320,-29,-3,7,1
12.66939,-401,320,-29,-3,7,1
12.66946,-404,320,-27,-3,7,1
12.66948,-404,320,-27,-3,7,1
12.66950,-402,320,-26,-3,7,1
12.66951,-402,320,-26,-3,7,1
12.66952,-402,320,-26,-3,7,1
12.66957,-403,317,-28,-3,7,1
12.66958,-403,317,-28,-3,7,1
12.66959,-400,317,-31,-3,7,1
12.66967,-400,317,-31,-3,7,1
12.72197,-402,319,-40,-3,7,1
12.72202,-398,322,-43,-3,7,1
12.72207,-398,322,-43,-3,7,1
12.72213,-397,323,-34,-3,7,1
12.72215,-397,323,-34,-3,7,1
12.72219,-397,323,-34,-3,7,1
12.72224,-403,322,-24,-3,7,1
12.72228,-403,322,-24,-3,7,1
12.72229,-406,320,-19,-3,7,1
12.72230,-406,320,-19,-3,7,1
12.72233,-406,320,-19,-3,7,1
12.72236,-404,320,-20,-3,7,1
12.72237,-404,320,-20,-3,7,1
12.72241,-406,323,-26,-3,7,1
12.72242,-406,323,-26,-3,7,1
12.72244,-406,323,-26,-3,7,1
12.77708,-401,319,-42,-3,7,1
12.77726,-402,319,-28,-3,7,1
12.77730,-402,319,-28,-3,7,1
12.77732,-409,318,-17,-3,7,1
12.77740,-409,318,-17,-3,7,1
12.77741,-409,318,-17,-3,7,1
12.77747,-411,316,-15,-3,7,1
12.77755,-411,316,-15,-3,7,1
12.77757,-406,318,-20,-3,7,1
12.77758,-406,318,-20,-3,7,1
12.77759,-406,318,-20,-3,7,1
12.77760,-398,321,-28,-3,7,1
12.77764,-398,321,-28,-3,7,1
12.77768,-396,321,-34,-3,7,1
12.77772,-396,321,-34,-3,7,1
12.77779,-396,321,-34,-3,7,1
12.83235,-399,322,-22,-3,7,1
12.83240,-399,322,-22,-3,7,1
12.83247,-399,322,-22,-3,7,1
12.83254,-397,322,-30,-3,7,1
12.83258,-397,322,-30,-3,7,1
12.83260,-399,322,-36,-3,7,1
12.83262,-399,322,-36,-3,7,1
12.83271,-399,322,-36,-3,7,1
12.83284,-401,321,-37,-3,7,1
12.83287,-401,321,-37,-3,7,1
12.83289,-401,321,-31,-3,7,1
12.83291,-401,321,-31,-3,7,1
12.83295,-401,321,-31,-3,7,1
12.83299,-403,321,-23,-3,7,1
12.83309,-403,321,-23,-3,7,1
12.83313,-409,319,-22,-3,7,1
12.88783,-405,319,-27,-3,7,1
12.88795,-404,320,-29,-3,7,1
12.88814,-404,320,-29,-3,7,1
12.88819,-408,319,-33,-3,7,1
12.88827,-408,319,-33,-3,7,1
12.88833,-408,319,-33,-3,7,1
12.88835,-408,319,-33,-3,7,1
12.88841,-408,319,-33,-3,7,1
12.88846,-403,321,-27,-3,7,1
12.88848,-403,321,-27,-3,7,1
12.88851,-403,321,-27,-3,7,1
12.88852,-403,319,-22,-3,7,1
12.88858,-403,319,-22,-3,7,1
12.88859,-404,319,-19,-3,7,1
12.88868,-404,319,-19,-3,7,1
12.88873,-404,319,-19,-3,7,1
12.94153,-395,322,-34,-3,7,1
12.94160,-395,322,-34,-3,7,1
12.94163,-395,322,-34,-3,7,1
12.94164,-399,319,-29,-3,7,1
12.94174,-399,319,-29,-3,7,1
12.94179,-403,316,-24,-3,7,1
12.94182,-403,316,-24,-3,7,1
12.94184,-403,316,-24,-3,7,1
12.94185,-404,318,-21,-3,7,1
12.94186,-404,318,-21,-3,7,1
12.94196,-406,321,-24,-3,7,1
12.94198,-406,321,-24,-3,7,1
12.94200,-406,321,-24,-3,7,1
12.94201,-406,320,-32,-3,7,1
12.94202,-406,320,-32,-3,7,1
12.94210,-403,319,-35,-3,7,1
12.99354,-409,322,-18,-3,7,1
12.99361,-409,322,-18,-3,7,1
12.99370,-409,322,-18,-3,7,1
12.99377,-403,321,-24,-3,7,1
12.99383,-403,321,-24,-3,7,1
12.99389,-398,321,-30,-3,7,1
12.99392,-398,321,-30,-3,7,1
12.99405,-398,321,-30,-3,7,1
12.99408,-400,320,-33,-3,7,1
12.99414,-400,320,-33,-3,7,1
12.99416,-398,320,-33,-3,7,1
12.99420,-398,320,-33,-3,7,1
12.99430,-398,320,-33,-3,7,1
12.99435,-397,321,-27,-3,7,1
12.99437,-397,321,-27,-3,7,1
12.99439,-402,319,-23,-3,7,1
13.04704,-402,320,-25,-3,7,1
13.04709,-402,320,-25,-3,7,1
13.04714,-401,320,-27,-3,7,1
13.04719,-401,320,-27,-3,7,1
13.04723,-399,321,-29,-3,7,1
13.04724,-399,321,-29,-3,7,1
13.04726,-399,321,-29,-3,7,1
13.04731,-400,320,-31,-3,7,1
13.04733,-400,320,-31,-3,7,1
13.04734,-404,318,-32,-3,7,1
13.04735,-404,318,-32,-3,7,1
13.04737,-404,318,-32,-3,7,1
13.04745,-405,319,-29,-3,7,1
13.04747,-405,319,-29,-3,7,1
13.04751,-405,320,-26,-3,7,1
13.04755,-405,320,-26,-3,7,1
13.09931,-406,319,-26,-3,7,1
13.09937,-406,319,-26,-3,7,1
13.09945,-406,319,-26,-3,7,1
13.09948,-403,323,-24,-3,7,1
13.09951,-403,323,-24,-3,7,1
13.09952,-409,323,-27,-3,7,1
13.09954,-409,323,-27,-3,7,1
13.09962,-409,323,-27,-3,7,1
13.09964,-412,319,-30,-3,7,1
13.09978,-412,319,-30,-3,7,1
13.09980,-403,319,-30,-3,7,1
13.09982,-403,319,-30,-3,7,1
13.09986,-403,319,-30,-3,7,1
13.09989,-397,321,-26,-3,7,1
13.09994,-397,321,-26,-3,7,1
13.09995,-401,319,-24,-3,7,1
13.15397,-404,320,-23,-3,7,1
13.15404,-404,320,-23,-3,7,1
13.15411,-405,319,-25,-3,7,1
13.15415,-405,319,-25,-3,7,1
13.15417,-405,319,-27,-3,7,1
13.15420,-405,319,-27,-3,7,1
13.15430,-405,319,-27,-3,7,1
13.15437,-401,320,-30,-3,7,1
13.15443,-401,320,-30,-3,7,1
13.15445,-399,320,-32,-3,7,1
13.15453,-399,320,-32,-3,7,1
13.15457,-399,320,-32,-3,7,1
13.15461,-403,319,-29,-3,7,1
13.15466,-403,319,-29,-3,7,1
13.15468,-402,320,-25,-3,7,1
13.15469,-402,320,-25,-3,7,1
13.20814,-402,319,-32,-3,7,1
13.20828,-402,319,-32,-3,7,1
13.20833,-400,320,-30,-3,7,1
13.20840,-400,320,-30,-3,7,1
13.20845,-400,320,-30,-3,7,1
13.20849,-405,321,-27,-3,7,1
13.20854,-405,321,-27,-3,7,1
13.20856,-411,321,-26,-3,7,1
13.20857,-411,321,-26,-3,7,1
13.20858,-411,321,-26,-3,7,1
13.20859,-409,321,-26,-3,7,1
13.20864,-409,321,-26,-3,7,1
13.20873,-403,322,-26,-3,7,1
13.20877,-403,322,-26,-3,7,1
13.20879,-403,322,-26,-3,7,1
13.20883,-399,321,-28,-3,7,1
13.26011,-404,322,-25,-3,7,1
13.26034,-404,322,-25,-3,7,1
13.26042,-402,319,-25,-3,7,1
13.26044,-402,319,-25,-3,7,1
13.26045,-402,319,-25,-3,7,1
13.26050,-401,317,-26,-3,7,1
13.26057,-401,317,-26,-3,7,1
13.26067,-399,319,-26,-3,7,1
13.26069,-399,319,-26,-3,7,1
13.26070,-399,319,-26,-3,7,1
13.26072,-400,320,-27,-3,7,1
13.26073,-400,320,-27,-3,7,1
13.26074,-403,319,-29,-3,7,1
13.26089,-403,319,-29,-3,7,1
13.26090,-403,319,-29,-3,7,1
13.26092,-401,321,-30,-3,7,1
13.31603,-400,320,-25,-3,7,1
13.31605,-397,320,-29,-3,7,1
13.31606,-397,320,-29,-3,7,1
13.31606,-397,320,-29,-3,7,1
13.31612,-396,321,-30,-3,7,1
13.31613,-396,321,-30,-3,7,1
13.31614,-400,322,-27,-3,7,1
13.31614,-400,322,-27,-3,7,1
13.31615,-400,322,-27,-3,7,1
13.31616,-403,319,-27,-3,7,1
13.31626,-403,319,-27,-3,7,1
13.31626,-403,319,-26,-3,7,1
13.31630,-403,319,-26,-3,7,1
13.31631,-403,319,-26,-3,7,1
13.31631,-403,322,-25,-3,7,1
13.31632,-403,322,-25,-3,7,1
13.37147,-406,320,-27,-3,7,1
13.37152,-406,320,-27,-3,7,1
13.37162,-403,320,-25,-3,7,1
13.37163,-403,320,-25,-3,7,1
13.37164,-403,320,-25,-3,7,1
13.37173,-402,320,-25,-3,7,1
13.37174,-402,320,-25,-3,7,1
13.37180,-402,319,-29,-3,7,1
13.37180,-402,319,-29,-3,7,1
13.37181,-402,319,-29,-3,7,1
13.37181,-401,320,-30,-3,7,1
13.37182,-401,320,-30,-3,7,1
13.37188,-397,322,-28,-3,7,1
13.37191,-397,322,-28,-3,7,1
13.37192,-397,322,-28,-3,7,1
13.37195,-398,321,-25,-3,7,1
13.42360,-404,320,-30,-3,7,1
13.42363,-404,320,-30,-3,7,1
13.42364,-404,318,-31,-3,7,1
13.42370,-404,318,-31,-3,7,1
13.42371,-399,320,-26,-3,7,1
13.42377,-399,320,-26,-3,7,1
13.42416,-399,320,-26,-3,7,1
13.42417,-402,320,-23,-3,7,1
13.42418,-402,320,-23,-3,7,1
13.42418,-408,319,-26,-3,7,1
13.42418,-408,319,-26,-3,7,1
13.42419,-408,319,-26,-3,7,1
13.42422,-405,320,-27,-3,7,1
13.42423,-405,320,-27,-3,7,1
13.42423,-400,321,-26,-3,7,1
13.42423,-400,321,-26,-3,7,1
13.47552,-407,321,-22,-3,7,1
13.47554,-409,319,-23,-3,7,1
13.47561,-409,319,-23,-3,7,1
13.47567,-404,320,-24,-3,7,1
13.47568,-404,320,-24,-3,7,1
13.47572,-404,320,-24,-3,7,1
13.47572,-401,322,-28,-3,7,1
13.47573,-401,322,-28,-3,7,1
13.47573,-403,320,-32,-3,7,1
13.47576,-403,320,-32,-3,7,1
13.47576,-403,320,-32,-3,7,1
13.47576,-402,320,-31,-3,7,1
13.47581,-402,320,-31,-3,7,1
13.47582,-397,323,-26,-3,7,1
13.47583,-397,323,-26,-3,7,1
13.47583,-397,323,-26,-3,7,1
13.53087,-405,320,-24,-3,7,1
13.53089,-405,320,-24,-3,7,1
13.53090,-404,320,-29,-3,7,1
13.53097,-404,320,-29,-3,7,1
13.53098,-404,320,-29,-3,7,1
13.53101,-397,324,-30,-3,7,1
13.53103,-397,324,-30,-3,7,1
13.53104,-397,323,-31,-3,7,1
13.53104,-397,323,-31,-3,7,1
13.53105,-397,323,-31,-3,7,1
13.53105,-404,319,-31,-3,7,1
13.53105,-404,319,-31,-3,7,1
13.53106,-405,321,-25,-3,7,1
13.53106,-405,321,-25,-3,7,1
13.53106,-405,321,-25,-3,7,1
13.53112,-403,322,-22,-3,7,1
13.58210,-404,319,-30,-3,7,1
13.58214,-404,319,-30,-3,7,1
13.58214,-407,321,-26,-3,7,1
13.58215,-407,321,-26,-3,7,1
13.58222,-408,321,-25,-3,7,1
13.58226,-408,321,-25,-3,7,1
13.58236,-408,321,-25,-3,7,1
13.58244,-405,320,-25,-3,7,1
13.58247,-405,320,-25,-3,7,1
13.58247,-400,321,-26,-3,7,1
13.58247,-400,321,-26,-3,7,1
13.58256,-400,321,-26,-3,7,1
13.58256,-397,322,-26,-3,7,1
13.58256,-397,322,-26,-3,7,1
13.58257,-401,320,-26,-3,7,1
13.58260,-401,320,-26,-3,7,1
13.63645,-406,319,-23,-3,7,1
13.63647,-406,319,-23,-3,7,1
13.63648,-403,318,-26,-3,7,1
13.63655,-403,318,-26,-3,7,1
13.63656,-400,320,-28,-3,7,1
13.63657,-400,320,-28,-3,7,1
13.63665,-400,320,-28,-3,7,1
13.63665,-400,321,-30,-3,7,1
13.63669,-400,321,-30,-3,7,1
13.63670,-401,319,-31,-3,7,1
13.63671,-401,319,-31,-3,7,1
13.63678,-401,319,-31,-3,7,1
13.63679,-400,320,-26,-3,7,1
13.63679,-400,320,-26,-3,7,1
13.63680,-402,320,-24,-3,7,1
13.63685,-402,320,-24,-3,7,1
13.69043,-401,321,-33,-3,7,1
13.69046,-400,322,-33,-3,7,1
13.69046,-400,322,-33,-3,7,1
13.69054,-400,322,-33,-3,7,1
13.69055,-405,320,-28,-3,7,1
13.69061,-405,320,-28,-3,7,1
13.69067,-406,319,-22,-3,7,1
13.69067,-406,319,-22,-3,7,1
13.69073,-406,319,-22,-3,7,1
13.69074,-402,321,-19,-3,7,1
13.69076,-402,321,-19,-3,7,1
13.69076,-405,322,-24,-3,7,1
13.69077,-405,322,-24,-3,7,1
13.69078,-405,322,-24,-3,7,1
13.69083,-404,321,-30,-3,7,1
13.69084,-404,321,-30,-3,7,1
13.74588,-405,318,-23,-3,7,1
13.74590,-405,318,-23,-3,7,1
13.74591,-403,320,-22,-3,7,1
13.74591,-403,320,-22,-3,7,1
13.74591,-401,321,-22,-3,7,1
13.74598,-401,321,-22,-3,7,1
13.74600,-401,321,-22,-3,7,1
13.74601,-401,322,-25,-3,7,1
13.74601,-401,322,-25,-3,7,1
13.74601,-400,322,-30,-3,7,1
13.74602,-400,322,-30,-3,7,1
13.74602,-400,322,-30,-3,7,1
13.74602,-399,319,-33,-3,7,1
13.74602,-399,319,-33,-3,7,1
13.74603,-400,318,-32,-3,7,1
13.74614,-400,318,-32,-3,7,1
13.79733,-400,320,-30,-3,7,1
13.79738,-398,322,-28,-3,7,1
13.79743,-398,322,-28,-3,7,1
13.79745,-398,322,-28,-3,7,1
13.79750,-404,321,-28,-3,7,1
13.79751,-404,321,-28,-3,7,1
13.79755,-409,318,-26,-3,7,1
13.79756,-409,318,-26,-3,7,1
13.79757,-409,318,-26,-3,7,1
13.79757,-403,318,-24,-3,7,1
13.79759,-403,318,-24,-3,7,1
13.79759,-402,319,-27,-3,7,1
13.79768,-402,319,-27,-3,7,1
13.79771,-402,319,-27,-3,7,1
13.79774,-406,319,-31,-3,7,1
13.79775,-406,319,-31,-3,7,1
13.84996,-408,320,-29,-3,7,1
13.85020,-407,320,-25,-3,7,1
13.85029,-407,320,-25,-3,7,1
13.85034,-405,321,-25,-3,7,1
13.85036,-405,321,-25,-3,7,1
13.85122,-405,321,-25,-3,7,1
13.85129,-405,321,-27,-3,7,1
13.85134,-405,321,-27,-3,7,1
13.85135,-400,322,-28,-3,7,1
13.85139,-400,322,-28,-3,7,1
13.85144,-400,322,-28,-3,7,1
13.85147,-398,324,-28,-3,7,1
13.85152,-398,324,-28,-3,7,1
13.85159,-403,322,-29,-3,7,1
13.85160,-403,322,-29,-3,7,1
13.85162,-403,322,-29,-3,7,1
13.90670,-402,321,-26,-3,7,1
13.90684,-396,323,-24,-3,7,1
13.90692,-396,323,-24,-3,7,1
13.90695,-396,323,-24,-3,7,1
13.90702,-399,320,-26,-3,7,1
13.90703,-399,320,-26,-3,7,1
13.90704,-403,319,-30,-3,7,1
13.90705,-403,319,-30,-3,7,1
13.90706,-403,319,-30,-3,7,1
13.90709,-402,320,-31,-3,7,1
13.90710,-402,320,-31,-3,7,1
13.90711,-401,318,-29,-3,7,1
13.90712,-401,318,-29,-3,7,1
13.90721,-401,318,-29,-3,7,1
13.90731,-404,316,-26,-3,7,1
13.90736,-404,316,-26,-3,7,1
13.95920,-406,319,-23,-3,7,1
13.95924,-406,319,-23,-3,7,1
13.95935,-406,319,-23,-3,7,1
13.95940,-400,321,-24,-3,7,1
13.95945,-400,321,-24,-3,7,1
13.95947,-399,321,-27,-3,7,1
13.95952,-399,321,-27,-3,7,1
13.95959,-399,321,-27,-3,7,1
13.95965,-402,320,-29,-3,7,1
13.95973,-402,320,-29,-3,7,1
13.95977,-402,319,-28,-3,7,1
13.95978,-402,319,-28,-3,7,1
13.95980,-402,319,-28,-3,7,1
13.95987,-400,318,-28,-3,7,1
13.95992,-400,318,-28,-3,7,1
13.96001,-402,318,-26,-3,7,1
14.01512,-387,338,50,-3,7,1
14.01523,-376,339,-23,-3,7,1
14.01533,-376,339,-23,-3,7,1
14.01539,-376,339,-23,-3,7,1
14.01546,-389,341,-19,-3,7,1
14.01552,-389,341,-19,-3,7,1
14.01560,-427,324,-35,-3,7,1
14.01606,-427,324,-35,-3,7,1
14.01611,-427,324,-35,-3,7,1
14.01619,-431,316,-81,-3,7,1
14.01623,-431,316,-81,-3,7,1
14.01625,-385,335,-66,-3,7,1
14.01632,-385,335,-66,-3,7,1
14.01638,-385,335,-66,-3,7,1
14.01649,-368,352,31,-3,7,1
14.01651,-368,352,31,-3,7,1
14.07115,-404,352,-20,-3,7,1
14.07137,-404,352,-20,-3,7,1
14.07143,-464,345,-27,-3,7,1
14.07145,-464,345,-27,-3,7,1
14.07146,-464,345,-27,-3,7,1
14.07151,-392,362,48,-3,7,1
14.07160,-392,362,48,-3,7,1
14.07168,-295,387,221,-3,7,1
14.07179,-295,387,221,-3,7,1
14.07182,-295,387,221,-3,7,1
14.07187,-355,374,387,-3,7,1
14.07193,-355,374,387,-3,7,1
14.07197,-455,341,505,-3,7,1
14.07199,-455,341,505,-3,7,1
14.07201,-455,341,505,-3,7,1
14.07210,-428,332,552,-3,7,1
14.12621,-444,304,642,-3,7,1
14.12627,-436,286,427,-3,7,1
14.12634,-436,286,427,-3,7,1
14.12638,-482,263,-116,-3,7,1
14.12640,-482,263,-116,-3,7,1
14.12642,-482,263,-116,-3,7,1
14.12643,-489,247,-599,-3,7,1
14.12644,-489,247,-599,-3,7,1
14.12645,-415,293,-691,-3,7,1
14.12648,-415,293,-691,-3,7,1
14.12651,-415,293,-691,-3,7,1
14.12653,-366,341,-419,-3,7,1
14.12656,-366,341,-419,-3,7,1
14.12657,-385,320,-65,-3,7,1
14.12658,-385,320,-65,-3,7,1
14.12659,-385,320,-65,-3,7,1
14.18164,-418,288,-116,-3,7,1
14.18166,-491,257,-243,-3,7,1
14.18172,-491,257,-243,-3,7,1
14.18176,-474,277,-289,-3,7,1
14.18176,-474,277,-289,-3,7,1
14.18180,-474,277,-289,-3,7,1
14.18180,-355,336,-237,-3,7,1
14.18182,-355,336,-237,-3,7,1
14.18182,-322,337,-135,-3,7,1
14.18182,-322,337,-135,-3,7,1
14.18183,-322,337,-135,-3,7,1
14.18183,-432,293,11,-3,7,1
14.18191,-432,293,11,-3,7,1
14.18191,-450,314,144,-3,7,1
14.18192,-450,314,144,-3,7,1
14.18193,-450,314,144,-3,7,1
14.23338,-446,277,114,-3,7,1
14.23342,-446,277,114,-3,7,1
14.23343,-446,277,114,-3,7,1
14.23343,-407,291,-34,-3,7,1
14.23351,-407,291,-34,-3,7,1
14.23355,-435,311,-257,-3,7,1
14.23356,-435,311,-257,-3,7,1
14.23363,-435,311,-257,-3,7,1
14.23364,-422,331,-387,-3,7,1
14.23372,-422,331,-387,-3,7,1
14.23373,-339,350,-285,-3,7,1
14.23373,-339,350,-285,-3,7,1
14.23373,-339,350,-285,-3,7,1
14.23377,-346,346,5,-3,7,1
14.23377,-346,346,5,-3,7,1
14.23378,-427,304,245,-3,7,1
14.28881,-365,339,-186,-3,7,1
14.28883,-365,339,-186,-3,7,1
14.28883,-365,339,-186,-3,7,1
14.28884,-399,323,-189,-3,7,1
14.28884,-399,323,-189,-3,7,1
14.28884,-380,318,-30,-3,7,1
14.28885,-380,318,-30,-3,7,1
14.28885,-380,318,-30,-3,7,1
14.28885,-410,293,124,-3,7,1
14.28885,-410,293,124,-3,7,1
14.28886,-499,275,124,-3,7,1
14.28886,-499,275,124,-3,7,1
14.28886,-499,275,124,-3,7,1
14.28887,-459,298,-52,-3,7,1
14.28887,-459,298,-52,-3,7,1
14.28893,-361,326,-234,-3,7,1
14.34274,-372,344,-439,-3,7,1
14.34300,-372,344,-439,-3,7,1
14.34307,-350,360,-365,-3,7,1
14.34335,-350,360,-365,-3,7,1
14.34337,-431,319,11,-3,7,1
14.34339,-431,319,11,-3,7,1
14.34340,-431,319,11,-3,7,1
14.34341,-492,290,400,-3,7,1
14.34345,-492,290,400,-3,7,1
14.34349,-418,311,498,-3,7,1
14.34353,-418,311,498,-3,7,1
14.34354,-418,311,498,-3,7,1
14.34357,-371,327,188,-3,7,1
14.34358,-371,327,188,-3,7,1
14.34359,-399,305,-334,-3,7,1
14.34365,-399,305,-334,-3,7,1
14.39612,-435,309,298,-3,7,1
14.39619,-435,309,298,-3,7,1
14.39621,-420,325,101,-3,7,1
14.39625,-420,325,101,-3,7,1
14.39638,-425,320,-183,-3,7,1
14.39640,-425,320,-183,-3,7,1
14.39642,-425,320,-183,-3,7,1
14.39643,-368,340,-305,-3,7,1
14.39646,-368,340,-305,-3,7,1
14.39652,-390,337,121,-3,7,1
14.39655,-390,337,121,-3,7,1
14.39656,-390,337,121,-3,7,1
14.39657,-450,298,356,-3,7,1
14.39658,-450,298,356,-3,7,1
14.39659,-441,304,323,-3,7,1
14.39660,-441,304,323,-3,7,1
14.44911,-366,349,588,-3,7,1
14.44916,-366,349,588,-3,7,1
14.44923,-366,349,588,-3,7,1
14.44924,-436,317,552,-3,7,1
14.44933,-436,317,552,-3,7,1
14.44935,-444,333,262,-3,7,1
14.44940,-444,333,262,-3,7,1
14.44942,-444,333,262,-3,7,1
14.44946,-369,360,-36,-3,7,1
14.44949,-369,360,-36,-3,7,1
14.44950,-326,361,-190,-3,7,1
14.44951,-326,361,-190,-3,7,1
14.44952,-326,361,-190,-3,7,1
14.44958,-376,326,-177,-3,7,1
14.44959,-376,326,-177,-3,7,1
14.44960,-451,275,-73,-3,7,1
14.50377,-373,348,-104,-3,7,1
14.50382,-373,348,-104,-3,7,1
14.50388,-409,369,150,-3,7,1
14.50390,-409,369,150,-3,7,1
14.50398,-409,369,150,-3,7,1
14.50399,-378,356,386,-3,7,1
14.50403,-378,356,386,-3,7,1
14.50405,-366,342,458,-3,7,1
14.50406,-366,342,458,-3,7,1
14.50407,-366,342,458,-3,7,1
14.50412,-407,327,308,-3,7,1
14.50415,-407,327,308,-3,7,1
14.50418,-394,331,33,-3,7,1
14.50421,-394,331,33,-3,7,1
14.50422,-394,331,33,-3,7,1
14.50429,-383,344,-178,-3,7,1
14.55982,-447,313,-244,-3,7,1
14.56006,-350,326,-222,-3,7,1
14.56012,-350,326,-222,-3,7,1
14.56014,-350,326,-222,-3,7,1
14.56015,-282,360,-82,-3,7,1
14.56025,-282,360,-82,-3,7,1
14.56030,-395,329,49,-3,7,1
14.56037,-395,329,49,-3,7,1
14.56040,-395,329,49,-3,7,1
14.56048,-483,297,93,-3,7,1
14.56051,-483,297,93,-3,7,1
14.56053,-422,311,62,-3,7,1
14.56058,-422,311,62,-3,7,1
14.56065,-422,311,62,-3,7,1
14.56067,-361,335,-7,-3,7,1
14.56075,-361,335,-7,-3,7,1
14.61328,-454,279,-274,-3,7,1
14.61332,-454,279,-274,-3,7,1
14.61341,-448,300,-338,-3,7,1
14.61343,-448,300,-338,-3,7,1
14.61351,-357,323,-272,-3,7,1
14.61373,-357,323,-272,-3,7,1
14.61375,-357,323,-272,-3,7,1
14.61376,-348,311,-134,-3,7,1
14.61378,-348,311,-134,-3,7,1
14.61379,-441,278,-21,-3,7,1
14.61386,-441,278,-21,-3,7,1
14.61388,-441,278,-21,-3,7,1
14.61390,-443,269,9,-3,7,1
14.61392,-443,269,9,-3,7,1
14.61393,-409,285,-85,-3,7,1
14.61398,-409,285,-85,-3,7,1
14.66821,-478,284,-205,-3,7,1
14.66840,-478,284,-205,-3,7,1
14.66844,-478,284,-205,-3,7,1
14.66845,-462,274,-272,-3,7,1
14.66847,-462,274,-272,-3,7,1
14.66859,-371,294,-245,-3,7,1
14.66865,-371,294,-245,-3,7,1
14.66871,-371,294,-245,-3,7,1
14.66882,-375,313,-112,-3,7,1
14.66884,-375,313,-112,-3,7,1
14.66886,-439,293,-46,-3,7,1
14.66887,-439,293,-46,-3,7,1
14.66896,-439,293,-46,-3,7,1
14.66905,-448,267,-123,-3,7,1
14.66911,-448,267,-123,-3,7,1
14.66913,-387,295,-208,-3,7,1
14.72361,-425,309,42,-3,7,1
14.72366,-387,323,28,-3,7,1
14.72374,-387,323,28,-3,7,1
14.72377,-407,320,-45,-3,7,1
14.72379,-407,320,-45,-3,7,1
14.72386,-407,320,-45,-3,7,1
14.72388,-415,321,-115,-3,7,1
14.72396,-415,321,-115,-3,7,1
14.72398,-369,335,-101,-3,7,1
14.72411,-369,335,-101,-3,7,1
14.72416,-369,335,-101,-3,7,1
14.72418,-351,335,-6,-3,7,1
14.72423,-351,335,-6,-3,7,1
14.72430,-401,313,66,-3,7,1
14.72432,-401,313,66,-3,7,1
14.72439,-401,313,66,-3,7,1
14.77893,-410,321,-19,-3,7,1
14.77911,-410,321,-19,-3,7,1
14.77921,-410,321,-19,-3,7,1
14.77922,-397,332,-8,-3,7,1
14.77932,-397,332,-8,-3,7,1
14.77940,-391,332,-8,-3,7,1
14.77943,-391,332,-8,-3,7,1
14.77946,-391,332,-8,-3,7,1
14.77951,-388,325,-12,-3,7,1
14.77966,-388,325,-12,-3,7,1
14.77973,-393,322,-18,-3,7,1
14.77974,-393,322,-18,-3,7,1
14.77983,-393,322,-18,-3,7,1
14.77985,-408,323,-30,-3,7,1
14.77986,-408,323,-30,-3,7,1
14.77988,-413,320,-44,-3,7,1
14.83181,-400,320,-28,-3,7,1
14.83186,-396,319,-22,-3,7,1
14.83192,-396,319,-22,-3,7,1
14.83200,-396,320,-16,-3,7,1
14.83203,-396,320,-16,-3,7,1
14.83204,-396,320,-16,-3,7,1
14.83212,-404,321,-19,-3,7,1
14.83215,-404,321,-19,-3,7,1
14.83219,-410,321,-23,-3,7,1
14.83224,-410,321,-23,-3,7,1
14.83231,-410,321,-23,-3,7,1
14.83233,-408,320,-20,-3,7,1
14.83236,-408,320,-20,-3,7,1
14.83237,-409,319,-18,-3,7,1
14.83238,-409,319,-18,-3,7,1
14.83243,-409,319,-18,-3,7,1
14.88628,-410,319,-29,-3,7,1
14.88633,-410,319,-29,-3,7,1
14.88641,-410,319,-29,-3,7,1
14.88645,-412,321,-31,-3,7,1
14.88647,-412,321,-31,-3,7,1
14.88650,-404,324,-31,-3,7,1
14.88653,-404,324,-31,-3,7,1
14.88655,-404,324,-31,-3,7,1
14.88656,-403,323,-32,-3,7,1
14.88658,-403,323,-32,-3,7,1
14.88659,-401,323,-33,-3,7,1
14.88660,-401,323,-33,-3,7,1
14.88663,-401,323,-33,-3,7,1
14.88666,-396,325,-28,-3,7,1
14.88670,-396,325,-28,-3,7,1
14.88674,-396,323,-20,-3,7,1
14.93920,-402,321,-29,-3,7,1
14.93939,-401,320,-29,-3,7,1
14.93945,-401,320,-29,-3,7,1
14.93955,-396,321,-25,-3,7,1
14.93957,-396,321,-25,-3,7,1
14.93966,-396,321,-25,-3,7,1
14.93973,-397,322,-21,-3,7,1
14.93975,-397,322,-21,-3,7,1
14.93982,-402,321,-24,-3,7,1
14.93986,-402,321,-24,-3,7,1
14.93987,-402,321,-24,-3,7,1
14.93990,-402,320,-27,-3,7,1
14.93991,-402,320,-27,-3,7,1
14.93992,-402,321,-25,-3,7,1
14.93994,-402,321,-25,-3,7,1
14.93996,-402,321,-25,-3,7,1
14.99267,-404,317,-30,-3,7,1
14.99293,-409,320,-32,-3,7,1
14.99317,-409,320,-32,-3,7,1
14.99324,-409,320,-32,-3,7,1
14.99333,-413,319,-34,-3,7,1
14.99341,-413,319,-34,-3,7,1
14.99347,-407,320,-33,-3,7,1
14.99349,-407,320,-33,-3,7,1
14.99358,-407,320,-33,-3,7,1
14.99371,-402,322,-26,-3,7,1
14.99378,-402,322,-26,-3,7,1
14.99385,-404,320,-22,-3,7,1
14.99394,-404,320,-22,-3,7,1
14.99397,-404,320,-22,-3,7,1
14.99408,-401,320,-25,-3,7,1
14.99413,-401,320,-25,-3,7,1
15.04797,-404,320,-28,-3,7,1
15.04801,-404,320,-28,-3,7,1
15.04810,-402,322,-29,-3,7,1
15.04815,-402,322,-29,-3,7,1
15.04816,-402,322,-29,-3,7,1
15.04818,-401,324,-28,-3,7,1
15.04819,-401,324,-28,-3,7,1
15.04821,-403,324,-26,-3,7,1
15.04830,-403,324,-26,-3,7,1
15.04831,-403,324,-26,-3,7,1
15.04832,-404,321,-25,-3,7,1
15.04834,-404,321,-25,-3,7,1
15.04841,-401,320,-25,-3,7,1
15.04843,-401,320,-25,-3,7,1
15.04845,-401,320,-25,-3,7,1
15.04848,-402,321,-27,-3,7,1
15.10227,-403,320,-30,-3,7,1
15.10232,-403,320,-30,-3,7,1
15.10240,-409,319,-31,-3,7,1
15.10242,-409,319,-31,-3,7,1
15.10246,-408,318,-28,-3,7,1
15.10248,-408,318,-28,-3,7,1
15.10249,-408,318,-28,-3,7,1
15.10255,-406,319,-25,-3,7,1
15.10259,-406,319,-25,-3,7,1
15.10261,-408,316,-27,-3,7,1
15.10262,-408,316,-27,-3,7,1
15.10269,-408,316,-27,-3,7,1
15.10271,-402,317,-27,-3,7,1
15.10274,-402,317,-27,-3,7,1
15.10276,-396,321,-23,-3,7,1
15.10277,-396,321,-23,-3,7,1
15.15533,-402,322,-26,-3,7,1
15.15540,-402,322,-26,-3,7,1
15.15558,-401,321,-25,-3,7,1
15.15568,-401,321,-25,-3,7,1
15.15573,-396,321,-24,-3,7,1
15.15586,-396,321,-24,-3,7,1
15.15613,-396,321,-24,-3,7,1
15.15636,-400,318,-24,-3,7,1
15.15639,-400,318,-24,-3,7,1
15.15641,-405,317,-27,-3,7,1
15.15642,-405,317,-27,-3,7,1
15.15643,-405,317,-27,-3,7,1
15.15650,-406,320,-32,-3,7,1
15.15656,-406,320,-32,-3,7,1
15.15656,-408,321,-32,-3,7,1
15.15657,-408,321,-32,-3,7,1
15.21001,-400,321,-23,-3,7,1
15.21006,-403,319,-23,-3,7,1
15.21019,-403,319,-23,-3,7,1
15.21022,-403,319,-23,-3,7,1
15.21028,-404,319,-23,-3,7,1
15.21030,-404,319,-23,-3,7,1
15.21038,-410,318,-28,-3,7,1
15.21046,-410,318,-28,-3,7,1
15.21052,-410,318,-28,-3,7,1
15.21058,-411,317,-31,-3,7,1
15.21060,-411,317,-31,-3,7,1
15.21062,-406,319,-29,-3,7,1
15.21068,-406,319,-29,-3,7,1
15.21074,-406,319,-29,-3,7,1
15.21076,-404,320,-29,-3,7,1
15.21086,-404,320,-29,-3,7,1
15.26600,-401,321,-27,-3,7,1
15.26604,-401,321,-27,-3,7,1
15.26614,-402,318,-26,-3,7,1
15.26617,-402,318,-26,-3,7,1
15.26619,-397,320,-23,-3,7,1
15.26620,-397,320,-23,-3,7,1
15.26621,-397,320,-23,-3,7,1
15.26623,-398,322,-24,-3,7,1
15.26629,-398,322,-24,-3,7,1
15.26636,-405,319,-28,-3,7,1
15.26638,-405,319,-28,-3,7,1
15.26642,-405,319,-28,-3,7,1
15.26645,-402,319,-29,-3,7,1
15.26646,-402,319,-29,-3,7,1
15.26648,-401,319,-30,-3,7,1
15.26650,-401,319,-30,-3,7,1
15.31817,-404,318,-24,-3,7,1
15.31827,-403,319,-27,-3,7,1
15.31830,-403,319,-27,-3,7,1
15.31832,-410,318,-29,-3,7,1
15.31840,-410,318,-29,-3,7,1
15.31844,-410,318,-29,-3,7,1
15.31849,-411,317,-31,-3,7,1
15.31863,-411,317,-31,-3,7,1
15.31869,-403,321,-28,-3,7,1
15.31882,-403,321,-28,-3,7,1
15.31893,-403,321,-28,-3,7,1
15.31900,-398,322,-27,-3,7,1
15.31904,-398,322,-27,-3,7,1
15.31910,-400,320,-27,-3,7,1
15.31914,-400,320,-27,-3,7,1
15.31916,-400,320,-27,-3,7,1
15.37248,-406,320,-28,-3,7,1
15.37253,-402,322,-26,-3,7,1
15.37260,-402,322,-26,-3,7,1
15.37264,-402,322,-26,-3,7,1
15.37268,-400,323,-26,-3,7,1
15.37277,-400,323,-26,-3,7,1
15.37281,-402,322,-26,-3,7,1
15.37283,-402,322,-26,-3,7,1
15.37287,-402,322,-26,-3,7,1
15.37295,-402,319,-27,-3,7,1
15.37300,-402,319,-27,-3,7,1
15.37305,-401,319,-29,-3,7,1
15.37307,-401,319,-29,-3,7,1
15.37310,-403,319,-30,-3,7,1
15.37334,-403,319,-30,-3,7,1
15.37339,-406,318,-32,-3,7,1
15.42666,-400,319,-24,-3,7,1
15.42671,-406,318,-24,-3,7,1
15.42809,-406,318,-24,-3,7,1
15.42812,-406,318,-24,-3,7,1
15.43012,-410,318,-28,-3,7,1
15.43015,-410,318,-28,-3,7,1
15.43016,-407,319,-29,-3,7,1
15.43048,-407,319,-29,-3,7,1
15.43050,-407,319,-29,-3,7,1
15.43051,-404,320,-27,-3,7,1
15.43052,-404,320,-27,-3,7,1
15.43054,-402,320,-26,-3,7,1
15.43055,-402,320,-26,-3,7,1
15.43056,-402,320,-26,-3,7,1
15.43058,-400,322,-23,-3,7,1
15.43059,-400,322,-23,-3,7,1
15.48361,-402,319,-29,-3,7,1
15.48364,-402,319,-29,-3,7,1
15.48369,-403,319,-25,-3,7,1
15.48370,-403,319,-25,-3,7,1
15.48370,-398,321,-24,-3,7,1
15.48371,-397,321,-25,-3,7,1
15.48376,-397,321,-25,-3,7,1
15.48377,-402,319,-28,-3,7,1
15.48377,-402,319,-28,-3,7,1
15.48378,-402,319,-28,-3,7,1
15.48379,-405,320,-31,-3,7,1
15.48382,-405,320,-31,-3,7,1
15.48382,-406,321,-32,-3,7,1
15.48383,-406,321,-32,-3,7,1
15.48388,-406,321,-32,-3,7,1
15.48388,-410,321,-32,-3,7,1
15.53893,-407,319,-29,-3,7,1
15.53896,-407,319,-29,-3,7,1
15.53896,-407,319,-29,-3,7,1
15.53896,-407,319,-29,-3,7,1
15.53897,-407,319,-29,-3,7,1
15.53904,-403,319,-26,-3,7,1
15.53915,-403,319,-26,-3,7,1
15.53916,-399,320,-24,-3,7,1
15.53916,-399,320,-24,-3,7,1
15.53925,-399,320,-24,-3,7,1
15.53925,-400,319,-24,-3,7,1
15.53928,-400,319,-24,-3,7,1
15.53928,-400,319,-25,-3,7,1
15.53928,-400,319,-25,-3,7,1
15.53934,-400,319,-25,-3,7,1
15.53935,-399,320,-26,-3,7,1
15.59219,-399,320,-23,-3,7,1
15.59222,-399,320,-23,-3,7,1
15.59222,-400,320,-25,-3,7,1
15.59223,-400,320,-25,-3,7,1
15.59230,-403,319,-28,-3,7,1
15.59231,-403,319,-28,-3,7,1
15.59232,-403,319,-28,-3,7,1
15.59233,-405,320,-31,-3,7,1
15.59243,-405,320,-31,-3,7,1
15.59247,-407,321,-32,-3,7,1
15.59248,-407,321,-32,-3,7,1
15.59248,-407,321,-32,-3,7,1
15.59248,-410,320,-29,-3,7,1
15.59249,-410,320,-29,-3,7,1
15.59256,-408,319,-26,-3,7,1
15.59256,-408,319,-26,-3,7,1
15.64729,-404,321,-30,-3,7,1
15.64730,-406,320,-29,-3,7,1
15.64731,-406,320,-29,-3,7,1
15.64731,-406,320,-29,-3,7,1
15.64732,-407,318,-29,-3,7,1
15.64739,-407,318,-29,-3,7,1
15.64740,-405,320,-28,-3,7,1
15.64744,-405,320,-28,-3,7,1
15.64754,-405,320,-28,-3,7,1
15.64755,-401,321,-24,-3,7,1
15.64755,-401,321,-24,-3,7,1
15.64755,-400,320,-23,-3,7,1
15.64764,-400,320,-23,-3,7,1
15.64764,-400,320,-23,-3,7,1
15.64764,-399,319,-26,-3,7,1
15.64768,-399,319,-26,-3,7,1
15.69969,-401,320,-23,-3,7,1
15.69972,-401,320,-23,-3,7,1
15.69972,-399,320,-23,-3,7,1
15.69973,-399,320,-23,-3,7,1
15.69973,-401,319,-25,-3,7,1
15.69981,-401,319,-25,-3,7,1
15.69982,-401,319,-25,-3,7,1
15.69983,-406,319,-29,-3,7,1
15.69984,-406,319,-29,-3,7,1
15.69984,-407,319,-32,-3,7,1
15.69997,-407,319,-32,-3,7,1
15.69998,-407,319,-32,-3,7,1
15.69998,-406,319,-31,-3,7,1
15.69998,-406,319,-31,-3,7,1
15.70006,-406,318,-28,-3,7,1
15.70007,-406,318,-28,-3,7,1
15.75375,-406,321,-32,-3,7,1
15.75377,-406,321,-32,-3,7,1
15.75377,-408,321,-33,-3,7,1
15.75378,-408,321,-33,-3,7,1
15.75378,-408,321,-33,-3,7,1
15.75386,-406,322,-33,-3,7,1
15.75388,-406,322,-33,-3,7,1
15.75388,-402,322,-30,-3,7,1
15.75389,-402,322,-30,-3,7,1
15.75403,-402,322,-30,-3,7,1
15.75403,-401,322,-25,-3,7,1
15.75403,-401,322,-25,-3,7,1
15.75404,-401,321,-22,-3,7,1
15.75405,-401,321,-22,-3,7,1
15.75409,-401,321,-22,-3,7,1
15.75409,-399,320,-24,-3,7,1
15.80886,-399,321,-26,-3,7,1
15.80895,-399,321,-26,-3,7,1
15.80908,-403,320,-27,-3,7,1
15.80927,-403,320,-27,-3,7,1
15.80942,-403,320,-27,-3,7,1
15.80949,-400,321,-28,-3,7,1
15.80956,-400,321,-28,-3,7,1
15.80968,-399,322,-29,-3,7,1
15.80972,-399,322,-29,-3,7,1
15.80975,-399,322,-29,-3,7,1
15.80984,-407,318,-30,-3,7,1
15.81004,-407,318,-30,-3,7,1
15.81010,-408,317,-30,-3,7,1
15.81016,-408,317,-30,-3,7,1
15.81017,-408,317,-30,-3,7,1
15.81022,-403,320,-29,-3,7,1
15.86443,-412,318,-33,-3,7,1
15.86447,-412,318,-33,-3,7,1
15.86456,-412,318,-33,-3,7,1
15.86458,-408,320,-33,-3,7,1
15.86464,-408,320,-33,-3,7,1
15.86467,-401,322,-29,-3,7,1
15.86469,-401,322,-29,-3,7,1
15.86470,-401,322,-29,-3,7,1
15.86475,-400,321,-24,-3,7,1
15.86480,-400,321,-24,-3,7,1
15.86483,-399,321,-21,-3,7,1
15.86490,-399,321,-21,-3,7,1
15.86494,-399,321,-21,-3,7,1
15.86495,-398,321,-21,-3,7,1
15.86497,-398,321,-21,-3,7,1
15.86505,-401,318,-26,-3,7,1
15.91928,-395,321,-23,-3,7,1
15.91934,-395,321,-23,-3,7,1
15.91948,-401,319,-25,-3,7,1
15.91951,-401,319,-25,-3,7,1
15.91953,-401,319,-25,-3,7,1
15.91955,-406,317,-29,-3,7,1
15.91956,-406,317,-29,-3,7,1
15.91965,-404,320,-30,-3,7,1
15.91968,-404,320,-30,-3,7,1
15.91975,-404,320,-30,-3,7,1
15.91978,-405,321,-30,-3,7,1
15.91983,-405,321,-30,-3,7,1
15.91991,-406,319,-29,-3,7,1
15.91996,-406,319,-29,-3,7,1
15.92002,-406,319,-29,-3,7,1
15.92008,-404,319,-26,-3,7,1
15.97261,-406,320,-31,-3,7,1
15.97268,-406,320,-31,-3,7,1
15.97274,-406,320,-31,-3,7,1
15.97281,-400,320,-27,-3,7,1
15.97282,-400,320,-27,-3,7,1
15.97283,-400,319,-24,-3,7,1
15.97285,-400,319,-24,-3,7,1
15.97286,-400,319,-24,-3,7,1
15.97291,-403,320,-25,-3,7,1
15.97292,-403,320,-25,-3,7,1
15.97296,-399,321,-27,-3,7,1
15.97297,-399,321,-27,-3,7,1
15.97299,-399,321,-27,-3,7,1
15.97302,-398,320,-30,-3,7,1
15.97303,-398,320,-30,-3,7,1
15.97304,-404,318,-29,-3,7,1
16.02704,-401,321,-24,-3,7,1
16.02727,-398,322,-23,-3,7,1
16.02744,-398,322,-23,-3,7,1
16.02751,-398,322,-23,-3,7,1
16.02777,-396,322,-26,-3,7,1
16.02781,-396,322,-26,-3,7,1
16.02789,-405,319,-31,-3,7,1
16.02791,-405,319,-31,-3,7,1
16.02793,-405,319,-31,-3,7,1
16.02794,-408,318,-34,-3,7,1
16.02795,-408,318,-34,-3,7,1
16.02796,-404,319,-31,-3,7,1
16.02800,-404,319,-31,-3,7,1
16.02809,-404,319,-31,-3,7,1
16.02813,-409,318,-26,-3,7,1
16.02817,-409,318,-26,-3,7,1
16.08313,-409,320,-34,-3,7,1
16.08318,-409,320,-34,-3,7,1
16.08325,-409,320,-34,-3,7,1
16.08328,-406,319,-30,-3,7,1
16.08340,-406,319,-30,-3,7,1
16.08346,-402,320,-26,-3,7,1
16.08355,-402,320,-26,-3,7,1
16.08358,-402,320,-26,-3,7,1
16.08360,-400,320,-25,-3,7,1
16.08363,-400,320,-25,-3,7,1
16.08366,-399,320,-26,-3,7,1
16.08369,-399,320,-26,-3,7,1
16.08376,-399,320,-26,-3,7,1
16.08380,-400,321,-26,-3,7,1
16.08382,-400,321,-26,-3,7,1
16.08384,-402,320,-27,-3,7,1
16.13773,-400,320,-31,-3,7,1
16.13782,-404,319,-31,-3,7,1
16.13785,-404,319,-31,-3,7,1
16.13796,-404,319,-31,-3,7,1
16.13798,-408,320,-33,-3,7,1
16.13802,-408,320,-33,-3,7,1
16.13804,-408,321,-32,-3,7,1
16.13807,-408,321,-32,-3,7,1
16.13810,-408,321,-32,-3,7,1
16.13812,-406,319,-29,-3,7,1
16.13815,-406,319,-29,-3,7,1
16.13819,-402,319,-26,-3,7,1
16.13822,-402,319,-26,-3,7,1
16.13823,-402,319,-26,-3,7,1
16.13827,-399,320,-23,-3,7,1
16.13828,-399,320,-23,-3,7,1
16.19328,-401,320,-24,-3,7,1
16.19361,-401,320,-24,-3,7,1
16.19378,-401,320,-24,-3,7,1
16.19380,-401,319,-25,-3,7,1
16.19381,-401,319,-25,-3,7,1
16.19382,-401,319,-27,-3,7,1
16.19384,-401,319,-27,-3,7,1
16.19384,-401,319,-27,-3,7,1
16.19386,-401,321,-28,-3,7,1
16.19387,-401,321,-28,-3,7,1
16.19388,-403,321,-28,-3,7,1
16.19390,-403,321,-28,-3,7,1
16.19391,-403,321,-28,-3,7,1
16.19395,-405,319,-29,-3,7,1
16.19396,-405,319,-29,-3,7,1
16.19397,-402,319,-29,-3,7,1
16.24450,-404,320,-31,-3,7,1
16.24454,-404,320,-31,-3,7,1
16.24464,-407,320,-33,-3,7,1
16.24466,-407,320,-33,-3,7,1
16.24468,-407,320,-33,-3,7,1
16.24469,-406,320,-31,-3,7,1
16.24469,-406,320,-31,-3,7,1
16.24473,-406,321,-27,-3,7,1
16.24478,-406,321,-27,-3,7,1
16.24482,-406,321,-27,-3,7,1
16.24485,-402,321,-25,-3,7,1
16.24488,-402,321,-25,-3,7,1
16.24489,-398,321,-24,-3,7,1
16.24490,-398,321,-24,-3,7,1
16.24493,-398,321,-24,-3,7,1
16.24496,-399,322,-23,-3,7,1
16.29569,-452,269,-324,-3,7,1
16.29574,-452,269,-324,-3,7,1
16.29575,-452,269,-324,-3,7,1
16.29576,-481,246,-259,-3,7,1
16.29585,-481,246,-259,-3,7,1
16.29586,-412,292,-172,-3,7,1
16.29590,-412,292,-172,-3,7,1
16.29595,-412,292,-172,-3,7,1
16.29597,-379,315,-155,-3,7,1
16.29599,-379,315,-155,-3,7,1
16.29601,-385,292,-178,-3,7,1
16.29602,-385,292,-178,-3,7,1
16.29603,-385,292,-178,-3,7,1
16.29603,-379,297,-125,-3,7,1
16.29607,-379,297,-125,-3,7,1
16.29609,-403,318,-60,-3,7,1
16.34670,-372,316,-49,-3,7,1
16.34675,-337,346,7,-3,7,1
16.34686,-337,346,7,-3,7,1
16.34688,-337,346,7,-3,7,1
16.34689,-432,297,-53,-3,7,1
16.34690,-432,297,-53,-3,7,1
16.34693,-462,266,-145,-3,7,1
16.34694,-462,266,-145,-3,7,1
16.34700,-462,266,-145,-3,7,1
16.34710,-371,296,-186,-3,7,1
16.34711,-371,296,-186,-3,7,1
16.34712,-383,287,-232,-3,7,1
16.34715,-383,287,-232,-3,7,1
16.34719,-383,287,-232,-3,7,1
16.34721,-502,248,-289,-3,7,1
16.34724,-502,248,-289,-3,7,1
16.40058,-463,296,28,-3,7,1
16.40064,-463,296,28,-3,7,1
16.40082,-437,307,8,-3,7,1
16.40088,-437,307,8,-3,7,1
16.40094,-378,330,24,-3,7,1
16.40101,-378,330,24,-3,7,1
16.40103,-378,330,24,-3,7,1
16.40109,-386,323,38,-3,7,1
16.40113,-386,323,38,-3,7,1
16.40114,-422,334,11,-3,7,1
16.40116,-422,334,11,-3,7,1
16.40118,-422,334,11,-3,7,1
16.40120,-416,334,2,-3,7,1
16.40126,-416,334,2,-3,7,1
16.40128,-361,349,74,-3,7,1
16.40131,-361,349,74,-3,7,1
16.45482,-421,305,-40,-3,7,1
16.45491,-421,305,-40,-3,7,1
16.45493,-416,330,-20,-3,7,1
16.45502,-416,330,-20,-3,7,1
16.45506,-374,345,-61,-3,7,1
16.45508,-374,345,-61,-3,7,1
16.45510,-374,345,-61,-3,7,1
16.45511,-359,332,-117,-3,7,1
16.45515,-359,332,-117,-3,7,1
16.45520,-419,302,-72,-3,7,1
16.45525,-419,302,-72,-3,7,1
16.45526,-419,302,-72,-3,7,1
16.45528,-432,296,67,-3,7,1
16.45529,-432,296,67,-3,7,1
16.45530,-396,326,135,-3,7,1
16.45531,-396,326,135,-3,7,1
16.50925,-419,306,-75,-3,7,1
16.50940,-419,306,-75,-3,7,1
16.50949,-384,317,-208,-3,7,1
16.50953,-384,317,-208,-3,7,1
16.50971,-361,333,-223,-3,7,1
16.50981,-361,333,-223,-3,7,1
16.50987,-406,314,-99,-3,7,1
16.50991,-406,314,-99,-3,7,1
16.51004,-440,310,74,-3,7,1
16.51010,-440,310,74,-3,7,1
16.51018,-440,310,74,-3,7,1
16.51070,-404,332,185,-3,7,1
16.51073,-404,332,185,-3,7,1
16.51075,-411,316,167,-3,7,1
16.51080,-411,316,167,-3,7,1
16.51083,-430,286,34,-3,7,1
17.52889,-395,299,-98,-3,6,2
17.52899,-398,316,-38,-3,6,2
17.52918,-398,316,-38,-3,6,2
17.52938,-400,321,-23,-3,6,2
17.52943,-400,321,-23,-3,6,2
17.52949,-402,320,-27,-3,6,2
17.52951,-402,320,-27,-3,6,2
17.52954,-402,320,-27,-3,6,2
17.58465,-399,321,-33,-3,6,2
17.58473,-399,321,-33,-3,6,2
17.58475,-399,322,-37,-3,6,2
17.58476,-399,322,-37,-3,6,2
17.58478,-399,322,-37,-3,6,2
17.58480,-404,320,-35,-3,6,2
17.58481,-404,320,-35,-3,6,2
17.58485,-404,320,-26,-3,6,2
17.58489,-408,318,-19,-4,0,-7
17.58497,-407,322,-30,-4,0,-7
17.58506,-407,322,-30,-4,0,-7
17.58508,-410,322,-28,-4,0,-7
17.58511,-410,322,-28,-4,0,-7
17.58513,-409,321,-23,-4,0,-7
17.58514,-409,321,-23,-4,0,-7
17.58516,-409,321,-23,-4,0,-7
17.63723,-408,319,-27,-3,-1,2
17.63728,-410,320,-27,-3,-1,2
17.63736,-410,320,-27,-3,-1,2
17.63737,-410,320,-28,-3,-1,2
17.63747,-410,320,-28,-3,-1,2
17.63749,-410,320,-28,-3,-1,2
17.63749,-407,319,-26,-3,-1,2
17.63750,-407,319,-26,-3,-1,2
17.63756,-403,319,-23,-3,-1,2
17.63757,-403,319,-23,-3,-1,2
17.63758,-403,319,-23,-3,-1,2
17.63759,-400,320,-20,-3,-1,2
17.63760,-400,320,-20,-3,-1,2
17.63761,-401,321,-20,-3,-1,2
17.63764,-401,321,-20,-3,-1,2
17.63764,-401,321,-20,7,-7,-3
17.69074,-400,319,-24,-3,-3,-4
17.69088,-403,317,-27,-3,-3,-4
17.69089,-403,317,-27,-3,-3,-4
17.69093,-402,318,-23,-3,-3,-4
17.69093,-402,318,-23,-3,-3,-4
17.69097,-402,318,-23,-3,-3,-4
17.69098,-400,321,-18,-3,-3,-4
17.69099,-400,321,-18,-3,-3,-4
17.69099,-404,320,-20,-3,-3,-4
17.69100,-404,320,-20,-3,-3,-4
17.69100,-404,320,-20,-3,-3,-4
17.69100,-404,317,-27,-3,-3,-4
17.69101,-404,317,-27,-3,-3,-4
17.69107,-396,320,-31,-3,-3,-4
17.69107,-396,320,-31,-3,-3,-4
17.74264,-397,320,-31,-1,1,4
17.74267,-400,320,-23,-1,1,4
17.74273,-400,320,-23,-1,1,4
17.74273,-400,320,-23,-1,1,4
17.74274,-401,321,-23,-1,1,4
17.74274,-401,321,-23,-1,1,4
17.74281,-407,318,-29,-3,1,2
17.74282,-403,319,-27,-3,1,2
17.74284,-403,319,-27,-3,1,2
17.74285,-401,320,-26,-3,1,2
17.74286,-401,320,-26,-3,1,2
17.74286,-400,318,-30,-3,1,2
17.74287,-400,318,-30,-3,1,2
17.74293,-400,318,-30,-3,1,2
17.74294,-400,317,-32,-3,1,2
17.74300,-400,317,-32,-3,1,2
17.79440,-410,317,-26,-2,8,1
17.79441,-406,321,-26,-2,8,1
17.79442,-406,321,-26,-2,8,1
17.79442,-407,321,-26,-2,8,1
17.79442,-407,321,-26,-2,8,1
17.79449,-407,321,-26,-2,8,1
17.79450,-406,319,-26,-2,8,1
17.79451,-406,319,-26,-2,8,1
17.79452,-401,322,-26,-2,8,1
17.79453,-401,322,-26,-2,8,1
17.79464,-401,322,-26,-2,8,1
17.79470,-400,323,-28,-2,8,1
17.79470,-400,323,-28,-2,8,1
17.79478,-403,321,-30,-2,8,1
17.79479,-403,321,-30,-2,8,1
17.79479,-403,319,-28,3,-3,-1
17.84705,-405,319,-25,-3,1,2
17.84707,-409,319,-27,-3,1,2
17.84708,-409,319,-27,-3,1,2
17.84716,-403,320,-26,-3,1,2
17.84717,-403,320,-26,-3,1,2
17.84719,-403,320,-26,-3,1,2
17.84734,-397,322,-23,-3,1,2
17.84744,-397,322,-23,-3,1,2
17.84746,-401,321,-23,-3,1,2
17.84754,-401,321,-23,-3,1,2
17.84757,-401,321,-23,-3,1,2
17.84757,-404,321,-26,-3,1,2
17.84758,-404,321,-26,-3,1,2
17.84759,-400,322,-30,-3,1,2
17.84763,-400,322,-30,-3,1,2
17.90110,-400,322,-33,4,-7,0
17.90112,-404,321,-30,4,-7,0
17.90112,-404,321,-30,4,-7,0
17.90118,-403,322,-24,4,-7,0
17.90119,-403,322,-24,4,-7,0
17.90120,-404,322,-21,4,-7,0
17.90123,-404,322,-21,-2,2,-5
17.90128,-402,320,-21,-2,2,-5
17.90128,-402,320,-21,-2,2,-5
17.90129,-401,318,-23,-2,2,-5
17.90129,-401,318,-23,-2,2,-5
17.90136,-401,318,-23,-2,2,-5
17.90136,-399,319,-26,-2,2,-5
17.90143,-399,319,-26,-2,2,-5
17.90144,-401,319,-28,-2,2,-5
17.90145,-401,319,-28,-2,2,-5
17.95197,-404,321,-28,1,1,0
17.95201,-404,322,-27,1,1,0
17.95209,-404,322,-27,1,1,0
17.95215,-405,320,-28,1,1,0
17.95220,-405,320,-28,1,1,0
17.95224,-405,320,-28,1,1,0
17.95226,-405,319,-27,1,1,0
17.95231,-405,319,-27,1,1,0
17.95234,-402,321,-25,1,1,0
17.95236,-402,321,-25,1,1,0
17.95239,-402,321,-25,1,1,0
17.95240,-401,322,-26,1,1,0
17.95241,-401,322,-26,1,1,0
17.95244,-404,320,-28,1,1,0
17.95246,-404,320,-28,1,1,0
17.95248,-402,320,-30,2,2,2
18.00735,-400,320,-29,3,-2,2
18.00741,-403,322,-27,3,-2,2
18.00761,-403,322,-27,3,-2,2
18.00768,-402,320,-30,3,-2,2
18.00780,-402,320,-30,3,-2,2
18.00784,-402,320,-29,3,-2,2
18.00789,-402,320,-29,3,-2,2
18.00802,-402,320,-29,3,-2,2
18.00807,-402,322,-25,3,-2,2
18.00846,-402,322,-25,3,-2,2
18.00853,-402,321,-26,3,-2,2
18.00856,-402,321,-26,3,-2,2
18.00871,-402,321,-26,3,-2,2
18.00880,-403,319,-28,3,-2,2
18.00891,-403,319,-28,3,-2,2
18.06168,-402,318,-28,2,-6,0
18.06179,-397,324,-20,-3,14,2
18.06188,-401,322,-21,-3,14,2
18.06191,-401,322,-21,-3,14,2
18.06193,-401,323,-21,-3,14,2
18.06196,-401,323,-21,-3,14,2
18.06206,-401,323,-21,-3,14,2
18.06207,-400,322,-25,-3,14,2
18.06209,-400,322,-25,-3,14,2
18.06213,-401,319,-30,-3,14,2
18.06219,-401,319,-30,-3,14,2
18.06224,-401,319,-30,-3,14,2
18.06227,-402,319,-33,-3,14,2
18.06228,-402,319,-33,-3,14,2
18.06229,-401,320,-31,-3,14,2
18.06232,-401,320,-31,-3,14,2
18.11714,-402,321,-28,-2,-1,1
18.11722,-405,319,-27,-2,-1,1
18.11733,-405,319,-27,-2,-1,1
18.11735,-403,320,-25,-2,-1,1
18.11737,-403,320,-25,-2,-1,1
18.11744,-403,320,-25,-2,-1,1
18.11746,-409,320,-23,-2,-1,1
18.11755,-409,320,-23,-2,-1,1
18.11757,-409,318,-25,-2,-1,1
18.11758,-409,318,-25,-2,-1,1
18.11759,-409,318,-25,-2,-1,1
18.11761,-400,319,-27,-2,-1,1
18.11768,-400,319,-27,-2,-1,1
18.11772,-399,320,-27,-2,-1,1
18.11774,-399,320,-27,-2,-1,1
18.11775,-399,320,-27,-2,-1,1
18.16870,-408,320,-28,-1,0,7
18.16902,-402,321,-26,-1,0,7
18.16922,-402,321,-26,-1,0,7
18.16956,-397,322,-28,-1,0,7
18.16966,-397,322,-28,-1,0,7
18.16980,-397,322,-28,-1,0,7
18.16986,-400,321,-33,-1,0,7
18.16998,-400,321,-33,-1,0,7
18.17006,-403,320,-33,-1,0,7
18.17013,-403,320,-33,-1,0,7
18.17028,-401,321,-29,-1,0,7
18.17035,-401,321,-29,-1,0,7
18.17037,-401,321,-29,-1,0,7
18.17049,-397,320,-28,-1,0,7
18.17054,-397,320,-28,-1,0,7
18.22479,-398,318,-26,-2,1,-1
18.22493,-404,320,-27,-7,8,7
18.22501,-396,323,-31,-7,8,7
18.22504,-396,323,-31,-7,8,7
18.22515,-395,324,-29,-7,8,7
18.22523,-395,324,-29,-7,8,7
18.22528,-395,324,-29,-7,8,7
18.22531,-402,319,-28,-7,8,7
18.22533,-402,319,-28,-7,8,7
18.22549,-402,319,-26,-7,8,7
18.22554,-402,319,-26,-7,8,7
18.22557,-402,319,-26,-7,8,7
18.22560,-399,322,-25,-7,8,7
18.22574,-399,322,-25,-7,8,7
18.22587,-402,320,-29,-7,8,7
18.22588,-402,320,-29,-7,8,7
18.27715,-403,318,-25,-2,1,0
18.27723,-403,318,-25,-2,1,0
18.27736,-403,319,-26,3,0,4
18.27743,-401,318,-28,3,0,4
18.27754,-401,318,-28,3,0,4
18.27757,-400,318,-28,3,0,4
18.27772,-400,318,-28,3,0,4
18.27776,-400,318,-28,3,0,4
18.27778,-404,319,-30,3,0,4
18.27780,-404,319,-30,3,0,4
18.27793,-406,320,-30,3,0,4
18.27804,-406,320,-30,3,0,4
18.27815,-406,320,-30,3,0,4
18.27821,-402,321,-27,3,0,4
18.27834,-402,321,-27,3,0,4
18.27836,-404,320,-24,3,0,4
18.33108,-407,318,-25,-7,0,-1
18.33113,-410,319,-24,-7,0,-1
18.33130,-410,319,-24,-7,0,-1
18.33138,-407,320,-25,-7,0,-1
18.33149,-407,320,-25,-7,0,-1
18.33153,-407,320,-25,-7,0,-1
18.33155,-399,322,-28,-7,0,-1
18.33157,-399,322,-28,-7,0,-1
18.33158,-399,322,-30,-7,0,-1
18.33160,-399,322,-30,-7,0,-1
18.33172,-399,322,-30,-7,0,-1
18.33174,-403,319,-30,-7,0,-1
18.33183,-403,319,-30,0,-1,0
18.33189,-401,319,-32,0,-1,0
18.33191,-401,319,-32,0,-1,0
18.33192,-401,318,-27,0,-1,0
18.38252,-406,320,-26,4,0,-1
18.38259,-403,319,-30,4,0,-1
18.38262,-403,319,-30,4,0,-1
18.38265,-401,319,-31,4,0,-1
18.38276,-401,319,-31,4,0,-1
18.38279,-401,319,-31,4,0,-1
18.38282,-400,320,-29,4,0,-1
18.38284,-400,320,-29,4,0,-1
18.38287,-400,319,-27,4,0,-1
18.38288,-400,319,-27,4,0,-1
18.38299,-400,319,-27,4,0,-1
18.38301,-401,318,-27,3,-2,0
18.38303,-402,319,-25,3,-2,0
18.38306,-402,319,-25,3,-2,0
18.38312,-409,318,-27,3,-2,0
18.38317,-409,318,-27,3,-2,0
18.43336,-401,322,-27,-7,4,0
18.43342,-398,322,-27,-7,4,0
18.43344,-398,322,-27,-7,4,0
18.43345,-403,319,-27,-7,4,0
18.43347,-403,319,-27,-7,4,0
18.43348,-403,319,-27,-7,4,0
18.43353,-404,318,-28,-7,4,0
18.43354,-404,318,-28,-7,4,0
18.43355,-401,319,-30,-7,4,0
18.43356,-401,319,-30,-7,4,0
18.48557,-404,318,-30,3,-6,-1
18.48562,-404,319,-28,3,-6,-1
18.48573,-404,319,-28,3,-6,-1
18.48577,-406,319,-25,3,-6,-1
18.48580,-406,319,-25,3,-6,-1
18.48584,-406,319,-25,3,-6,-1
18.48590,-402,322,-22,3,-6,-1
18.48592,-402,322,-22,3,-6,-1
18.48593,-398,322,-22,3,-6,-1
18.48597,-398,322,-22,3,-6,-1
18.48604,-400,320,-27,7,-4,-4
18.48607,-402,320,-31,7,-4,-4
18.48608,-402,320,-31,7,-4,-4
18.48615,-402,320,-31,7,-4,-4
18.48618,-402,320,-31,7,-4,-4
18.48621,-402,320,-31,7,-4,-4
18.53747,-407,321,-26,66,-22,18
18.53754,-388,338,-37,66,-22,18
18.53762,-388,338,-37,66,-22,18
18.53770,-397,344,-51,66,-22,18
18.53773,-397,344,-51,66,-22,18
18.53776,-397,344,-51,66,-22,18
18.53780,-421,329,-94,66,-22,18
18.53788,-421,329,-94,66,-22,18
18.53794,-414,322,-131,66,-22,18
18.53797,-414,322,-131,66,-22,18
18.53808,-414,322,-131,66,-22,18
18.59239,-376,337,-75,16,-2,-77
18.59249,-429,338,76,16,-2,-77
18.59265,-429,338,76,16,-2,-77
18.59266,-433,310,60,16,-2,-77
18.59268,-433,310,60,16,-2,-77
18.59269,-462,330,29,-282,297,-10
18.59271,-399,364,651,-282,297,-10
18.59272,-399,364,651,-282,297,-10
18.59282,-428,339,698,-282,297,-10
18.59287,-428,339,698,-282,297,-10
18.59290,-428,339,698,-282,297,-10
18.59293,-466,311,278,-282,297,-10
18.59302,-466,311,278,-282,297,-10
18.59308,-377,332,-257,-282,297,-10
18.59313,-377,332,-257,-282,297,-10
18.59318,-377,332,-257,-282,297,-10
18.64522,-326,361,-580,340,-283,4
18.64528,-399,291,-488,340,-283,4
18.64545,-399,291,-488,340,-283,4
18.64554,-404,295,-653,340,-283,4
18.64561,-404,295,-653,340,-283,4
18.64564,-404,295,-653,340,-283,4
18.64566,-360,341,-599,340,-283,4
18.64571,-360,341,-599,340,-283,4
18.64579,-349,348,-265,340,-283,4
18.64581,-349,348,-265,340,-283,4
18.64585,-406,324,187,75,-24,19
18.64587,-390,303,-85,75,-24,19
18.64596,-390,303,-85,75,-24,19
18.64597,-399,300,-155,75,-24,19
18.64599,-399,300,-155,75,-24,19
18.64604,-399,300,-155,75,-24,19
18.69987,-411,324,-4,-27,-5,-29
18.69992,-409,321,306,-27,-5,-29
18.69994,-409,321,306,-27,-5,-29
18.70009,-441,311,268,-27,-5,-29
18.70012,-441,311,268,-27,-5,-29
18.70017,-441,311,268,-27,-5,-29
18.70025,-378,335,87,-27,-5,-29
18.70029,-378,335,87,-27,-5,-29
18.70030,-358,360,-49,-27,-5,-29
18.70031,-358,360,-49,-27,-5,-29
18.70032,-397,345,-96,-257,263,-22
18.70036,-420,309,-33,-257,263,-22
18.70040,-420,309,-33,-257,263,-22
18.70045,-375,315,70,-257,263,-22
18.70046,-375,315,70,-257,263,-22
18.70047,-375,315,70,-257,263,-22
18.75126,-387,364,-53,29,-35,1
18.75131,-365,341,-38,29,-35,1
18.75142,-365,341,-38,29,-35,1
18.75145,-389,298,-51,29,-35,1
18.75149,-389,298,-51,29,-35,1
18.75156,-389,298,-51,29,-35,1
18.75161,-441,288,-96,29,-35,1
18.75165,-441,288,-96,29,-35,1
18.75169,-423,298,-192,29,-35,1
18.75171,-423,298,-192,29,-35,1
18.75176,-423,298,-192,29,-35,1
18.80323,-418,312,-257,-124,101,33
18.80334,-364,347,-32,-124,101,33
18.80345,-364,347,-32,-124,101,33
18.80349,-381,327,135,-124,101,33
18.80351,-381,327,135,-124,101,33
18.80360,-381,327,135,-124,101,33
18.80365,-422,298,200,-124,101,33
18.80371,-422,298,200,-124,101,33
18.80381,-446,309,130,-124,101,33
18.80384,-446,309,130,-124,101,33
18.80386,-446,309,130,-124,101,33
18.80395,-425,337,-40,-33,45,-37
18.80397,-407,337,-371,-33,45,-37
18.80404,-407,337,-371,-33,45,-37
18.80406,-361,332,-303,-33,45,-37
18.80414,-361,332,-303,-33,45,-37
18.85916,-483,278,218,-166,123,-9
18.85921,-378,329,241,-166,123,-9
18.85934,-378,329,241,-166,123,-9
18.85939,-392,319,275,-166,123,-9
18.85950,-392,319,275,-166,123,-9
18.85959,-392,319,275,-166,123,-9
18.85962,-443,294,142,-166,123,-9
18.85967,-443,294,142,-166,123,-9
18.85968,-426,282,-102,-166,123,-9
18.85993,-426,282,-102,-166,123,-9
18.85999,-426,282,-102,-166,123,-9
18.91462,-417,291,-320,210,-149,11
18.91472,-426,312,-79,210,-149,11
18.91476,-426,312,-79,210,-149,11
18.91483,-396,334,-177,210,-149,11
18.91488,-396,334,-177,210,-149,11
18.91493,-392,335,96,239,-165,-4
18.91496,-405,323,-322,239,-165,-4
18.91498,-405,323,-322,239,-165,-4
18.91506,-388,339,-484,239,-165,-4
18.91511,-388,339,-484,239,-165,-4
18.91513,-388,339,-484,239,-165,-4
18.91516,-354,344,-293,239,-165,-4
18.91517,-354,344,-293,239,-165,-4
18.91529,-357,332,125,239,-165,-4
18.91533,-357,332,125,239,-165,-4
18.91535,-441,291,430,239,-165,-4
18.96561,-400,289,-137,123,-96,-11
18.96565,-430,304,263,123,-96,-11
18.96571,-430,304,263,123,-96,-11
18.96578,-455,309,154,123,-96,-11
18.96580,-455,309,154,123,-96,-11
18.96586,-455,309,154,123,-96,-11
18.96587,-414,324,-120,123,-96,-11
18.96590,-414,324,-120,123,-96,-11
18.96591,-359,350,-269,123,-96,-11
18.96593,-359,350,-269,123,-96,-11
18.96596,-359,350,-269,123,-96,-11
19.01793,-366,341,-207,154,-167,32
19.01797,-394,277,-67,154,-167,32
19.01804,-394,277,-67,154,-167,32
19.01813,-391,307,-133,154,-167,32
19.01814,-391,307,-133,154,-167,32
19.01816,-391,307,-133,154,-167,32
19.01817,-409,345,-203,154,-167,32
19.01827,-409,345,-203,154,-167,32
19.01829,-359,371,-156,154,-167,32
19.01831,-359,371,-156,154,-167,32
19.01843,-359,371,-156,154,-167,32
19.01845,-312,378,40,14,13,-24
19.01846,-415,297,-35,14,13,-24
19.01847,-415,297,-35,14,13,-24
19.01848,-479,269,-104,14,13,-24
19.01849,-479,269,-104,14,13,-24
19.06875,-428,318,-240,-181,160,-58
19.06897,-416,330,225,-181,160,-58
19.06900,-416,330,225,-181,160,-58
19.06910,-453,314,307,-181,160,-58
19.06917,-453,314,307,-181,160,-58
19.06925,-453,314,307,-181,160,-58
19.06932,-441,303,134,-181,160,-58
19.06937,-441,303,134,-181,160,-58
19.06943,-387,325,-73,-181,160,-58
19.06947,-387,325,-73,-181,160,-58
19.06949,-387,325,-73,-181,160,-58
19.06951,-336,358,-196,-312,197,-44
19.06961,-381,300,-158,-312,197,-44
19.06975,-381,300,-158,-312,197,-44
19.06979,-407,313,72,-312,197,-44
19.06981,-407,313,72,-312,197,-44
19.12107,-425,326,-100,-141,42,-51
19.12113,-436,259,-284,-141,42,-51
19.12120,-436,259,-284,-141,42,-51
19.12126,-427,267,-231,-141,42,-51
19.12130,-427,267,-231,-141,42,-51
19.12133,-427,267,-231,-141,42,-51
19.12135,-430,284,-120,-141,42,-51
19.12139,-430,284,-120,-141,42,-51
19.12141,-472,251,-110,-141,42,-51
19.12145,-472,251,-110,-141,42,-51
19.17344,-461,261,-196,110,-58,-18
19.17348,-455,278,-143,110,-58,-18
19.17356,-455,278,-143,110,-58,-18
19.17358,-411,312,-208,110,-58,-18
19.17362,-411,312,-208,110,-58,-18
19.17367,-411,312,-208,110,-58,-18
19.17370,-380,293,-266,110,-58,-18
19.17371,-380,293,-266,110,-58,-18
19.17372,-428,251,-273,110,-58,-18
19.17375,-428,251,-273,110,-58,-18
19.17378,-466,257,-242,-135,155,-60
19.17381,-401,308,-48,-135,155,-60
19.17385,-401,308,-48,-135,155,-60
19.17388,-453,293,4,-135,155,-60
19.17389,-453,293,4,-135,155,-60
19.17390,-453,293,4,-135,155,-60
19.22591,-372,339,-191,-96,81,-8
19.22614,-399,315,-75,-96,81,-8
19.22619,-399,315,-75,-96,81,-8
19.22622,-419,314,32,-96,81,-8
19.22635,-419,314,32,-96,81,-8
19.22639,-419,314,32,-96,81,-8
19.22675,-425,302,58,-96,81,-8
19.22696,-425,302,58,-96,81,-8
19.22713,-424,294,7,-96,81,-8
19.22735,-424,294,7,-96,81,-8
19.22754,-424,294,7,-96,81,-8
19.28167,-420,309,-66,-69,62,-13
19.28172,-406,317,-63,-69,62,-13
19.28181,-406,317,-63,-69,62,-13
19.28183,-433,301,-19,-69,62,-13
19.28189,-433,301,-19,-69,62,-13
19.28191,-366,337,-7,-15,21,-2
19.28193,-383,331,-25,-15,21,-2
19.28195,-383,331,-25,-15,21,-2
19.28196,-393,328,-31,-15,21,-2
19.28199,-393,328,-31,-15,21,-2
19.28201,-393,328,-31,-15,21,-2
19.28203,-388,328,-26,-15,21,-2
19.28209,-388,328,-26,-15,21,-2
19.28215,-385,329,-15,-15,21,-2
19.28216,-385,329,-15,-15,21,-2
19.33315,-404,324,-17,19,-5,5
19.33325,-396,322,-24,19,-5,5
19.33335,-396,322,-24,19,-5,5
19.33348,-398,322,-24,19,-5,5
19.33351,-398,322,-24,19,-5,5
19.33352,-398,322,-24,19,-5,5
19.33353,-403,319,-29,19,-5,5
19.33354,-403,319,-29,19,-5,5
19.33355,-399,317,-33,19,-5,5
19.33371,-399,317,-33,19,-5,5
19.33373,-399,317,-33,-8,4,0
19.33375,-405,314,-32,-8,4,0
19.33376,-405,314,-32,-8,4,0
19.33379,-410,317,-34,-8,4,0
19.33384,-410,317,-34,-8,4,0
19.33391,-410,317,-34,-8,4,0
19.38795,-400,319,-26,13,-12,5
19.38816,-401,319,-27,13,-12,5
19.38821,-401,319,-27,13,-12,5
19.38824,-399,321,-26,13,-12,5
19.38832,-399,321,-26,13,-12,5
19.38836,-399,321,-26,13,-12,5
19.38838,-400,320,-26,13,-12,5
19.38850,-400,320,-26,13,-12,5
19.38856,-402,317,-29,13,-12,5
19.38858,-402,317,-29,13,-12,5
19.44052,-402,318,-31,-10,10,-8
19.44057,-405,318,-31,-10,10,-8
19.44072,-405,318,-31,-10,10,-8
19.44076,-402,321,-26,-10,10,-8
19.44080,-402,321,-26,-10,10,-8
19.44091,-402,321,-26,-10,10,-8
19.44094,-404,318,-23,7,3,-3
19.44096,-399,320,-20,7,3,-3
19.44098,-399,320,-20,7,3,-3
19.44106,-401,318,-24,7,3,-3
19.44108,-401,318,-24,7,3,-3
19.44116,-401,318,-24,7,3,-3
19.44117,-405,316,-27,7,3,-3
19.44120,-405,316,-27,7,3,-3
19.44122,-409,317,-28,7,3,-3
19.44125,-409,317,-28,7,3,-3
19.49243,-405,317,-32,-4,2,-5
19.49255,-405,317,-32,-4,2,-5
19.49274,-400,321,-28,-4,2,-5
19.49277,-400,321,-28,-4,2,-5
19.49278,-398,322,-24,-4,2,-5
19.49313,-398,322,-24,-4,2,-5
19.49325,-398,322,-24,-4,2,-5
19.49330,-400,322,-23,6,0,1
19.49341,-403,320,-27,6,0,1
19.49343,-403,320,-27,6,0,1
19.49345,-405,320,-27,6,0,1
19.49353,-405,320,-27,6,0,1
19.49363,-409,320,-29,6,0,1
19.49366,-409,320,-29,6,0,1
19.49407,-409,320,-29,6,0,1
19.49411,-410,319,-31,6,0,1
19.54795,-404,319,-29,-6,-2,2
19.54803,-399,320,-29,-6,-2,2
19.54810,-399,320,-29,-6,-2,2
19.54814,-396,320,-30,-6,-2,2
19.54815,-396,320,-30,-6,-2,2
19.54819,-396,320,-30,-6,-2,2
19.54823,-395,320,-24,-6,-2,2
19.54826,-395,320,-24,-6,-2,2
19.54830,-401,318,-19,-6,-2,2
19.54831,-401,318,-19,-6,-2,2
19.54833,-408,315,-23,10,-3,-2
19.54834,-408,317,-25,10,-3,-2
19.54845,-408,317,-25,10,-3,-2
19.54848,-411,317,-29,10,-3,-2
19.54850,-411,317,-29,10,-3,-2
19.54851,-411,317,-29,10,-3,-2
19.59925,-401,322,-30,-5,4,1
19.59929,-400,318,-28,-5,4,1
19.59933,-400,318,-28,-5,4,1
19.59935,-399,318,-28,-5,4,1
19.59936,-399,318,-28,-5,4,1
19.59948,-399,318,-28,-5,4,1
19.59954,-404,318,-29,-5,4,1
19.59960,-404,318,-29,-5,4,1
19.59965,-407,319,-30,-5,4,1
19.59966,-407,319,-30,-5,4,1
19.59968,-407,319,-30,-5,4,1
19.59976,-405,321,-30,1,4,-1
19.65121,-409,318,-28,1,4,-1
19.65126,-409,318,-28,1,4,-1
19.65132,-405,318,-25,1,4,-1
19.65134,-405,318,-25,1,4,-1
19.65142,-399,321,-24,1,4,-1
19.65146,-399,321,-24,1,4,-1
19.65148,-399,321,-24,1,4,-1
19.65149,-397,321,-26,1,-3,1
19.65151,-400,320,-29,1,-3,1
19.65157,-400,320,-29,1,-3,1
19.65158,-403,320,-27,1,-3,1
19.65159,-403,320,-27,1,-3,1
19.65163,-403,320,-27,1,-3,1
19.65164,-408,318,-27,1,-3,1
19.65167,-408,318,-27,1,-3,1
19.65171,-406,318,-28,1,-3,1
19.70430,-403,319,-29,-6,5,5
19.70437,-396,320,-29,-6,5,5
19.70448,-396,320,-29,-6,5,5
19.70452,-397,321,-29,-6,5,5
19.70455,-397,321,-29,-6,5,5
19.70457,-397,321,-29,-6,5,5
19.70461,-403,320,-28,-6,5,5
19.70467,-403,320,-28,-6,5,5
19.70477,-402,320,-27,-6,5,5
19.70480,-402,320,-27,-6,5,5
19.70483,-399,321,-27,-3,5,0
19.70487,-406,320,-29,-3,5,0
19.70492,-406,320,-29,-3,5,0
19.70503,-408,318,-29,-3,5,0
19.70506,-408,318,-29,-3,5,0
19.75577,-408,318,-29,-3,5,0
19.75579,-400,323,-25,-5,2,-1
19.75579,-398,323,-23,-5,2,-1
19.75583,-398,323,-23,-5,2,-1
19.75584,-400,321,-23,-5,2,-1
19.75589,-400,321,-23,-5,2,-1
19.75589,-400,321,-23,-5,2,-1
19.75589,-399,321,-26,-5,2,-1
19.75590,-399,321,-26,-5,2,-1
19.75590,-400,322,-26,-5,2,-1
19.75590,-400,322,-26,-5,2,-1
19.75591,-407,321,-27,-12,6,5
19.75591,-404,320,-28,-12,6,5
19.75591,-404,320,-28,-12,6,5
19.75592,-407,317,-27,-12,6,5
19.75595,-407,317,-27,-12,6,5
19.80652,-400,321,-25,-12,6,5
19.80654,-400,321,-25,-12,6,5
19.80660,-404,320,-27,4,-9,-5
19.80661,-409,317,-26,2,3,2
19.80661,-405,319,-29,-3,5,6
19.80662,-405,319,-29,3,0,0
19.80668,-400,319,-23,11,-4,1
19.80670,-400,321,-25,0,-4,-2
19.80675,-406,317,-31,2,-1,3
19.80675,-408,320,-28,-3,0,0
19.80677,-403,320,-25,3,-2,-1
19.80681,-401,319,-27,5,-5,1
19.80682,-401,319,-27,3,-2,2
19.80683,-402,319,-27,0,0,1
19.80684,-400,323,-29,-9,5,-2
19.85816,-400,323,-29,-2,0,3
19.85819,-402,320,-21,1,-5,0
19.85819,-405,320,-29,-1,3,2
19.85820,-405,320,-29,-4,5,-1
19.85827,-403,322,-24,-5,2,5
19.85832,-399,322,-25,3,0,-1
19.85840,-399,322,-25,2,0,3
19.85847,-399,322,-25,-3,5,4
19.85847,-402,321,-27,-7,11,4
19.85848,-397,319,-25,4,-2,-1
19.85848,-402,322,-26,-7,5,-3
19.85854,-400,321,-30,4,-8,-1
19.85855,-400,319,-26,2,-3,0
19.85856,-405,320,-27,1,-3,1
19.91079,-404,320,-29,1,-4,1
19.91081,-403,320,-29,-1,-4,1
19.91087,-405,320,-27,-7,4,4
19.91091,-400,321,-27,4,2,3
19.91097,-400,321,-28,1,-1,-1
19.91097,-400,321,-28,0,7,1
19.91098,-403,321,-29,-3,1,-6
19.91100,-402,318,-28,0,4,-3
19.91101,-397,320,-27,0,2,3
19.91101,-397,320,-27,2,-1,-3
19.91102,-407,317,-28,-2,0,3
19.91108,-400,319,-26,-5,3,1
19.91108,-400,319,-26,3,0,-1
19.91110,-401,320,-27,7,-9,-3
19.91110,-401,321,-26,1,3,3
19.91110,-405,318,-31,-4,-2,-4
19.96379,-407,321,-30,-7,6,3
19.96381,-402,321,-25,1,2,0
19.96381,-402,321,-25,5,0,-1
19.96386,-401,321,-26,5,-6,-3
19.96387,-401,322,-27,-5,3,0
19.96388,-401,322,-27,-3,3,3
19.96389,-397,321,-24,-1,1,-3
19.96403,-399,321,-26,-1,3,0
19.96403,-399,321,-26,5,1,-2
19.96405,-404,319,-28,-2,2,2
19.96411,-404,319,-28,-5,4,-1
19.96411,-398,321,-27,6,-3,-2
19.96412,-402,321,-28,-6,1,1
19.96414,-403,319,-26,0,-1,-1
19.96414,-400,320,-26,2,2,-3
19.96416,-404,318,-30,1,0,2
20.01484,-405,321,-27,0,-5,0
20.01486,-407,319,-30,-6,4,1
20.01486,-401,320,-27,-3,3,0
20.01486,-401,320,-27,4,-2,-1
20.01494,-401,319,-28,2,-1,3
20.01495,-402,319,-31,-4,1,-7
20.01497,-410,320,-30,-4,2,3
20.01508,-402,321,-27,-4,4,0
20.01508,-402,321,-27,3,-2,-2
20.01509,-402,320,-24,4,-4,-2
20.01509,-404,319,-26,-2,3,-2
20.01509,-408,318,-30,-6,2,-1
20.01509,-403,319,-25,1,-5,0
20.01510,-400,320,-26,-1,1,0
20.01517,-402,320,-25,-1,3,1
20.01518,-400,320,-27,2,-1,-2
20.06659,-401,321,-26,1,-3,-4
20.06661,-408,319,-28,-6,2,-3
20.06662,-406,319,-30,-2,7,0
20.06672,-402,323,-26,5,-5,1
20.06681,-398,319,-24,3,-1,-2
20.06691,-404,319,-28,0,0,-1
20.06701,-404,319,-28,-4,-1,-2
20.06703,-404,320,-25,-1,2,-1
20.06703,-401,321,-25,2,-3,2
20.06712,-399,320,-26,3,-2,-1
20.06713,-410,318,-29,-1,-2,2
20.06715,-410,318,-29,-9,6,-4
20.06723,-402,320,-30,-3,2,-1
20.06732,-402,320,-25,3,-2,-6
20.06733,-400,320,-24,4,-3,3
20.06734,-400,320,-24,-8,5,1
20.11889,-404,319,-28,-3,3,3
20.11893,-406,317,-27,-2,5,-2
20.11904,-401,318,-25,6,0,1
20.11908,-401,318,-25,7,-3,-4
20.11910,-406,320,-30,-4,1,2
20.11911,-408,319,-32,-6,7,-1
20.11918,-402,320,-24,2,1,3
20.11921,-402,320,-24,3,-4,1
20.11925,-399,321,-26,4,1,1
20.11927,-407,320,-29,-2,1,-1
20.11929,-400,321,-28,-5,0,5
20.11933,-400,321,-28,-1,8,0
20.11934,-401,320,-26,0,-3,-1
20.11940,-401,321,-25,0,-1,4
20.11943,-402,320,-27,-2,6,0
20.11947,-399,320,-25,-4,2,-2
20.17187,-403,321,-25,4,-1,-2
20.17194,-403,320,-25,2,0,0
20.17195,-407,320,-25,-5,-1,2
20.17201,-407,320,-25,-2,6,0
20.17205,-403,319,-26,6,-3,-2
20.17207,-403,318,-25,-5,-1,-1
20.17208,-403,318,-25,0,3,5
20.17221,-399,320,-25,7,1,0
20.17225,-399,321,-27,4,2,4
20.17227,-402,321,-30,-7,9,0
20.17230,-396,321,-25,5,7,0
20.17232,-401,320,-26,2,3,5
20.17245,-399,321,-25,-6,4,3
20.17249,-399,321,-25,3,0,2
20.22307,-397,321,-27,1,1,6
20.22311,-404,319,-27,-7,4,-1
20.22316,-402,320,-28,-1,0,-1
20.22318,-402,321,-24,2,1,0
20.22325,-409,318,-30,8,-4,0
20.22326,-409,318,-30,-2,-1,-6
20.22330,-407,320,-33,-7,7,3
20.22331,-404,320,-24,4,1,-2
20.22333,-404,320,-24,4,-5,-7
20.22334,-401,322,-26,-6,0,6
20.22340,-406,319,-25,2,1,-3
20.22341,-406,319,-25,-3,8,2
20.22343,-399,320,-28,1,5,1
20.22345,-398,321,-25,5,-9,-3
20.22347,-398,321,-25,-2,2,4
20.22349,-403,319,-29,-6,5,-1
20.27425,-405,320,-29,2,6,1
20.27434,-402,319,-28,2,-2,4
20.27436,-404,319,-27,-9,9,3
20.27438,-403,322,-26,5,2,-2
20.27440,-403,321,-26,2,-4,-1
20.27451,-405,321,-26,-7,6,-2
20.27454,-405,320,-31,7,0,1
20.27455,-401,322,-28,3,-4,-1
20.27456,-410,320,-30,0,-3,-2
20.27458,-410,320,-30,-5,0,1
20.32707,-402,320,-30,-1,7,3
20.32736,-397,320,-24,3,2,-4
20.32744,-397,320,-24,6,-7,-1
20.32766,-397,319,-26,3,-2,1
20.32768,-402,318,-27,-8,5,-2
20.32771,-402,318,-27,0,0,0
20.32785,-403,320,-24,-1,0,2
20.32789,-400,318,-27,2,4,-4
20.32806,-400,318,-27,0,-5,0
20.32810,-406,318,-27,0,0,-2
20.32817,-403,319,-29,-4,7,1
20.32819,-403,319,-29,1,3,-1
20.32820,-400,320,-24,5,-1,-5
20.32821,-407,319,-30,5,-6,-2
20.32826,-407,319,-30,-3,1,-2
20.32836,-407,320,-31,-6,6,-1
20.37981,-398,320,-25,2,1,2
20.37984,-404,317,-31,-4,0,1
20.37986,-406,318,-28,-3,3,-1
20.37987,-403,321,-27,-1,3,2
20.37990,-397,320,-25,1,-1,-4
20.37991,-406,320,-30,6,-5,-1
20.38003,-406,320,-30,-4,5,-1
20.38006,-406,320,-29,-4,6,-2
20.38007,-399,321,-25,2,1,0
20.38010,-399,321,-25,11,-3,0
20.38011,-403,321,-29,-6,3,0
20.38013,-405,320,-25,0,0,0
20.38015,-398,321,-25,7,-1,-3
20.38017,-403,318,-27,3,-2,-1
20.38023,-407,319,-27,0,-4,6
20.38025,-407,319,-27,-2,2,0
20.43097,-404,318,-28,-8,5,1
20.43102,-404,318,-28,0,2,-1
20.43109,-401,322,-26,3,-1,-2
20.43111,-408,318,-28,6,-1,0
20.43115,-408,318,-28,-6,3,2
20.43122,-407,319,-28,-4,4,-2
20.43124,-407,319,-28,-7,5,1
20.43130,-404,320,-27,-1,2,2
20.43134,-399,320,-24,6,-7,-1
20.43139,-406,319,-29,1,3,1
20.43141,-406,319,-29,-6,4,0
20.43144,-404,319,-28,0,0,0
20.43145,-399,321,-24,-4,2,-1
20.43147,-403,319,-29,5,-5,0
20.43155,-403,319,-29,0,1,0
20.43156,-400,322,-25,-3,4,1
20.48305,-399,322,-26,4,-3,0
20.48312,-400,320,-28,-5,4,6
20.48322,-406,320,-30,-2,1,1
20.48330,-402,321,-24,2,-1,0
20.48340,-400,317,-27,-3,-2,4
20.48354,-409,317,-29,-6,4,0
20.48358,-404,320,-27,0,2,0
20.48360,-400,321,-24,6,-4,-3
20.48370,-403,321,-25,-5,6,-2
20.48399,-403,321,-25,0,1,6
20.48414,-401,320,-27,2,1,2
20.48421,-401,320,-27,4,-3,1
20.48423,-404,321,-27,3,-3,3
20.53511,-404,321,-26,-1,4,-2
20.53523,-400,321,-27,-5,8,3
20.53531,-400,321,-27,0,1,-1
20.53539,-400,321,-25,6,-5,1
20.53540,-405,318,-31,4,-2,0
20.53542,-405,318,-31,-7,3,1
20.53543,-407,319,-29,-4,5,3
20.53544,-401,319,-24,-1,1,0
20.53550,-401,319,-24,9,0,-4
20.53555,-402,320,-27,-1,0,0
20.53557,-409,320,-29,-2,0,0
20.53558,-409,320,-29,-5,5,0
20.53559,-402,320,-29,-4,3,1
20.53560,-399,321,-25,5,-5,-3
20.53569,-403,320,-26,4,-3,1
20.53572,-411,318,-30,-3,1,2
20.58728,-405,321,-29,-3,2,2
20.58735,-402,320,-25,-2,3,3
20.58753,-402,320,-25,0,0,2
20.58759,-402,321,-25,6,-3,-4
20.58775,-402,321,-25,-1,1,-1
20.58777,-402,321,-30,-2,4,-1
20.58778,-409,318,-30,-2,4,0
20.58780,-400,319,-25,-1,4,-1
20.58787,-400,319,-25,4,-5,-3
20.58791,-403,319,-27,-1,-2,-3
20.58795,-405,320,-28,-3,-3,1
20.58799,-407,321,-31,-7,5,-1
20.58801,-400,320,-25,1,2,0
20.58809,-400,320,-25,5,-3,-1
20.58813,-401,319,-28,0,-5,-1
20.63890,-402,319,-27,-5,2,1
20.63900,-404,319,-26,0,4,4
20.63904,-401,318,-24,2,1,-3
20.63914,-401,318,-24,5,-5,-3
20.63919,-404,319,-28,0,0,-1
20.63921,-407,320,-31,-6,4,-2
20.63926,-402,321,-27,-2,1,1
20.63932,-398,320,-26,1,-1,2
20.63935,-398,320,-26,8,0,-4
20.63937,-405,319,-29,0,-4,-1
20.63958,-405,319,-29,-2,4,-3
20.63965,-405,319,-29,-2,6,2
20.63968,-402,320,-27,3,-1,-4
20.63970,-406,321,-32,6,-2,-2
20.63980,-406,321,-32,-3,2,5
20.63983,-409,320,-28,-4,4,7
20.69143,-403,318,-25,3,-6,-2
20.69156,-405,319,-23,-4,4,0
20.69169,-406,319,-29,-5,9,2
20.69176,-399,320,-25,3,1,-3
20.69183,-400,319,-28,-3,-6,1
20.69188,-400,319,-28,6,-3,0
20.69189,-407,316,-30,-4,2,-4
20.69198,-404,320,-29,-4,6,4
20.69202,-401,320,-27,-3,0,1
20.69206,-401,320,-27,3,-6,0
20.69211,-400,319,-25,3,0,4
20.69213,-406,320,-30,1,-5,-3
20.69215,-406,320,-30,-7,7,-3
20.69217,-404,321,-30,-1,5,0
20.69219,-403,320,-27,8,-7,-2
20.69221,-403,320,-27,-2,2,1
20.74288,-408,320,-26,-2,2,1
20.74299,-403,319,-27,3,4,-1
20.74310,-402,318,-26,9,-4,1
20.74314,-402,318,-26,5,-2,-5
20.74317,-407,319,-30,-4,2,2
20.74320,-407,318,-29,-5,3,-2
20.74324,-402,321,-29,1,-1,1
20.74325,-402,321,-29,0,-4,1
20.74333,-402,319,-28,2,0,-3
20.74338,-404,320,-28,-4,2,-4
20.74344,-401,321,-26,-2,3,-1
20.74347,-401,321,-26,-5,4,3
20.74349,-401,321,-26,5,0,0
20.74355,-405,320,-28,-6,5,2
20.79485,-404,319,-28,-2,4,2
20.79494,-401,321,-24,2,0,4
20.79497,-405,321,-30,-2,9,5
20.79510,-403,318,-27,0,-4,-5
20.79512,-403,318,-27,9,-10,-4
20.79514,-408,320,-30,5,4,-1
20.79515,-403,313,-24,-32,29,0
20.79521,-374,316,-33,128,-91,27
20.79535,-421,287,-238,49,-38,20
20.79539,-421,287,-238,22,-13,2
20.79544,-429,292,-215,-25,44,-7
20.79548,-401,312,-55,97,-3,3
20.84979,-370,315,-81,5,42,53
20.84988,-371,290,-317,61,-12,41
20.84991,-400,298,-177,40,32,-27
20.84993,-357,282,-180,156,-176,58
20.84995,-357,282,-180,103,-48,0
20.85009,-357,282,-180,113,-136,59
20.85012,-426,271,-295,-28,83,-29
20.85015,-424,287,-174,136,-190,84
20.85028,-395,287,-181,132,-51,-19
20.85030,-385,316,-112,128,-121,33
20.85033,-438,296,-179,115,-102,-7
20.85044,-438,296,-179,5,54,39
20.85049,-422,273,-212,179,-165,30
20.85055,-363,311,-259,113,-69,-8
20.85058,-363,311,-259,-13,14,6
20.85066,-423,277,-189,196,-167,12
20.90310,-332,345,86,262,-166,24
20.90333,-332,345,86,64,-79,30
20.90337,-460,288,-187,-63,65,-43
20.90352,-503,269,58,215,-192,71
20.90364,-503,269,58,270,-220,4
20.90374,-401,301,-119,-61,48,54
20.90377,-347,317,103,-210,183,-43
20.90380,-347,317,103,374,-297,89
20.90387,-471,289,224,186,-130,-21
20.90391,-454,294,-130,-329,189,19
20.90393,-454,294,-130,16,36,-66
20.90397,-414,329,324,324,-242,103
20.90400,-446,301,130,65,-2,-31
20.90406,-334,325,-188,-29,16,46
20.90413,-359,316,-142,4,-32,-43
20.90416,-430,328,-57,-214,171,34
20.95448,-424,309,-127,-56,65,26
20.95461,-409,335,50,13,-62,0
20.95464,-409,335,50,36,-46,34
20.95466,-418,316,39,186,-57,25
20.95467,-371,346,58,-149,127,-36
20.95474,-389,325,-104,-64,5,-60
20.95480,-468,273,14,62,7,57
20.95486,-411,298,-44,63,-59,2
20.95488,-396,318,-146,-108,120,-17
20.95489,-387,355,-4,17,-61,-17
20.95491,-423,310,19,-86,91,-51
20.95495,-423,310,19,149,-152,12
20.95502,-430,331,11,-29,93,51
20.95504,-428,291,-129,30,-79,-32
20.95510,-428,291,-129,-82,59,-48
21.00559,-401,330,-18,38,-28,0
21.00565,-488,266,17,156,-139,10
21.00568,-415,313,-8,-70,61,23
21.00572,-400,313,-153,-76,36,-41
21.00574,-376,330,90,90,-41,14
21.00589,-410,304,49,109,-118,-58
21.00597,-444,310,-224,-303,276,54
21.00618,-386,327,78,-34,20,-85
21.00641,-386,327,78,148,-84,68
21.00645,-353,336,-81,-93,54,-43
21.00660,-398,320,-233,-198,184,5
21.00667,-414,335,104,126,-99,-6
21.00670,-433,307,237,166,-78,16
21.00678,-360,331,-33,-58,11,-2
21.00682,-361,324,57,-131,130,-41
21.00692,-361,324,57,156,-131,45
21.05771,-347,343,-89,0,-13,-57
21.05778,-372,343,-322,-189,125,-12
21.05789,-372,343,-322,-95,92,-29
21.05793,-381,320,57,275,-196,94
21.05796,-446,292,78,-78,15,-37
21.05800,-423,318,273,-311,240,-30
21.05807,-423,318,273,210,-174,-11
21.05812,-423,318,273,143,-57,54
21.05823,-365,336,-152,-109,87,-47
21.05829,-418,309,-165,-13,23,31
21.05832,-418,309,-165,-85,87,35
21.05836,-373,333,-161,5,23,36
21.05847,-419,317,-139,20,-5,-1
21.05851,-419,317,-139,27,-7,7
21.05859,-426,312,-116,-56,-18,-29
21.11051,-377,334,-12,124,-110,20
21.11057,-362,348,35,120,-100,-31
21.11065,-438,309,172,170,-83,6
21.11074,-386,313,-118,-112,91,-2
21.11078,-422,288,-255,-79,32,-37
21.11080,-414,319,-54,-55,26,31
21.11086,-392,324,91,-63,18,-46
21.11087,-392,324,91,68,-40,53
21.11089,-441,335,145,113,-47,-12
21.11093,-354,353,99,102,-62,29
21.11098,-423,311,-63,64,-46,-41
21.11100,-422,325,-248,-10,0,44
21.11101,-422,325,-248,-280,199,-49
21.11106,-381,321,-67,-2,-74,17
21.11107,-343,361,-37,239,-144,18
21.11114,-343,361,-37,-218,182,-4
21.16387,-408,324,66,-25,78,22
21.16390,-429,293,-35,-6,-81,-59
21.16394,-381,327,-97,-117,162,69
21.16397,-429,310,6,142,-114,-48
21.16406,-379,334,58,-36,49,9
21.16414,-388,317,-18,123,-107,4
21.16418,-437,304,-108,-122,132,36
21.16421,-449,298,60,-68,43,-29
21.16422,-449,298,60,39,-57,34
21.16423,-449,298,60,98,-43,6
21.16424,-409,332,-24,-52,78,-29
21.16425,-441,299,-56,69,-46,-4
21.16432,-441,299,-56,-130,79,2
21.16434,-399,322,-144,-64,0,-22
21.16436,-399,322,-144,67,-71,11
21.16440,-415,322,-37,32,-27,10
21.21514,-445,306,-86,154,-150,18
21.21520,-418,313,-11,-115,29,-29
21.21522,-374,310,-112,-48,44,-5
21.21524,-422,319,69,89,-79,7
21.21534,-357,341,-89,-1,-12,9
21.21538,-357,341,-89,-83,93,-44
21.21542,-396,324,-25,-57,-3,21
21.21545,-396,324,-25,35,-21,-17
21.21546,-382,340,52,-47,67,18
21.21548,-431,301,-28,52,-4,-3
21.21549,-455,307,25,103,-79,38
21.21554,-348,348,-134,-170,150,-6
21.21557,-389,324,44,54,-69,-42
21.21558,-389,324,44,39,-14,35
21.21560,-433,311,-57,-143,99,-12
21.21564,-425,330,111,57,-32,23
21.26596,-405,322,37,44,-45,-4
21.26601,-399,321,-11,8,7,14
21.26609,-399,321,-11,5,-22,-10
21.26615,-384,343,-3,1,-9,13
21.26617,-390,330,9,-21,-24,-32
21.26619,-450,285,-9,122,-16,34
21.26622,-420,322,-205,-6,-27,-13
21.26625,-420,322,-205,-204,126,-27
21.26629,-449,316,36,89,-68,1
21.26634,-449,316,36,-36,24,0
21.26636,-395,330,-80,-80,77,-15
21.26638,-404,320,59,194,-153,23
21.26640,-409,315,117,-153,40,-35
21.26642,-376,338,-192,-152,152,11
21.26646,-376,338,-192,-187,143,-24
21.31811,-396,342,0,178,-142,22
21.31818,-408,314,-18,91,-132,3
21.31839,-433,295,-54,10,45,43
21.31846,-424,306,-110,-47,10,-39
21.31853,-365,320,-117,-82,73,-3
21.31863,-429,307,-14,19,-47,1
21.31871,-429,307,-14,50,-28,29
21.31884,-419,331,28,-5,-9,-13
21.31888,-396,320,-25,138,-68,36
21.31891,-353,352,-58,-49,40,-50
21.31898,-386,322,-5,-74,32,14
21.31906,-386,322,-5,40,-23,-6
21.31909,-408,300,25,25,-32,16
21.31911,-365,332,-6,-160,135,-20
21.31926,-365,332,-6,148,-178,18
21.31928,-364,317,74,80,34,-8
21.37182,-424,328,81,-36,30,18
21.37187,-371,335,52,-52,74,6
21.37190,-371,335,52,94,-53,-20
21.37194,-411,310,46,142,-103,13
21.37196,-363,327,-232,-96,53,-2
21.37201,-363,327,-232,-148,132,-26
21.37215,-434,292,-6,169,-148,26
21.37219,-371,322,-139,12,-40,14
21.37227,-371,322,-139,-231,160,-16
21.37230,-370,346,17,193,-137,29
21.37243,-372,314,-115,225,-154,12
21.37245,-372,314,-115,-90,101,2
21.37248,-397,320,-283,-99,81,-15
21.37251,-406,303,-72,38,-83,27
21.37254,-406,303,-72,-86,21,-7
21.37256,-397,320,49,56,-45,3
21.42333,-387,354,235,125,-98,52
21.42337,-329,388,166,86,-14,-2
21.42344,-329,388,166,28,29,18
21.42346,-366,367,156,-28,60,7
21.42351,-399,339,-54,-179,129,-8
21.42362,-420,349,138,67,-81,-17
21.42368,-409,365,248,4,-16,-9
21.42370,-407,359,110,-68,51,-20
21.42376,-399,369,130,-25,9,17
21.42380,-399,369,130,-57,29,-27
21.42393,-399,369,130,16,-52,3
21.42399,-354,384,164,-9,71,4
21.42402,-438,351,126,-18,-44,-3
21.42408,-422,342,118,-94,100,-8
21.42415,-422,342,118,-36,32,-5
21.42419,-360,369,195,38,-73,9
21.47599,-502,320,84,59,-108,-21
21.47606,-502,320,84,-38,35,-94
21.47666,-375,362,96,3,17,-51
21.47675,-375,362,96,-128,153,35
21.47684,-302,387,163,-115,146,61
21.47688,-384,340,8,-47,24,27
21.47696,-470,296,35,124,-131,-19
21.47703,-419,308,24,24,-74,-66
21.47705,-436,290,24,39,-58,-36
21.47712,-373,335,-67,59,-71,-24
21.47718,-373,335,-67,-41,19,-14
21.52854,-374,328,46,30,-8,38
21.52875,-364,333,-38,-71,65,7
21.52878,-394,321,-63,78,-77,-15
21.52891,-394,321,-63,-61,40,-21
21.52904,-373,329,-80,30,-13,24
21.52909,-382,325,-17,-49,40,-6
21.52912,-383,330,-16,55,-41,17
21.52918,-406,318,-71,3,-7,-6
21.52919,-406,318,-71,-35,28,12
21.52921,-384,324,-11,34,-31,-4
21.52923,-387,327,-37,7,-10,2
21.52931,-387,327,-37,-11,13,5
21.52933,-415,317,-31,44,-37,10
21.52934,-395,321,-8,10,0,10
21.52935,-381,329,-21,-9,4,-8
21.57982,-381,329,-21,14,-10,7
21.57986,-416,318,-28,10,-5,-1
21.57988,-416,318,-28,-21,17,0
21.57990,-404,322,-26,-22,20,4
21.57996,-410,314,-32,-13,7,3
21.57999,-414,312,-33,19,-11,-3
21.58001,-424,312,-28,4,-6,-13
21.58004,-410,315,-43,27,-26,-2
21.58007,-405,320,-20,0,-12,-6
21.58018,-402,322,-17,33,-37,-6
21.58021,-402,322,-17,13,-27,-8
21.58025,-408,324,-27,19,-28,-10
21.58029,-413,316,-36,8,-26,-1
21.63082,-410,318,-24,2,10,6
21.63087,-408,320,-38,-7,11,3
21.63093,-408,320,-38,6,-5,4
21.63095,-401,318,-27,1,-3,-1
21.63103,-398,325,-23,-8,5,9
21.63105,-398,325,-23,7,-7,-7
21.63107,-402,324,-31,7,-5,4
21.63109,-402,324,-31,6,-8,0
21.63110,-401,322,-27,5,-3,5
21.63120,-403,324,-29,-1,1,-7
21.63122,-403,324,-29,-7,2,3
21.63127,-409,322,-30,-3,-3,1
21.63129,-409,320,-20,16,-9,0
21.63136,-409,320,-20,9,-6,-4
21.63138,-407,319,-32,-11,8,0
21.63139,-403,321,-35,-3,3,-4
21.68198,-403,320,-26,6,-4,-2
21.68203,-400,323,-28,-8,8,-1
21.68209,-400,323,-28,-7,8,-2
21.68215,-406,319,-22,2,1,3
21.68217,-404,320,-25,-6,2,-2
21.68219,-401,321,-31,7,-9,0
21.68221,-401,321,-27,-5,5,-4
21.68224,-405,321,-32,1,4,-2
21.68230,-402,324,-23,2,2,1
21.68232,-402,324,-23,2,4,1
21.68233,-405,322,-20,1,3,1
21.68235,-399,323,-32,-6,4,0
21.73463,-401,318,-22,3,-1,5
21.73467,-403,321,-18,-3,3,0
21.73475,-403,321,-18,7,-1,-3
21.73486,-400,321,-29,-13,10,6
21.73490,-398,321,-28,1,1,2
21.73491,-395,323,-27,3,-5,1
21.73492,-395,323,-27,-6,6,2
21.73494,-401,320,-33,1,-2,-2
21.73504,-411,315,-30,-4,-1,4
21.73511,-411,315,-30,2,3,-1
21.73523,-404,318,-30,-6,6,3
21.73525,-404,318,-30,6,-7,-3
21.73528,-400,321,-20,-1,4,3
21.73529,-408,320,-28,0,-4,-2
21.73531,-412,316,-30,-4,10,4
21.73534,-404,319,-28,9,-5,1
21.78679,-399,320,-27,13,-9,3
21.78683,-404,322,-22,-2,3,-4
21.78692,-403,322,-24,-9,8,1
21.78710,-403,322,-24,3,-3,-4
21.78714,-401,320,-17,10,-5,-5
21.78722,-398,320,-27,-5,3,-2
21.78725,-403,319,-22,-5,1,1
21.78734,-403,319,-22,6,-6,1
21.78738,-397,321,-29,1,1,-3
21.78741,-397,321,-29,-4,4,0
21.78746,-401,320,-29,3,0,1
21.78752,-403,321,-24,0,-2,0
21.78756,-403,320,-28,-5,4,-2
21.78757,-403,320,-28,-2,5,2
21.83819,-398,321,-23,13,-10,1
21.83824,-404,321,-36,2,3,3
21.83834,-401,320,-35,-6,7,-2
21.83837,-403,321,-25,-2,-3,-2
21.83839,-403,321,-25,5,-7,-2
21.83841,-407,319,-31,-5,3,0
21.83848,-404,318,-24,-3,2,2
21.83851,-404,318,-24,14,-13,-3
21.83853,-409,317,-31,-5,3,2
21.83855,-405,317,-24,-9,4,-2
21.83856,-405,317,-24,10,-6,-1
21.83858,-403,317,-20,-2,5,3
21.83873,-406,317,-29,-3,-4,1
21.83877,-406,317,-29,3,-3,1
21.83885,-405,319,-23,3,0,2
21.83890,-403,319,-30,-8,0,-2
21.89033,-402,321,-32,-6,0,-4
21.89038,-404,319,-26,-1,2,2
21.89043,-400,320,-25,3,-4,-3
21.89045,-402,318,-31,-9,11,2
21.89052,-403,321,-24,6,-2,4
21.89053,-405,321,-21,5,-6,4
21.89058,-402,318,-32,-3,5,-1
21.89060,-402,318,-32,-5,4,0
21.89065,-401,319,-18,6,1,3
21.89067,-401,320,-34,0,-1,0
21.89070,-401,320,-34,-11,7,1
21.89071,-397,323,-27,2,-2,-1
21.89073,-400,319,-26,6,0,-2
21.89082,-400,319,-26,-12,14,2
21.89084,-407,319,-30,3,-1,-2
21.89088,-401,321,-24,5,-2,3
21.94168,-402,321,-29,0,-3,-2
21.94172,-400,318,-29,1,-2,0
21.94180,-409,319,-30,-5,2,3
21.94181,-400,320,-25,6,-6,1
21.94189,-401,321,-26,7,-2,-1
21.94191,-402,320,-29,-5,3,-1
21.94194,-400,320,-28,7,-9,-4
21.94196,-400,322,-27,-1,0,1
21.94202,-400,322,-27,6,-3,0
21.94205,-400,322,-27,3,-6,-1
21.94208,-397,321,-27,-3,8,-2
21.94209,-404,321,-25,5,-8,0
21.94214,-407,318,-26,-1,4,0
21.94220,-399,320,-27,2,0,2
21.94224,-402,322,-26,6,-6,0
21.94225,-406,319,-26,-4,6,-1
21.99543,-403,319,-30,-1,2,1
21.99545,-408,320,-25,-5,3,-4
21.99545,-408,320,-25,2,0,4
21.99546,-402,321,-26,-2,2,4
21.99552,-403,320,-29,4,2,-2
21.99553,-403,320,-29,-1,1,4
21.99553,-399,321,-28,-1,3,-5
21.99554,-403,319,-28,-1,2,4
21.99560,-403,319,-28,-3,0,0
21.99561,-400,319,-28,1,1,3
21.99562,-404,317,-29,2,0,0
21.99566,-404,317,-29,0,4,1
21.99566,-405,321,-31,-4,7,2
21.99567,-400,321,-25,8,-3,0
21.99569,-400,321,-25,4,2,0
21.99570,-402,320,-33,-7,8,-7
22.04623,-407,319,-33,-7,5,2
22.04624,-401,319,-24,1,-2,-1
22.04625,-401,319,-24,7,-5,1
22.04629,-402,319,-26,1,2,-7
22.04629,-403,318,-22,-2,-1,4
22.04630,-403,318,-22,2,-3,-2
22.04630,-403,320,-27,-4,2,-2
22.04633,-403,320,-24,-4,0,-1
22.04633,-403,320,-24,0,-4,1
22.04634,-404,321,-21,10,-5,-1
22.04637,-404,320,-27,-12,8,-1
22.04638,-404,319,-31,2,3,1
22.04638,-401,319,-24,8,-8,3
22.04641,-406,319,-30,-1,3,3
22.04641,-406,319,-30,5,-7,-3
22.04642,-405,321,-24,-5,3,-4
22.09763,-402,321,-32,-5,6,4
22.09765,-400,320,-25,8,-4,3
22.09765,-406,319,-28,-4,4,2
22.09766,-401,320,-24,7,-7,5
22.09766,-403,321,-28,-7,5,-1
22.09773,-403,321,-28,8,0,1
22.09774,-399,319,-24,-8,4,3
22.09774,-398,319,-34,-3,4,0
22.09783,-401,321,-23,3,1,9
22.09784,-398,321,-29,-4,2,-4
22.09784,-398,321,-29,-1,5,8
22.09791,-400,319,-26,-1,-1,-1
22.09791,-404,318,-28,-7,7,-2
22.09791,-403,319,-26,0,-3,4
22.15002,-398,322,-28,3,-1,-2
22.15004,-398,322,-28,-2,3,1
22.15010,-403,318,-31,-2,7,0
22.15011,-402,319,-26,1,0,1
22.15011,-400,321,-30,6,-7,1
22.15019,-400,321,-30,-6,7,-1
22.15021,-399,321,-28,3,-5,-1
22.15021,-399,321,-28,-1,-2,2
22.15022,-403,318,-28,-2,5,5
22.15022,-406,319,-27,2,-3,2
22.15023,-400,320,-28,3,0,4
22.15023,-400,320,-28,-5,0,1
22.15028,-400,320,-31,-3,2,1
22.15029,-402,321,-26,5,-3,0
22.15034,-399,321,-28,2,2,1
22.15035,-399,321,-28,-3,1,1
22.20199,-406,319,-26,-1,-2,2
22.20202,-404,320,-27,0,4,1
22.20203,-404,319,-27,-1,-2,-1
22.20212,-404,319,-27,-2,1,-1
22.20213,-403,320,-27,-5,6,-1
22.20214,-407,320,-27,4,-1,4
22.20225,-400,322,-24,8,-2,3
22.20225,-400,321,-31,-1,1,-3
22.20226,-400,321,-31,-6,3,-2
22.20227,-402,320,-26,-2,3,1
22.20229,-402,320,-26,0,-1,-1
22.20229,-403,320,-29,-2,0,1
22.20230,-399,322,-31,1,0,0
22.20231,-404,320,-27,4,-5,1
22.20232,-404,320,-27,-8,7,-1
22.25250,-405,318,-28,0,1,-1
22.25254,-402,321,-29,3,1,-1
22.25259,-402,321,-29,-7,2,-2
22.25263,-401,320,-32,3,-1,-2
22.25266,-407,321,-25,2,-3,2
22.25267,-403,320,-30,-5,8,-2
22.25272,-402,321,-28,3,-1,0
22.25274,-403,319,-32,4,-8,1
22.25282,-403,319,-32,0,4,-3
22.25285,-407,320,-27,-7,7,-3
22.25288,-407,320,-27,7,-5,2
22.25292,-403,320,-25,-2,-1,4
22.25294,-400,321,-30,-3,0,-2
22.25298,-400,321,-30,0,1,1
22.25301,-404,320,-23,0,1,8
22.25303,-401,321,-29,-1,1,-1
22.30397,-402,320,-24,-2,-3,-2
22.30403,-399,318,-30,5,-1,3
22.30405,-404,320,-25,-1,0,1
22.30406,-402,320,-29,-2,1,0
22.30408,-400,318,-28,0,1,1
22.30418,-400,318,-28,0,1,-1
22.30423,-402,319,-26,0,-3,-1
22.30430,-406,319,-28,-4,5,0
22.30434,-405,318,-29,5,-5,-3
22.30436,-405,318,-29,-4,-1,2
22.30439,-399,321,-28,2,0,0
22.30441,-407,319,-31,-3,4,-1
22.30444,-404,319,-27,4,-6,1
22.30451,-404,319,-27,3,-2,0
22.30452,-402,320,-29,-2,4,0
22.30455,-404,320,-27,3,-7,-2
22.35633,-402,320,-29,-5,2,0
22.35637,-406,319,-25,-1,-2,1
22.35644,-406,319,-25,1,0,1
22.35647,-402,321,-24,-2,-1,1
22.35649,-397,322,-26,-2,5,1
22.35654,-397,322,-26,0,0,2
22.35659,-404,322,-25,0,0,-2
22.35660,-404,322,-25,-6,8,6
22.35663,-404,321,-27,8,-5,-2
22.35664,-403,319,-29,0,1,1
22.35672,-403,319,-29,-4,4,-1
22.35674,-404,318,-28,1,1,0
22.35676,-402,318,-27,5,-2,1
22.35679,-402,318,-27,-1,-3,1
22.35681,-401,318,-29,-3,0,-2
22.35685,-401,318,-29,1,5,1
22.40877,-405,320,-26,0,2,3
22.40892,-402,320,-31,9,-5,1
22.40973,-402,320,-31,-5,-1,0
22.40976,-406,317,-29,1,-3,1
22.40977,-401,321,-31,1,-4,3
22.40978,-401,321,-31,7,-4,-4
22.40991,-405,320,-27,-5,3,-2
22.40996,-400,320,-27,10,-4,3
22.40999,-396,322,-25,-6,2,2
22.41030,-399,323,-28,4,-4,1
22.46451,-399,323,-28,-3,3,1
22.46453,-399,320,-26,0,-3,1
22.46460,-399,320,-26,1,-2,-2
22.46461,-409,319,-25,1,2,5
22.46462,-405,320,-25,-4,0,-2
22.46470,-405,320,-25,2,8,5
22.46477,-400,322,-23,0,5,2
22.46478,-403,321,-29,-2,1,-1
22.46483,-408,319,-25,-1,0,5
22.46488,-402,319,-28,4,1,1
22.46489,-402,319,-28,-1,0,0
22.46490,-400,319,-27,-5,-3,0
22.46495,-406,319,-25,1,2,3
22.46497,-404,320,-25,-3,0,3
22.46497,-399,320,-25,0,-4,-3
22.46498,-399,321,-26,1,0,-1
22.51592,-406,322,-28,-5,-2,-2
22.51594,-405,318,-28,0,4,3
22.51594,-402,321,-25,6,-6,-1
22.51595,-403,318,-30,-2,3,0
22.51601,-406,320,-27,0,0,-2
22.51602,-406,320,-27,1,4,0
22.51603,-403,321,-25,1,2,1
22.51610,-403,318,-28,2,1,5
22.51611,-404,319,-26,0,1,0
22.51613,-404,319,-26,-1,-2,0
22.51613,-406,322,-30,-4,7,2
22.51614,-397,321,-27,5,-2,-4
22.51614,-397,321,-27,0,1,2
22.51616,-398,322,-29,-2,1,0
22.51618,-406,319,-28,1,1,2
22.51618,-402,320,-28,-5,1,2
22.56891,-401,319,-25,3,1,-2
22.56894,-401,319,-25,5,-4,-1
22.56914,-404,319,-29,-3,5,2
22.56918,-403,320,-29,-1,1,0
22.56919,-399,320,-29,3,-1,-1
22.56920,-399,320,-29,0,2,3
22.56920,-402,319,-30,-1,-3,0
22.56928,-402,319,-27,4,-6,-1
22.56934,-403,318,-28,0,2,1
22.56934,-403,318,-28,-1,3,-1
22.56940,-401,321,-25,1,-6,0
22.56940,-401,321,-25,-3,2,-3
22.56941,-401,322,-28,0,4,2
22.56941,-402,320,-31,2,-1,3
22.61977,-402,320,-31,-5,2,-1
22.61979,-407,319,-30,3,-3,-4
22.61979,-403,321,-28,5,-5,0
22.61980,-408,318,-33,-2,-3,-4
22.61983,-402,321,-25,5,-9,-2
22.61986,-399,320,-26,0,0,-5
22.61986,-405,319,-25,1,-3,1
22.61989,-404,320,-24,-3,4,3
22.61989,-399,320,-29,0,0,1
22.61990,-402,319,-26,1,2,4
22.61990,-403,319,-27,1,-2,-2
22.61991,-401,320,-26,0,-1,2
22.61992,-401,320,-26,2,-4,-1
22.61999,-403,321,-26,-6,3,2
22.61999,-403,321,-26,0,1,-2
22.61999,-407,319,-26,1,1,0
22.67050,-404,318,-27,-1,2,0
22.67054,-401,321,-27,1,4,-3
22.67060,-401,321,-27,-4,6,5
22.67066,-400,319,-27,7,-1,0
22.67069,-405,320,-30,-4,8,0
22.67070,-405,320,-30,0,2,-4
22.67074,-408,319,-26,-2,1,1
22.67079,-404,317,-29,3,1,1
22.67087,-404,317,-29,1,0,-1
22.67089,-401,319,-27,-1,2,3
22.67098,-404,320,-25,1,-4,0
22.67104,-399,322,-23,-6,7,4
22.67106,-399,322,-23,4,-5,0
22.67107,-402,318,-25,-2,1,-1
22.67108,-402,318,-25,-2,2,1
22.67113,-402,317,-27,1,0,1
22.72129,-405,321,-28,-5,5,-1
22.72135,-400,319,-25,-1,5,-1
22.72140,-402,321,-30,-3,5,4
22.72142,-402,319,-26,2,-2,1
22.72147,-400,320,-30,-2,1,-4
22.72151,-404,319,-27,-4,3,4
22.72159,-399,320,-27,2,-4,2
22.72169,-401,320,-25,6,-6,-3
22.72171,-401,321,-27,-9,7,5
22.72173,-401,321,-27,1,-3,0
22.72179,-400,322,-25,5,-1,2
22.72185,-400,322,-25,-5,6,3
22.72190,-402,318,-32,5,-2,-5
22.77298,-403,320,-28,-1,0,6
22.77305,-403,320,-28,3,1,-5
22.77307,-401,321,-29,-6,6,2
22.77315,-401,321,-29,-1,0,-3
22.77319,-401,321,-29,-4,1,1
22.77321,-405,320,-33,6,-3,2
22.77322,-404,321,-35,1,1,-4
22.77328,-404,321,-35,-2,1,-1
22.77330,-403,320,-33,6,-3,-4
22.77333,-403,320,-33,1,-4,-4
22.77337,-406,317,-27,1,-1,1
22.77340,-403,321,-28,1,-4,-3
22.77344,-405,320,-26,-1,3,-5
22.82609,-405,319,-25,3,0,2
22.82639,-401,321,-32,-5,3,-3
22.82656,-407,321,-26,6,-3,3
22.82659,-407,321,-26,-5,-1,-4
22.82660,-407,321,-26,3,-2,-1
22.82661,-404,320,-24,1,1,2
22.82666,-407,320,-30,-1,1,0
22.82672,-399,321,-26,-3,-4,2
22.82673,-404,319,-26,1,3,2
22.82680,-404,319,-26,4,7,0
22.82682,-403,319,-28,-6,1,3
22.82687,-403,319,-28,4,-1,-5
22.82689,-401,320,-25,-2,1,4
22.87753,-401,318,-28,-1,0,-7
22.87757,-401,318,-28,-4,2,0
22.87776,-402,321,-25,1,-1,-3
22.87779,-405,322,-28,-1,3,3
22.87781,-401,321,-23,1,3,-1
22.87784,-403,322,-25,2,0,-7
22.87788,-403,322,-25,-2,3,-3
22.87789,-403,320,-27,-1,-1,0
22.87793,-402,319,-29,0,3,1
22.87798,-402,319,-29,-5,0,3
22.87803,-407,318,-28,6,-3,-3
22.87808,-402,319,-26,1,0,-4
22.87818,-398,320,-27,1,-1,2
22.87820,-404,320,-27,-3,-1,0
22.87821,-404,320,-27,6,-5,-3
22.87822,-402,321,-26,-4,3,-1
22.92941,-403,319,-27,-1,4,4
22.92943,-403,319,-27,3,-1,0
22.92944,-400,321,-27,0,3,2
22.92950,-403,320,-25,3,-3,-1
22.92951,-402,319,-30,-2,3,2
22.92952,-402,319,-30,-4,1,1
22.92961,-400,321,-26,4,-8,1
22.92968,-402,319,-27,4,2,-1
22.92969,-406,318,-28,-1,2,3
22.92973,-406,318,-28,3,1,1
22.92973,-399,320,-24,2,-3,0
22.92974,-402,321,-25,0,-5,0
22.92980,-401,320,-31,-3,2,2
22.92980,-403,319,-26,2,-1,-1
22.92981,-402,318,-30,0,2,3
22.92982,-402,318,-30,-3,3,3
22.98189,-403,320,-28,-2,4,0
22.98191,-400,319,-32,-6,3,0
22.98191,-405,320,-23,0,4,1
22.98191,-400,321,-27,-4,-3,2
22.98198,-404,320,-25,3,-2,0
22.98202,-404,319,-29,-1,-2,2
22.98202,-404,319,-29,4,2,0
22.98215,-398,319,-25,-5,3,5
22.98215,-403,318,-23,0,-2,2
22.98216,-403,318,-23,-5,3,2
22.98219,-404,319,-30,2,1,-1
22.98220,-405,320,-25,-4,5,-3
23.03459,-403,320,-27,1,3,5
23.03463,-403,318,-26,1,-6,2
23.03474,-406,319,-28,-3,1,-4
23.03476,-402,323,-24,-4,-1,-1
23.03477,-402,323,-24,-2,6,1
23.03478,-407,322,-25,0,-2,1
23.03482,-407,322,-25,-5,5,-2
23.03484,-402,321,-25,3,1,5
23.03484,-402,321,-25,3,-9,-2
23.03494,-403,320,-28,-2,5,2
23.03498,-404,319,-27,-2,2,1
23.03501,-404,319,-27,7,-6,-4
23.03512,-402,320,-31,-5,5,4
23.03514,-402,320,-31,-2,2,2
23.03515,-404,316,-29,3,-3,-1
23.08558,-405,319,-25,1,2,1
23.08562,-402,319,-26,4,-8,2
23.08569,-403,320,-27,2,0,5
23.08574,-403,320,-27,-3,1,-3
23.08575,-403,320,-27,7,-3,2
23.08576,-407,321,-26,-3,-3,2
23.08580,-404,321,-28,0,1,2
23.08584,-401,319,-25,0,-1,-1
23.08589,-401,319,-25,-2,3,4
23.08592,-402,320,-29,-2,6,-2
23.08594,-402,319,-25,2,-5,0
23.08596,-400,320,-29,0,2,0
23.08600,-400,320,-29,-2,6,-3
23.08604,-403,321,-25,3,-2,3
23.08605,-403,321,-25,2,-1,1
23.08606,-402,321,-27,0,1,0
23.13632,-403,318,-26,2,1,2
23.13636,-407,318,-28,-2,-3,-1
23.13650,-407,318,-28,-2,0,-1
23.13657,-403,320,-22,-1,-7,-1
23.13662,-405,319,-24,0,1,1
23.13664,-405,319,-24,-2,-1,1
23.13666,-407,317,-27,3,-1,1
23.13670,-407,317,-27,-6,4,-2
23.13675,-400,320,-29,-3,2,-3
23.13677,-402,320,-29,6,-3,-2
23.13684,-402,320,-29,-1,4,-3
23.13688,-404,321,-27,-2,-1,0
23.13692,-407,319,-25,3,-2,3
23.13697,-401,321,-25,-3,-5,4
23.13698,-403,318,-30,-1,0,0
23.13699,-403,318,-30,-1,1,-2
23.18752,-406,319,-27,0,-1,2
23.18757,-405,321,-26,-1,3,0
23.18763,-405,321,-26,-1,5,4
23.18765,-403,319,-25,1,-2,0
23.18773,-400,319,-26,-5,-1,-1
23.18779,-406,319,-24,0,-2,-3
23.18784,-406,319,-24,1,3,0
23.18788,-406,319,-24,0,-4,-1
23.18789,-402,320,-27,0,2,0
23.18793,-401,319,-26,2,-2,-4
23.18797,-401,319,-26,4,-3,2
23.18799,-407,320,-26,-4,5,-3
23.18800,-402,321,-27,1,-4,0
23.18805,-403,318,-23,7,-7,2
23.18810,-404,319,-25,-5,3,1
23.18812,-404,319,-25,4,-2,-1
23.24084,-407,319,-29,-6,1,3
23.24089,-407,319,-29,-2,1,-2
23.24098,-403,321,-26,3,2,1
23.24101,-406,320,-29,0,-2,-1
23.24103,-406,320,-29,-2,6,-2
23.24104,-406,321,-25,1,0,5
23.24106,-404,320,-26,2,2,-3
23.24114,-402,320,-27,1,1,2
23.24118,-402,320,-27,3,-1,-1
23.24121,-405,321,-24,-2,0,-1
23.29254,-409,319,-29,-4,4,2
23.29258,-403,321,-27,1,1,0
23.29264,-403,321,-27,6,-4,-4
23.29272,-402,320,-27,-2,4,-1
23.29273,-403,318,-30,-2,-1,1
23.29275,-403,318,-30,5,-4,4
23.29281,-401,321,-26,1,-1,3
23.29287,-406,321,-30,1,-1,2
23.29291,-406,321,-30,-3,-3,0
23.29293,-404,320,-26,4,-4,1
23.29294,-406,321,-26,1,-2,-4
23.29297,-406,321,-26,-2,0,0
23.29303,-403,323,-25,-2,-4,3
23.29307,-403,321,-25,4,-3,0
23.29309,-403,321,-25,-6,4,2
23.29310,-402,322,-24,4,-2,-1
23.34322,-401,320,-25,2,2,-1
23.34325,-401,320,-25,-3,-1,6
23.34332,-401,320,-28,0,-1,-5
23.34339,-402,319,-27,-1,7,0
23.34343,-404,321,-30,7,-8,2
23.34346,-404,321,-30,-5,8,0
23.34346,-405,321,-28,2,-5,0
23.34347,-405,321,-28,1,-1,1
23.34348,-400,323,-27,0,0,2
23.34354,-400,321,-29,0,-4,2
23.34354,-402,319,-29,2,5,-4
23.34355,-406,319,-28,0,0,-1
23.34355,-402,320,-25,2,1,0
23.34358,-404,319,-27,2,-2,1
23.34358,-404,319,-27,7,2,-4
23.34359,-405,319,-29,0,4,3
23.39514,-403,318,-28,1,-4,2
23.39520,-402,320,-28,2,-3,2
23.39531,-403,320,-28,2,-2,0
23.39536,-410,318,-32,-1,-2,-3
23.39540,-403,321,-26,5,-3,0
23.39545,-399,322,-29,2,-8,1
23.39550,-404,322,-26,4,-3,4
23.39553,-402,322,-27,-2,-1,1
23.39554,-400,319,-27,4,-4,0
23.39567,-407,320,-30,-2,5,3
23.39573,-402,320,-25,0,7,0
23.39575,-402,320,-25,1,-6,0
23.44791,-400,320,-26,-4,2,1
23.44793,-400,320,-26,-5,3,-2
23.44793,-406,319,-24,5,-2,1
23.44794,-401,319,-26,5,-1,0
23.44801,-401,320,-28,-2,5,0
23.44803,-401,320,-28,3,-3,-1
23.44803,-402,320,-26,-4,2,1
23.44803,-405,320,-26,-5,0,5
23.44804,-404,319,-26,3,1,-1
23.44814,-401,320,-27,0,2,4
23.44814,-399,321,-27,2,-3,-4
23.44815,-402,320,-25,1,2,1
23.44816,-402,320,-25,0,-2,2
23.44823,-406,320,-27,-1,0,3
23.44824,-397,319,-29,1,3,2
23.44824,-401,320,-28,2,-1,0
23.49983,-399,322,-30,-5,5,0
23.49985,-399,322,-30,2,-2,2
23.49991,-405,320,-28,2,1,-3
23.49998,-403,322,-28,0,3,1
23.50006,-401,321,-25,1,-3,0
23.50007,-400,318,-26,1,0,-3
23.50013,-405,319,-27,-2,2,2
23.50015,-402,322,-27,-3,3,-3
23.50027,-402,322,-27,-2,-2,2
23.50030,-400,319,-29,-2,2,-2
23.50032,-400,319,-29,2,0,0
23.50033,-402,322,-25,3,0,-1
23.50038,-404,319,-31,-3,4,-1
23.50041,-401,320,-27,-2,3,-1
23.50043,-401,320,-27,4,-8,-3
23.50046,-401,320,-27,-5,7,2
23.55119,-405,320,-25,3,-2,-3
23.55124,-403,320,-28,1,-3,-3
23.55130,-403,320,-28,-2,4,1
23.55135,-399,322,-28,-2,0,3
23.55137,-402,319,-26,3,-2,-4
23.55139,-403,319,-27,-2,0,4
23.55140,-407,319,-29,-1,4,-2
23.55147,-403,322,-25,0,-3,2
23.55150,-402,320,-27,2,0,2
23.55153,-402,320,-27,-2,3,-3
23.55155,-402,319,-30,-3,2,0
23.55157,-406,320,-28,8,-4,-1
23.55158,-406,320,-28,2,2,-1
23.55159,-400,322,-29,1,1,0
23.55165,-401,320,-26,5,-3,1
23.55168,-401,320,-26,-3,5,0
23.60291,-401,319,-28,0,-1,3
23.60295,-401,319,-28,-3,0,2
23.60301,-401,319,-28,-5,2,0
23.60303,-402,319,-26,7,-7,0
23.60315,-397,323,-27,-6,10,4
23.60316,-397,323,-27,-1,-4,2
23.60318,-404,320,-25,3,0,-1
23.60323,-404,320,-25,-1,-1,-2
23.60327,-403,319,-30,-2,2,0
23.60328,-403,318,-24,2,6,-1
23.60331,-403,318,-24,1,0,-2
23.60339,-403,320,-28,-3,-3,0
23.60342,-406,318,-24,-4,6,1
23.60343,-406,318,-24,4,-3,0
23.60345,-407,320,-25,-2,6,1
23.60347,-403,319,-26,-1,-2,2
23.65602,-401,321,-29,2,-1,0
23.65606,-401,321,-29,-3,5,0
23.65612,-404,321,-23,1,-3,1
23.65614,-407,320,-26,4,-1,0
23.65620,-403,319,-29,-2,3,2
23.65621,-403,319,-29,1,-4,0
23.65623,-402,319,-27,-1,2,-1
23.65633,-402,320,-28,-3,7,1
23.65636,-402,320,-28,3,-3,0
23.65639,-400,319,-26,4,-1,0
23.65645,-402,320,-28,-4,4,-1
23.65647,-402,320,-28,3,-1,-1
23.65659,-404,320,-23,-2,3,-2
23.65663,-403,320,-29,0,-1,-4
23.70931,-404,319,-26,3,1,-3
23.70943,-405,320,-27,0,-1,2
23.70957,-404,321,-28,3,2,7
23.70976,-405,321,-27,3,-1,-1
23.70999,-400,320,-31,-2,5,1
23.71006,-405,320,-25,2,0,1
23.71013,-405,320,-25,-1,1,-2
23.71016,-403,320,-27,-2,4,-3
23.71017,-400,320,-30,0,1,0
23.71018,-401,319,-27,4,1,-1
23.71022,-405,321,-29,1,-5,0
23.71069,-405,321,-29,0,3,2
23.71073,-406,320,-26,1,-6,-1
23.71079,-402,320,-26,1,6,2
23.71092,-401,321,-26,5,-7,-1
23.71094,-405,318,-32,-5,3,-1
23.76162,-402,320,-24,3,0,3
23.76175,-399,320,-25,2,-6,1
23.76189,-399,320,-25,-4,1,-2
23.76194,-399,320,-25,1,4,2
23.76199,-406,319,-25,1,-1,1
23.76208,-403,321,-28,-1,4,0
23.76210,-403,321,-28,2,-2,3
23.76219,-403,321,-28,5,-2,4
23.76222,-407,319,-31,5,-1,1
23.76223,-402,318,-33,3,-6,-1
23.76224,-402,318,-33,-4,-2,1
23.76231,-409,318,-27,5,-2,1
23.76238,-401,320,-30,-4,2,-2
23.76242,-401,320,-30,-3,1,4
23.81312,-404,318,-29,1,5,-4
23.81316,-406,318,-30,8,-1,-1
23.81323,-406,318,-30,-1,1,3
23.81325,-406,318,-30,-3,1,2
23.81332,-406,319,-26,-1,-2,5
23.81336,-404,321,-28,-2,-3,-3
23.81340,-403,320,-27,0,-2,-1
23.81342,-405,321,-24,-3,1,2
23.81343,-399,322,-26,0,1,3
23.81344,-405,320,-29,-3,1,1
23.81345,-403,320,-27,-3,1,-1
23.81352,-403,320,-27,5,-2,0
23.81355,-400,318,-28,-4,3,1
23.81357,-400,318,-28,4,-2,-1
23.81358,-406,320,-26,-2,0,1
23.86647,-400,319,-27,-1,-2,1
23.86652,-409,318,-28,1,1,5
23.86659,-409,318,-28,1,-2,0
23.86666,-403,319,-27,0,-1,-1
23.86671,-401,320,-27,0,-2,1
23.86679,-400,317,-28,-2,4,-1
23.86681,-403,320,-27,-3,-4,3
23.86685,-404,319,-26,2,1,-3
23.86688,-402,320,-26,0,2,3
23.86690,-402,320,-26,-1,0,-1
23.86696,-404,320,-27,-1,5,-3
23.86709,-401,321,-26,-5,4,7
23.86713,-401,321,-26,4,-4,-1
23.86718,-405,319,-29,-3,3,0
23.86721,-401,321,-28,-1,0,2
23.86732,-401,321,-28,1,1,0
23.91781,-398,321,-26,1,-2,2
23.91785,-398,321,-26,4,-3,-1
23.91787,-396,323,-26,-3,5,1
23.91789,-405,319,-28,-2,0,-4
23.91796,-405,318,-26,1,-2,0
23.91797,-401,320,-27,1,0,-4
23.91798,-401,320,-28,-1,0,0
23.91799,-402,319,-26,0,-1,-4
23.91805,-403,322,-24,-5,4,4
23.91807,-401,321,-27,0,0,-1
23.91810,-399,321,-27,3,0,2
23.91814,-399,321,-27,-2,4,-2
23.91815,-404,320,-29,1,2,0
23.91821,-406,320,-27,-1,-1,3
23.91824,-401,319,-24,2,-1,-1
23.91826,-402,320,-30,-2,-1,-1
23.96948,-400,320,-27,-1,-4,0
23.96952,-402,320,-29,-5,-2,3
23.96965,-406,319,-28,-2,0,0
23.96967,-402,320,-24,4,-5,-3
23.96969,-401,320,-28,3,-3,0
23.96970,-401,320,-28,-3,1,0
23.96971,-404,319,-26,4,-1,-2
23.96983,-402,319,-27,-2,5,-2
23.96986,-402,319,-27,-2,3,0
23.96987,-400,319,-28,3,-1,1
23.96988,-400,319,-28,-1,0,2
23.96989,-405,319,-30,-6,8,4
23.96990,-398,321,-25,5,-2,3
23.96993,-399,320,-28,-3,3,1
23.96997,-403,319,-27,3,-1,2
24.02217,-404,318,-27,2,-2,-2
24.02224,-401,322,-24,-5,4,-1
24.02238,-401,322,-24,-3,1,0
24.02246,-401,318,-24,-1,1,3
24.02248,-403,319,-24,3,-2,3
24.02256,-403,319,-24,-4,-1,-1
24.02260,-400,320,-28,-1,-3,3
24.02270,-403,319,-27,-1,1,0
24.02273,-407,318,-30,-1,-1,-4
24.02286,-404,320,-27,3,-3,1
24.02290,-399,322,-27,-2,0,2
24.02292,-404,322,-27,4,-4,1
24.07534,-401,321,-28,0,0,1
24.07536,-403,322,-25,2,1,-4
24.07542,-403,322,-25,0,1,0
24.07543,-404,321,-28,-1,2,0
24.07543,-406,321,-26,5,-3,5
24.07544,-407,319,-28,3,4,-6
24.07550,-407,319,-28,-5,0,3
24.07550,-407,319,-28,-1,1,-1
24.07554,-403,319,-25,1,-4,0
24.07554,-402,317,-31,2,-3,-3
24.07555,-408,321,-26,-1,2,2
24.07556,-401,320,-25,2,-2,-1
24.07556,-401,320,-25,-2,6,2
24.07557,-404,322,-27,-6,10,2
24.12610,-402,320,-29,2,0,0
24.12614,-402,320,-29,-3,2,-1
24.12620,-402,320,-28,-1,3,3
24.12625,-402,320,-28,-1,-3,0
24.12626,-407,318,-31,-4,2,-3
24.12633,-402,318,-27,4,1,6
24.12635,-402,318,-27,2,-3,1
24.12637,-403,322,-25,-3,0,-1
24.12639,-403,322,-25,-1,4,2
24.12642,-404,321,-26,0,-3,1
24.12644,-404,320,-28,-4,2,2
24.12653,-404,320,-28,-1,0,-2
24.12653,-404,320,-25,1,1,-1
24.12654,-406,321,-26,-2,0,3
24.12654,-404,320,-23,-7,4,-2
24.12655,-404,320,-23,2,-8,3
24.17779,-407,319,-27,-2,2,3
24.17781,-401,321,-29,2,1,3
24.17782,-403,319,-30,-5,3,2
24.17787,-403,319,-26,7,-2,-1
24.17789,-402,320,-29,-6,-2,-2
24.17794,-402,319,-29,-6,6,4
24.17800,-399,320,-29,-1,2,1
24.17800,-405,319,-30,1,6,-5
24.17801,-405,319,-30,-7,2,-1
24.17806,-405,318,-24,4,-4,-1
24.22867,-409,321,-26,-4,3,-4
24.22869,-409,321,-26,-1,9,-2
24.22869,-402,323,-25,3,-5,3
24.22870,-402,323,-25,2,0,-2
24.22870,-399,321,-26,-1,1,-4
24.22878,-401,321,-24,0,8,1
24.22880,-401,321,-24,5,-2,0
24.22883,-401,319,-30,2,1,-3
24.22883,-401,319,-30,-4,4,0
24.22883,-408,319,-29,0,1,-2
24.22884,-405,319,-25,1,-3,-1
24.22884,-402,321,-27,-1,1,0
24.22885,-403,322,-29,0,0,-1
24.22893,-399,320,-28,3,-5,-3
24.22894,-402,320,-31,2,6,-6
24.22895,-402,320,-31,-7,4,-2
24.28182,-404,321,-30,-4,2,-2
24.28187,-404,321,-30,-3,5,-1
24.28187,-405,322,-24,-7,9,3
24.28197,-406,319,-24,1,3,7
24.28210,-406,319,-24,-5,7,4
24.28210,-409,319,-27,5,-9,5
24.28211,-402,319,-28,0,3,0
24.28211,-405,319,-26,5,-8,2
24.28211,-405,319,-26,-2,-3,-1
24.28220,-403,319,-24,-1,3,1
24.33300,-403,319,-24,5,-5,-5
24.33302,-405,320,-26,-4,3,3
24.33303,-405,318,-25,-3,3,2
24.33303,-405,318,-25,4,-4,-2
24.33303,-402,319,-26,2,2,-1
24.33304,-400,320,-32,2,-1,0
24.33310,-404,318,-24,0,2,1
24.33312,-404,318,-24,4,-8,0
24.33312,-404,320,-28,-5,6,1
24.33316,-402,323,-30,2,-1,-1
24.33317,-403,320,-25,4,-4,1
24.33323,-401,320,-26,-3,2,0
24.33324,-400,321,-26,0,1,1
24.33325,-400,321,-26,0,1,0
24.33328,-399,320,-24,6,-4,3
24.33329,-400,321,-31,-4,3,-2
24.38419,-400,320,-25,5,-2,1
24.38421,-402,320,-30,-2,-1,-1
24.38422,-408,319,-25,1,0,-5
24.38422,-408,319,-25,1,-1,3
24.38427,-403,319,-25,-4,3,-2
24.38428,-402,322,-29,-3,2,2
24.38428,-402,322,-29,0,-3,1
24.38430,-402,320,-26,6,-2,-1
24.38438,-406,319,-28,-7,2,2
24.38438,-405,321,-24,4,-2,-1
24.38445,-405,321,-24,-6,4,1
24.38445,-399,322,-30,1,-1,-4
24.38446,-399,322,-30,-1,2,2
24.38447,-405,320,-23,2,-2,-4
24.38454,-405,320,-23,-3,-2,0
24.38454,-400,321,-27,-3,5,-2
24.43628,-403,318,-25,-1,-1,3
24.43630,-403,318,-25,-2,-4,-1
24.43636,-402,318,-29,-7,4,0
24.43637,-404,320,-25,2,-3,3
24.43638,-404,320,-25,-4,1,6
24.43638,-402,320,-26,0,-3,0
24.43639,-400,321,-25,-1,-2,2
24.43639,-403,320,-26,3,-5,-1
24.43640,-403,320,-26,-5,3,1
24.43641,-406,321,-25,2,0,-2
24.43641,-401,319,-26,4,2,2
24.43642,-403,320,-29,-3,5,1
24.43642,-403,320,-29,-3,2,0
24.43643,-402,320,-28,0,0,2
24.43643,-398,322,-26,-1,5,0
24.43643,-398,322,-26,2,-8,2
24.48911,-402,321,-28,1,-1,3
24.48916,-402,319,-31,-3,2,0
24.48922,-406,320,-26,1,1,0
24.48931,-403,318,-26,0,-1,1
24.48938,-404,320,-27,-3,4,1
24.48941,-404,320,-27,1,1,-1
24.48943,-400,321,-26,1,-4,4
24.48949,-402,319,-27,1,4,-3
24.48953,-403,319,-29,-1,3,5
24.48963,-403,319,-29,6,-1,-6
24.48965,-398,322,-28,-4,5,3
24.48966,-398,322,-28,-1,-4,-3
24.48967,-401,322,-26,1,2,4
24.48968,-397,322,-26,-1,1,-1
24.48977,-401,323,-24,-1,4,-1
24.48979,-401,323,-24,-1,-3,1
24.53988,-407,319,-27,-3,8,4
24.53994,-407,319,-27,3,-8,3
24.53997,-401,320,-27,-4,1,7
24.54000,-401,320,-27,-1,-1,-4
24.54003,-400,318,-29,0,1,-3
24.54021,-405,320,-24,-1,-2,0
24.54035,-398,319,-25,2,-2,-3
24.54038,-403,322,-28,-1,2,0
24.54044,-403,322,-28,-5,4,5
24.54046,-404,319,-27,6,-4,-1
24.54055,-401,323,-24,0,2,8
24.54057,-401,320,-32,-2,-2,-5
24.54060,-406,320,-28,-7,3,1
24.54065,-406,320,-28,0,3,1
24.54069,-406,319,-29,-2,2,-4
24.54076,-404,319,-28,-1,4,0
24.59165,-406,318,-33,-2,3,-3
24.59170,-402,320,-25,3,-3,0
24.59183,-401,319,-29,-2,-2,1
24.59186,-406,317,-25,-3,3,0
24.59197,-406,317,-25,4,-2,2
24.59203,-400,322,-23,-3,3,6
24.59205,-399,322,-25,-2,0,-3
24.59206,-399,322,-25,2,0,2
24.59207,-404,321,-25,4,-3,-1
24.59209,-404,320,-26,-5,4,1
24.59238,-402,321,-30,3,3,0
24.59241,-399,320,-25,-1,-1,1
24.59243,-402,320,-25,-2,2,-3
24.59244,-404,321,-24,-4,2,4
24.59246,-404,321,-24,4,-3,0
24.59256,-405,320,-25,-2,4,5
24.64327,-401,320,-25,4,1,0
24.64340,-405,320,-29,0,-1,-1
24.64348,-405,320,-29,-1,-1,-2
24.64358,-404,320,-27,-1,4,0
24.64373,-402,319,-29,1,-2,1
24.64391,-402,319,-29,-2,3,1
24.64407,-407,317,-27,-2,3,2
24.64410,-407,317,-27,2,-1,0
24.64412,-404,319,-26,-6,-1,4
24.64414,-402,320,-28,-4,4,-1
24.64416,-401,318,-28,-2,-1,-2
24.64427,-401,320,-25,3,-2,3
24.64433,-402,319,-26,-3,3,-1
24.64439,-402,319,-26,1,5,3
24.64442,-400,319,-23,4,-6,2
24.64449,-403,318,-28,-8,3,-2
24.69727,-406,321,-25,-1,2,2
24.69731,-401,320,-27,2,2,-2
24.69737,-402,320,-25,7,-6,-1
24.69740,-407,319,-30,-1,0,-4
24.69746,-407,319,-30,-1,6,1
24.69748,-405,321,-25,3,-5,3
24.69753,-401,321,-29,2,-1,0
24.69754,-401,321,-29,-2,1,1
24.69755,-400,319,-27,4,-5,-1
24.69756,-407,319,-29,-5,3,6
24.69758,-407,319,-29,1,-3,-1
24.69759,-403,319,-27,-5,6,6
24.69765,-399,321,-23,6,-3,0
24.69770,-404,319,-28,1,-2,-8
24.69771,-406,320,-29,-4,8,3
24.74782,-404,319,-27,4,-3,-2
24.74787,-403,319,-26,3,0,1
24.74837,-403,319,-26,0,-4,-5
24.74857,-400,322,-27,-2,5,-1
24.74864,-402,320,-25,-2,0,-1
24.74876,-402,320,-25,-2,3,2
24.74878,-403,320,-24,-2,-2,-1
24.74880,-402,320,-27,-7,2,0
24.74881,-399,321,-27,2,-5,-2
24.74886,-401,321,-27,3,2,2
24.74893,-401,321,-27,1,1,-4
24.74896,-402,319,-28,-1,0,4
24.74898,-405,318,-28,4,0,-3
24.74912,-405,318,-28,-1,5,-3
24.74917,-405,318,-28,-4,5,1
24.74918,-403,319,-23,-2,1,-4
24.79980,-398,322,-25,3,3,-2
24.79984,-403,320,-27,-5,-1,0
24.79987,-405,319,-30,-8,7,-2
24.79988,-404,320,-27,7,-6,2
24.79990,-404,320,-27,1,-1,3
24.79994,-399,319,-31,-2,-1,1
24.80011,-406,320,-30,-1,2,6
24.80014,-401,320,-25,-2,-2,-2
24.80016,-401,320,-25,-1,1,2
24.80017,-403,323,-29,3,0,2
24.80020,-405,320,-26,2,0,-4
24.80033,-405,320,-26,4,-1,2
24.80038,-404,320,-28,-4,1,5
24.80042,-400,322,-22,2,4,1
24.80046,-400,322,-22,7,-7,1
24.80051,-402,318,-27,-2,2,-1
24.85186,-407,319,-24,3,1,2
24.85195,-407,319,-24,0,0,1
24.85198,-405,320,-27,-6,2,1
24.85200,-404,319,-28,3,-5,-2
24.85209,-401,322,-24,3,2,1
24.85223,-401,320,-30,-1,-1,-6
24.85227,-403,321,-29,-1,3,7
24.85233,-402,319,-27,3,-4,-3
24.85237,-402,319,-27,0,0,1
24.85251,-400,321,-27,-1,6,2
24.85254,-406,322,-22,2,-3,-1
24.85255,-406,322,-22,0,0,-3
24.85256,-404,321,-24,-5,6,2
24.85260,-400,321,-25,3,1,0
24.85268,-402,321,-29,4,-2,-1
24.85272,-402,321,-29,-4,3,-3
24.90348,-406,321,-24,5,2,-1
24.90353,-403,321,-27,3,4,2
24.90362,-403,321,-27,1,2,3
24.90367,-400,323,-26,0,2,0
24.90369,-404,322,-27,-5,0,0
24.90375,-404,322,-27,-2,4,-1
24.90381,-404,319,-29,-5,2,0
24.90382,-403,319,-31,5,-1,0
24.90392,-403,319,-31,0,0,-3
24.90393,-400,319,-32,-5,2,-2
24.90394,-399,321,-27,-2,-1,0
24.90396,-399,321,-27,-3,4,3
24.90397,-399,319,-29,1,-1,-2
24.90401,-404,320,-27,-3,0,2
24.90406,-404,320,-27,3,-2,0
24.90410,-407,321,-29,-5,3,4
24.95602,-401,319,-24,4,-1,1
24.95623,-400,319,-29,-1,3,4
24.95637,-400,319,-29,3,-3,-1
24.95644,-405,320,-25,0,2,-2
24.95657,-402,321,-26,0,2,1
24.95661,-403,320,-27,5,-3,-1
24.95670,-402,320,-29,1,1,3
24.95677,-402,320,-29,3,1,-4
24.95679,-408,320,-28,-2,5,6
24.95697,-402,321,-26,0,4,1
24.95699,-402,321,-26,2,-2,5
24.95705,-402,320,-29,-1,0,1
24.95711,-402,320,-29,7,-3,-2
24.95715,-407,320,-24,-2,3,-1
24.95720,-400,323,-26,0,3,0
24.95727,-399,322,-26,-2,3,-1
25.00779,-403,320,-28,-2,0,-5
25.00788,-407,320,-26,3,3,4
25.00795,-407,320,-26,-3,5,1
25.00807,-401,320,-27,3,-1,-4
25.00820,-402,320,-27,2,5,-2
25.00824,-401,321,-26,3,-4,-2
25.00829,-401,321,-26,-2,5,2
25.00838,-402,322,-26,3,-4,5
25.00843,-401,321,-31,-3,3,-1
25.00849,-401,321,-31,-2,4,-1
25.00853,-405,318,-27,4,-5,0
25.00854,-405,318,-27,0,0,0
25.00856,-403,321,-27,4,-4,0
25.05906,-401,322,-24,-4,1,2
25.05921,-401,322,-24,2,-3,-4
25.05933,-400,320,-27,3,0,-1
25.05952,-407,318,-27,-1,1,2
25.05956,-404,319,-27,6,-1,-2
25.05958,-404,319,-27,-2,1,3
25.05961,-398,319,-32,-1,1,-4
25.05963,-404,322,-26,-3,-4,4
25.05975,-404,322,-26,0,0,-2
25.05982,-402,321,-28,1,1,1
25.05991,-401,319,-29,4,-5,-3
25.05999,-401,319,-29,-1,6,2
25.06004,-403,320,-29,-1,3,-1
25.06022,-403,320,-29,3,0,-1
25.06036,-402,320,-27,1,-5,1
25.06040,-400,320,-30,-5,3,0
25.11377,-401,320,-25,5,-3,6
25.11382,-400,320,-28,2,0,2
25.11389,-401,320,-29,-1,0,1
25.11395,-403,322,-26,5,1,-1
25.11398,-403,322,-26,0,-1,-2
25.11399,-401,321,-27,-1,-2,2
25.11400,-404,319,-28,-1,-1,-1
25.11406,-406,320,-27,-3,0,4
25.11411,-401,322,-24,-7,6,1
25.11414,-401,322,-24,4,-4,0
25.11415,-405,320,-24,-1,-2,7
25.11416,-399,322,-28,-5,4,-1
25.11418,-406,319,-30,0,-1,1
25.11420,-402,320,-28,-2,1,4
25.11426,-402,320,-28,1,-4,1
25.11428,-400,321,-29,-4,2,0
25.16445,-406,320,-28,-5,3,-1
25.16450,-406,320,-28,2,-1,3
25.16452,-401,319,-25,2,0,0
25.16454,-400,320,-26,2,-1,0
25.16456,-405,320,-26,-5,2,-1
25.16458,-405,320,-26,0,-3,-1
25.16468,-405,320,-25,-4,0,2
25.16471,-401,320,-27,-2,1,0
25.16474,-401,321,-28,7,-2,0
25.16476,-401,321,-28,-3,1,0
25.16483,-400,320,-28,-3,2,2
25.16486,-400,320,-28,2,-4,1
25.16488,-401,319,-25,-1,-5,-3
25.16490,-402,320,-28,3,1,2
25.16493,-406,321,-24,2,5,3
25.16495,-402,320,-27,3,-3,3
25.21590,-404,320,-29,1,1,4
25.21594,-399,322,-25,-1,4,4
25.21598,-400,323,-25,-3,1,-2
25.21600,-403,322,-27,-4,6,2
25.21603,-399,320,-27,-2,1,1
25.21607,-400,319,-27,-8,7,5
25.21616,-401,321,-28,1,3,1
25.21619,-400,319,-28,3,3,-1
25.21621,-404,319,-25,2,-1,2
25.21623,-404,319,-25,1,2,1
25.21624,-404,319,-28,1,3,-1
25.21633,-404,319,-28,-1,0,0
25.21635,-400,320,-26,1,-2,3
25.26771,-405,321,-26,-1,2,4
25.26787,-404,321,-24,1,0,3
25.26791,-404,321,-24,2,-1,1
25.26804,-402,321,-28,2,-3,4
25.26809,-402,321,-28,-1,2,1
25.26823,-405,322,-30,-1,2,-1
25.26826,-401,320,-24,0,0,1
25.26831,-401,320,-24,-1,1,4
25.26835,-405,321,-27,-1,0,-2
25.26844,-404,320,-27,2,-2,3
25.26848,-404,320,-27,0,-2,-1
25.26860,-406,320,-27,-7,2,2
25.26864,-400,322,-24,4,-3,3
25.26876,-400,322,-24,4,-5,5
25.26879,-401,320,-28,-6,0,-2
25.26886,-408,318,-28,-1,0,0
25.32108,-400,321,-25,1,-3,-2
25.32117,-403,322,-30,-2,2,-1
25.32119,-400,320,-26,-1,4,1
25.32125,-400,320,-26,3,-3,-4
25.32129,-401,321,-25,0,3,1
25.32132,-401,321,-28,-3,2,0
25.32139,-400,320,-28,0,-1,0
25.32144,-406,320,-25,2,3,-1
25.32150,-402,321,-27,-2,7,-2
25.32155,-398,322,-28,-3,-4,4
25.32157,-401,318,-25,-1,-1,-3
25.32159,-401,319,-28,-4,-3,4
25.32166,-401,319,-28,1,1,-2
25.32167,-401,318,-24,3,4,4
25.32168,-403,318,-29,3,-3,2
25.32177,-403,318,-29,-5,3,0
25.37192,-407,322,-28,0,0,1
25.37195,-407,322,-28,1,2,-6
25.37199,-401,322,-24,3,-1,3
25.37201,-401,322,-24,-6,4,0
25.37209,-406,318,-27,-3,1,4
25.37212,-401,320,-27,0,3,-1
25.37214,-401,320,-27,2,3,-2
25.37218,-405,321,-27,0,2,0
25.37220,-399,319,-27,1,-5,1
25.37223,-401,319,-29,-3,1,4
25.37229,-401,320,-28,1,1,1
25.37232,-401,320,-28,-1,-6,-1
25.37235,-404,319,-29,5,-5,-2
25.42314,-411,318,-30,-5,5,3
25.42320,-405,319,-27,0,-4,-1
25.42325,-405,319,-27,1,1,4
25.42331,-402,322,-26,3,-8,-2
25.42335,-406,319,-28,-4,-1,3
25.42339,-403,319,-25,-2,-1,2
25.42340,-403,319,-25,0,1,3
25.42341,-400,319,-27,2,-3,-5
25.42343,-403,320,-30,-6,7,3
25.42344,-406,317,-27,4,-2,0
25.42348,-406,317,-27,-1,1,0
25.42351,-400,320,-28,-2,5,1
25.42352,-402,322,-29,1,-2,-5
25.42353,-402,318,-28,0,1,4
25.42354,-407,319,-27,-3,6,-3
25.42355,-401,320,-25,2,3,2
25.47512,-403,321,-26,-1,-1,2
25.47520,-404,319,-26,0,4,2
25.47523,-403,321,-27,-6,2,-2
25.47525,-403,321,-27,-2,3,3
25.47526,-403,321,-27,2,-1,-3
25.47534,-401,320,-28,0,2,-1
25.47536,-405,319,-27,3,1,0
25.47538,-401,320,-28,-2,1,-2
25.47548,-404,321,-26,3,0,-1
25.47550,-404,321,-26,-7,6,0
25.47552,-402,320,-27,1,-2,2
25.47558,-400,319,-24,-5,1,3
25.47567,-402,319,-24,0,5,1
25.52603,-402,319,-24,0,0,-2
25.52611,-403,320,-30,-5,1,-2
25.52623,-409,320,-28,-3,2,2
25.52628,-409,320,-28,2,-2,-2
25.52630,-406,318,-28,-4,4,4
25.52641,-400,320,-29,7,-3,0
25.52652,-405,321,-27,-4,-2,0
25.52656,-404,320,-26,1,3,0
25.52668,-401,320,-25,-2,2,2
25.52671,-401,320,-25,2,4,-2
25.52674,-400,321,-28,0,-3,1
25.52675,-403,322,-26,0,6,-4
25.52681,-403,322,-26,1,-3,5
25.52684,-401,320,-29,0,-2,1
25.52689,-401,320,-29,-4,4,4
25.52690,-399,320,-24,7,-8,-3
25.57969,-406,321,-25,-13,1,-5
25.57974,-412,319,-16,4,13,4
25.57975,-412,319,-16,-50,39,-5
25.57977,-388,311,-21,-48,12,0
25.57979,-435,291,45,-27,10,-19
25.57986,-453,258,141,48,-34,15
25.57988,-449,261,-34,-136,101,-38
25.57989,-464,282,41,32,29,-10
25.57991,-412,299,136,-78,129,-16
25.57993,-362,330,149,-130,171,26
25.58003,-492,260,36,10,-92,-87
25.63478,-492,260,36,-171,202,30
25.63499,-507,261,90,-12,20,9
25.63506,-507,261,90,-54,-6,-51
25.63508,-450,252,8,-41,35,11
25.63522,-414,308,31,-191,233,-14
25.63529,-437,287,-15,-75,28,-22
25.63536,-437,287,-15,-102,46,-56
25.63542,-452,310,-19,-209,199,13
25.63548,-426,316,57,-2,-35,-20
25.63551,-426,316,57,-12,56,3
25.63553,-399,325,-4,0,-50,-14
25.63555,-413,292,-139,-119,111,-17
25.63556,-412,323,-87,-247,202,-6
25.63558,-446,286,-51,-32,-24,-36
25.63567,-363,336,99,35,10,17
25.63570,-388,315,-51,-23,2,-37
25.68603,-427,284,-31,41,-58,-6
25.68608,-427,284,-31,8,1,-11
25.68616,-418,302,4,90,-53,38
25.68622,-395,317,-23,23,-38,23
25.68626,-389,345,-114,22,-12,-9
25.68633,-394,317,-56,54,-50,11
25.68638,-394,317,-56,92,-89,-9
25.68641,-415,318,-32,77,-37,10
25.68643,-404,304,-1,-40,18,20
25.68656,-398,332,49,7,-15,18
25.68658,-398,332,49,-27,49,-14
25.68659,-362,333,51,82,-94,-21
25.73898,-413,318,11,31,-10,10
25.73910,-413,318,11,7,-1,15
25.73917,-435,298,-69,-30,2,11
25.73919,-412,315,10,-2,19,-5
25.73921,-412,315,10,26,-56,-18
25.73930,-396,318,21,-59,80,12
25.73933,-396,318,21,17,-41,-1
25.73938,-441,297,-5,37,-43,5
25.73940,-400,322,-23,8,21,21
25.73948,-378,339,-53,10,-40,2
25.73952,-385,328,9,-32,37,-10
25.73954,-385,328,9,33,-18,0
25.73955,-397,337,-64,-146,117,-32
25.73958,-419,322,13,-87,60,-34
25.73959,-419,322,13,-18,-8,-1
25.73966,-424,298,-20,-105,114,-10
25.79028,-395,324,-26,-63,104,16
25.79034,-422,319,54,-41,58,4
25.79050,-380,341,-28,-117,111,-6
25.79053,-354,347,-41,-18,19,13
25.79059,-392,350,-32,-46,61,-9
25.79060,-390,329,-9,8,-6,17
25.79066,-390,329,-9,-13,17,-7
25.79067,-404,313,11,45,-31,-7
25.79070,-404,313,11,-145,122,-13
25.79072,-424,299,-29,47,-59,7
25.79074,-408,331,51,-3,50,20
25.79075,-417,335,-6,105,-114,-5
25.79077,-417,335,-6,-12,31,25
25.84210,-386,322,-106,-70,60,-22
25.84216,-390,331,-63,-74,63,-17
25.84224,-389,314,-15,-3,-4,-17
25.84227,-389,314,-15,27,-6,34
25.84230,-432,304,14,109,-107,0
25.84242,-413,295,5,68,-32,17
25.84249,-391,312,-79,-83,70,-1
25.84258,-391,312,-79,-51,38,-43
25.84261,-381,344,5,-30,56,15
25.84264,-365,345,8,69,-71,-13
25.84270,-399,324,-50,33,0,16
25.84272,-408,303,-125,147,-140,5
25.84275,-408,303,-125,-107,105,15
25.84283,-396,307,-141,-41,21,6
25.84285,-402,332,-3,-71,42,-11
25.84290,-402,332,-3,113,-114,-10
25.89534,-382,336,-37,37,2,-15
25.89539,-414,306,132,164,-139,20
25.89551,-399,300,-125,-82,83,2
25.89554,-400,316,-190,-84,33,-7
25.89555,-400,316,-190,49,-49,-1
25.89559,-401,327,-20,-120,89,5
25.89568,-378,329,-29,28,-4,6
25.89570,-415,333,100,140,-117,13
25.89572,-402,333,-80,11,11,8
25.89582,-402,333,-80,28,-52,-7
25.89596,-409,306,-95,-38,75,15
25.89598,-389,323,-25,24,-44,4
25.89599,-413,323,-81,-151,116,-13
25.89607,-372,328,-25,-36,17,-23
25.89609,-403,324,77,5,-7,-5
25.94702,-433,311,20,14,-15,-2
25.94707,-391,321,-67,-114,80,-41
25.94715,-427,320,4,-67,34,-12
25.94722,-427,320,4,-65,65,-6
25.94728,-434,299,29,109,-71,14
25.94729,-391,335,24,25,-8,2
25.94742,-394,312,-81,70,-71,-2
25.94748,-393,299,-83,-86,78,19
25.94752,-393,299,-83,-42,12,-16
25.94754,-402,330,-12,-165,155,-34
25.94755,-446,316,-21,41,-32,-15
25.94756,-446,316,-21,-11,7,18
25.94757,-403,313,-117,-51,36,8
25.94758,-411,321,-30,58,-67,24
25.94759,-392,320,-25,22,-3,-4
25.94770,-392,320,-25,26,-25,-14
25.99809,-401,326,-100,-69,78,0
25.99815,-363,328,-34,5,-3,-15
25.99819,-405,336,-57,-119,75,-45
25.99822,-409,295,-79,-13,38,14
25.99832,-424,332,29,4,4,34
25.99834,-412,298,-34,-6,9,-1
25.99838,-391,308,67,-25,4,11
25.99841,-391,308,67,121,-86,-22
25.99848,-392,332,57,-46,23,-1
25.99853,-395,330,-186,-199,185,-33
25.99855,-399,326,-100,7,-39,-11
25.99857,-364,348,-44,4,11,24
25.99860,-364,348,-44,32,-38,-8
25.99872,-385,326,25,87,-70,10
25.99875,-385,326,25,-8,42,17
25.99877,-401,323,-10,-29,-19,-25
26.04980,-413,321,4,118,-107,34
26.04995,-360,340,2,31,2,13
26.05007,-367,351,-63,-77,45,-30
26.05013,-393,312,-132,-141,106,-40
26.05020,-408,299,-9,-150,138,15
26.05022,-408,299,-9,87,-97,-21
26.05035,-423,303,84,150,-112,33
26.05038,-431,304,-1,27,2,14
26.05039,-411,303,-98,-66,12,-13
26.05040,-386,325,-35,-141,117,-70
26.05044,-386,325,-35,-105,90,0
26.05053,-418,333,1,-43,26,-30
26.05055,-418,333,1,130,-87,51
26.05060,-404,341,28,91,-73,40
26.05067,-399,327,-18,124,-121,-10
26.05068,-387,318,-26,58,-19,27
26.10308,-415,301,-25,144,-162,11
26.10313,-413,317,75,30,37,37
26.10320,-433,312,-1,132,-127,-7
26.10322,-433,312,-1,71,-48,28
26.10331,-363,317,-117,-11,-4,-51
26.10333,-403,315,-185,-200,161,-24
26.10336,-403,315,-185,-223,169,-38
26.10338,-413,297,-9,55,-45,29
26.10345,-444,327,170,163,-110,19
26.10347,-382,324,98,131,-100,-11
26.10349,-372,316,-47,-37,53,14
26.10353,-372,316,-47,-51,27,-22
26.10355,-413,325,-95,-215,182,-18
26.10356,-413,325,-95,-100,61,-40
26.10357,-392,323,49,147,-136,17
26.10358,-412,334,53,9,1,47
26.15404,-402,294,-50,191,-166,39
26.15411,-436,315,-20,97,-70,40
26.15421,-428,322,-54,-6,-24,-21
26.15425,-428,322,-54,-93,70,-19
26.15427,-405,312,-20,-130,119,-28
26.15428,-388,322,-58,-165,124,-32
26.15430,-432,311,-10,35,-18,-2
26.15434,-432,311,-86,137,-98,7
26.15437,-432,311,-86,37,-27,19
26.15440,-410,318,15,43,-24,16
26.15444,-394,323,-53,-49,34,-11
26.15446,-364,352,-102,-173,111,-32
26.15447,-389,313,-36,-27,46,-13
26.20475,-428,308,-8,139,-133,12
26.20479,-428,308,-8,13,38,16
26.20482,-373,328,-76,74,-71,19
26.20484,-390,316,-34,-89,83,-16
26.20486,-390,316,-34,71,-65,22
26.20487,-430,317,35,25,-11,1
26.20502,-401,343,21,8,-2,29
26.20505,-401,343,21,42,-34,5
26.20507,-377,343,37,136,-113,3
26.20510,-371,315,-179,-38,28,-41
26.20511,-371,315,-179,-194,162,-32
26.20526,-438,290,-178,-101,60,0
26.20529,-446,304,-26,-27,7,12
26.20531,-424,313,113,80,-62,-1
26.20533,-401,320,-13,-29,42,6
26.20534,-397,328,-86,-3,19,-2
26.25630,-386,301,-99,-69,21,-68
26.25631,-444,291,-24,-139,144,30
26.25632,-444,291,-24,57,-33,13
26.25632,-431,306,107,185,-159,51
26.25638,-408,329,-7,-4,2,-2
26.25638,-408,329,-7,31,-17,20
26.25639,-368,343,5,62,-62,-19
26.25639,-367,345,-50,-142,139,11
26.25640,-418,313,41,21,-39,-33
26.25647,-418,313,41,106,-61,9
26.25647,-396,312,38,10,1,-4
26.25648,-396,312,38,-51,74,12
26.25651,-421,282,53,-98,65,6
26.25652,-417,287,-135,6,-35,-11
26.25652,-447,280,10,12,-7,17
26.30827,-402,324,-104,97,-92,-19
26.30830,-423,318,-105,-184,126,1
26.30830,-407,314,86,-29,10,-19
26.30836,-407,314,86,94,-60,33
26.30837,-412,324,51,51,-45,-32
26.30838,-396,322,-38,-32,57,16
26.30839,-415,309,2,113,-108,13
26.30845,-374,320,-122,-129,119,3
26.30846,-374,320,-122,-38,24,-30
26.30847,-403,325,-18,-3,15,-18
26.30851,-411,308,-3,100,-86,23
26.30851,-375,304,-93,11,15,17
26.30854,-375,304,-93,-14,-28,-21
26.30854,-409,323,-84,-163,134,12
26.30857,-409,323,91,-45,8,-38
26.30857,-409,323,91,22,6,33
26.36132,-392,323,-55,-101,112,-10
26.36134,-380,331,-4,-86,34,-53
26.36141,-380,331,-4,-166,168,-42
26.36142,-409,302,37,37,-46,-9
26.36142,-450,290,13,-41,73,-11
26.36147,-408,301,-110,-134,92,-14
26.36154,-419,314,-151,-126,69,-17
26.36154,-385,347,29,-17,12,-5
26.36155,-385,347,29,-6,-4,12
26.36156,-389,349,-18,-28,36,-37
26.36156,-416,336,-42,-26,-10,-9
26.36157,-429,319,-76,-133,135,-44
26.36158,-429,319,-76,-262,224,-21
26.36163,-434,289,-70,30,-22,5
26.41175,-448,295,75,17,-26,-3
26.41176,-408,327,3,-84,56,-39
26.41176,-378,334,-16,-59,36,-23
26.41177,-406,311,51,-61,58,-28
26.41180,-406,311,51,-98,86,-12
26.41181,-430,312,5,-140,102,-35
26.41182,-430,312,5,43,-38,5
26.41183,-426,328,99,61,-24,36
26.41191,-413,307,-23,85,-65,-2
26.41191,-408,319,-67,5,-10,-45
26.41192,-348,351,-77,-296,249,-73
26.41194,-385,338,43,6,1,4
26.41195,-394,310,26,142,-128,41
26.41197,-407,299,16,56,-63,1
26.41198,-381,322,-66,-127,125,0
26.41198,-381,322,-66,-38,11,-62
26.46263,-412,319,-133,-72,52,-38
26.46265,-412,319,-133,-167,133,-2
26.46265,-430,303,12,271,-219,50
26.46265,-361,333,-178,152,-139,22
26.46266,-361,333,-178,-191,168,-14
26.46273,-378,329,-127,-19,-8,-44
26.46275,-397,313,-126,-57,61,-22
26.46286,-397,313,-126,-197,147,-32
26.46287,-395,302,141,-65,56,36
26.46292,-395,302,141,312,-251,21
26.46292,-398,335,20,-63,56,2
26.46297,-398,335,20,-74,51,-22
26.46298,-413,318,46,-58,41,0
26.46302,-402,329,-83,44,-22,32
26.46303,-429,311,73,126,-81,33
26.46304,-386,318,-100,-322,283,-59
26.51444,-418,302,17,5,-20,-6
26.51446,-418,302,17,171,-125,1
26.51446,-401,320,51,-50,27,-32
26.51447,-351,317,-169,-249,138,-61
26.51454,-375,331,85,-22,-21,-39
26.51455,-375,331,85,-42,65,10
26.51456,-395,326,58,111,-60,59
26.51460,-396,331,-40,-103,77,-18
26.51472,-349,333,-154,-169,115,-51
26.51473,-428,314,20,47,-71,-12
26.51482,-425,310,-11,191,-178,46
26.51482,-411,313,49,74,-58,-18
26.56580,-427,315,-145,-152,142,-35
26.56584,-463,310,-74,25,-39,4
26.56589,-463,310,-74,-16,32,60
26.56591,-411,310,69,225,-185,31
26.56596,-411,310,69,192,-136,11
26.56599,-376,333,-145,-171,157,-31
26.56603,-406,339,-50,-95,39,-12
26.56604,-406,339,-50,14,13,22
26.56607,-426,296,42,111,-132,16
26.56610,-362,319,-35,-9,22,3
26.56611,-362,319,-35,-90,86,-26
26.56616,-418,325,-39,-125,91,-31
26.56621,-440,323,12,-21,26,-5
26.56624,-440,323,12,56,-36,50
26.56628,-400,307,-3,170,-131,26
26.56629,-368,335,-94,80,-57,-3
26.61843,-379,347,42,32,-19,31
26.61849,-461,290,131,-53,58,7
26.61858,-431,304,-198,-47,-12,-12
26.61864,-424,309,-41,-15,2,-28
26.61868,-423,327,10,-15,25,-8
26.61874,-361,343,-41,-132,116,13
26.61887,-432,301,10,1,17,-7
26.61888,-432,301,10,33,-35,-8
26.61889,-427,313,-69,-61,61,10
26.61890,-427,313,-69,-74,42,0
26.61899,-395,317,21,-36,48,15
26.67084,-395,317,21,114,-125,-23
26.67088,-385,303,1,54,-8,58
26.67093,-385,303,1,140,-127,-47
26.67096,-415,310,-52,-135,138,15
26.67103,-444,294,-3,-149,86,-26
26.67106,-419,311,76,52,-54,-8
26.67108,-402,318,33,11,4,25
26.67109,-416,331,-1,118,-98,7
26.67110,-364,332,57,85,-70,19
26.67114,-402,315,-15,-179,138,-25
26.67119,-402,315,-15,56,-51,13
26.67122,-422,308,87,105,-77,21
26.67124,-434,313,-26,57,-25,33
26.67125,-434,313,-26,133,-113,-1
26.67126,-384,316,-27,-97,94,-38
26.67127,-364,325,-165,-265,200,-43
26.72262,-374,346,-189,23,-53,-60
26.72269,-375,324,-129,177,-121,104
26.72278,-399,291,-162,126,-96,-10
26.72289,-399,291,-162,194,-128,82
26.72300,-299,420,-61,216,-175,30
26.72307,-403,325,-160,99,-99,-12
26.72309,-255,431,-163,-83,127,38
26.72316,-432,320,-139,125,-198,-79
26.72330,-328,380,-45,-65,155,86
26.72334,-319,409,-116,51,-115,-63
26.72336,-414,316,-95,93,-93,23
26.72340,-488,290,-78,16,23,5
26.72342,-488,290,-78,50,-72,-17
26.72348,-341,354,-23,2,34,30
26.72351,-312,366,-84,-40,-21,-66
26.72362,-312,366,-84,-109,133,16
26.77610,-418,321,14,92,-77,19
26.77636,-387,328,38,115,-113,-6
26.77640,-387,328,38,63,-47,36
26.77642,-406,315,-49,18,-9,2
26.77647,-425,304,-46,-19,18,8
26.77655,-398,312,-54,-100,76,-3
26.77658,-385,326,-36,-30,15,-20
26.77667,-415,316,-51,27,-18,-2
26.77673,-415,316,-51,-75,54,-7
26.77675,-434,297,-70,-43,34,4
26.77676,-415,305,10,17,-11,17
26.77678,-415,305,10,43,-38,-1
26.77683,-420,313,-1,12,-9,-4
26.77690,-415,306,-43,-75,59,-12
26.82796,-413,319,-25,-4,7,-14
26.82808,-397,322,0,-7,3,-4
26.82816,-413,316,-23,-4,7,-7
26.82824,-406,327,-13,-19,23,-8
26.82843,-399,326,-45,-31,32,-1
26.82848,-397,322,-35,-5,8,-5
26.82858,-400,326,-18,12,0,7
26.82862,-401,321,-28,21,-16,5
26.82866,-401,321,-28,13,-10,1
26.82887,-400,321,-38,-11,5,-2
26.82892,-400,319,-34,-1,-8,-1
26.82894,-404,321,-27,-17,18,0
26.82901,-404,321,-27,17,-21,-3
26.82907,-409,317,-13,24,-15,4
26.82912,-409,316,-25,8,-11,4
26.82916,-409,316,-25,22,-19,3
26.87957,-402,319,-29,6,1,1
26.87961,-403,317,-28,-16,14,2
26.87968,-402,317,-20,-4,-3,8
26.87971,-402,317,-20,17,-15,7
26.87980,-407,314,-20,14,-11,9
26.87982,-407,314,-26,8,-5,0
26.87984,-404,318,-26,2,-3,1
26.87987,-408,319,-20,-4,8,3
26.87988,-408,319,-20,3,1,-3
26.87992,-402,320,-24,4,-2,-2
26.87995,-402,320,-24,17,-12,5
26.88001,-405,320,-23,19,-12,3
26.93106,-404,324,-25,17,-16,8
26.93111,-404,324,-25,10,-2,3
26.93122,-401,324,-28,4,-3,1
26.93136,-399,323,-34,-4,-2,-1
26.93138,-398,323,-26,-4,14,1
26.93140,-398,323,-26,11,-13,1
26.93142,-400,321,-24,15,-8,2
26.93144,-401,320,-29,26,-22,-1
26.93146,-401,320,-29,4,0,4
26.93154,-405,318,-40,5,-3,0
26.93156,-409,320,-36,3,1,-3
26.93158,-398,323,-24,14,-7,3
26.93159,-398,320,-31,12,-11,-6
26.93162,-408,318,-33,-4,7,2
26.93167,-408,318,-33,-1,-2,0
26.93174,-404,320,-30,15,-8,2
26.98364,-405,318,-22,15,-12,2
26.98369,-405,320,-24,5,-4,0
26.98375,-405,320,-24,7,-4,1
26.98384,-403,320,-25,12,-10,3
26.98385,-403,320,-25,-6,6,4
26.98387,-403,322,-26,0,-4,5
26.98388,-403,319,-24,6,-7,3
26.98391,-406,317,-22,8,-6,0
26.98392,-402,319,-23,2,-4,-3
26.98400,-402,319,-23,7,-6,-1
27.03642,-407,320,-28,-4,2,-2
27.03647,-405,320,-29,4,0,-5
27.03655,-405,320,-29,0,0,-4
27.03658,-405,319,-32,-5,10,-4
27.03664,-406,319,-31,-2,3,-4
27.03666,-401,320,-28,4,-2,-2
27.03668,-403,319,-27,-7,3,-5
27.03670,-402,319,-29,-13,11,0
27.03672,-402,319,-29,5,3,-4
27.03677,-401,318,-28,-7,1,-1
27.03681,-407,318,-32,-3,6,-3
27.03683,-407,318,-32,-13,11,-2
27.03685,-406,321,-34,-13,10,-2
27.03686,-401,321,-32,-6,2,-3
27.03691,-400,320,-25,-1,4,2
27.03695,-407,317,-28,-3,-1,3
27.08782,-405,322,-26,1,0,-1
27.08788,-405,321,-20,-7,6,-2
27.08803,-402,320,-19,-9,7,0
27.08810,-402,320,-19,-1,-1,-1
27.08819,-405,320,-27,-5,4,-2
27.08823,-405,320,-27,-6,4,2
27.08829,-401,321,-24,-3,4,-4
27.08833,-408,318,-29,0,2,1
27.08838,-408,318,-29,-14,10,-2
27.08856,-401,317,-25,-10,7,-1
27.08861,-401,317,-25,5,-1,-5
27.08867,-404,318,-20,5,-4,0
27.08872,-407,317,-32,-1,1,-1
27.08874,-407,317,-32,-15,9,-2
27.14065,-407,318,-33,-11,8,1
27.14072,-400,319,-29,1,3,1
27.14082,-404,317,-29,-5,5,-1
27.14087,-406,318,-33,-10,6,0
27.14090,-403,318,-27,-5,4,-1
27.14094,-403,318,-27,5,-6,1
27.14100,-403,318,-27,-4,3,-1
27.14105,-408,319,-32,-14,12,0
27.14108,-404,321,-32,-7,6,-4
27.14115,-404,321,-32,-12,6,1
27.14124,-402,320,-26,-2,6,-2
27.14128,-405,319,-27,-3,6,-6
27.14138,-404,319,-28,-9,7,-2
27.14142,-404,319,-28,-6,4,-2
27.14145,-399,320,-28,-1,3,1
27.14153,-400,320,-23,2,-1,-2
27.19442,-403,321,-27,-6,3,0
27.19455,-403,321,-27,-5,6,0
27.19457,-400,322,-22,1,1,0
27.19474,-403,321,-23,0,5,0
27.19476,-407,320,-29,-3,3,0
27.19477,-402,320,-21,3,-4,0
27.19478,-405,318,-26,-6,3,-4
27.19494,-409,317,-26,1,3,-1
27.19498,-404,317,-25,3,2,2
27.19499,-404,317,-25,7,-10,0
27.19502,-406,315,-26,4,-4,1
27.19509,-409,316,-29,0,3,6
27.19514,-405,318,-27,-4,4,0
27.24844,-405,318,-27,-2,-1,2
27.24849,-401,318,-25,13,-8,0
27.24856,-406,316,-31,4,-3,-1
27.24864,-403,318,-28,9,-4,-1
27.24866,-404,318,-26,14,-8,1
27.24875,-404,318,-26,9,-2,5
27.24879,-405,318,-31,5,-4,2
27.24880,-407,318,-34,0,0,4
27.24882,-401,319,-32,2,-2,5
27.24886,-399,321,-27,12,-7,0
27.24891,-399,321,-27,3,0,2
27.24895,-405,322,-29,2,-1,0
27.24899,-402,323,-25,-3,5,1
27.24900,-402,323,-25,1,0,-4
27.24901,-400,322,-24,6,-4,1
27.24902,-402,322,-25,8,-3,0
27.30031,-403,318,-26,0,3,-3
27.30037,-403,318,-26,5,-6,2
27.30048,-399,318,-27,13,-7,0
27.30052,-402,317,-24,9,-2,-1
27.30054,-405,317,-24,3,-4,0
27.30061,-405,318,-28,-4,-2,5
27.30067,-405,318,-28,1,-3,2
27.30070,-404,318,-27,13,-9,1
27.30072,-404,318,-27,9,-9,-1
27.30075,-407,316,-32,3,-3,4
27.30077,-404,317,-31,-1,1,2
27.30079,-404,317,-31,2,0,2
27.30084,-401,317,-28,6,-3,0
27.30089,-406,317,-28,9,-6,1
27.30091,-406,317,-28,9,-3,2
27.30093,-407,318,-32,-6,4,1
27.35379,-401,321,-29,-1,-4,-3
27.35385,-399,320,-26,5,-2,2
27.35392,-402,321,-27,0,3,1
27.35407,-403,322,-30,-2,5,1
27.35413,-400,323,-25,-4,2,-1
27.35415,-400,323,-25,2,0,0
27.35417,-397,322,-24,4,-5,0
27.35419,-404,321,-28,-6,7,1
27.35427,-405,321,-29,-4,4,-1
27.35429,-402,322,-26,0,3,1
27.35436,-402,322,-26,2,-4,-2
27.35438,-398,320,-24,5,-2,-1
27.35444,-403,320,-27,-4,2,-1
27.35448,-403,320,-27,-11,9,-1
27.35449,-400,323,-23,2,-4,1
27.40482,-401,322,-20,-1,6,-1
27.40487,-403,320,-25,2,-4,-3
27.40489,-407,317,-27,-3,1,3
27.40492,-407,317,-27,-4,4,-1
27.40508,-405,317,-25,2,-3,-2
27.40511,-404,319,-30,-2,6,-2
27.40513,-406,320,-31,-6,5,1
27.40516,-406,317,-27,5,-2,1
27.40521,-406,317,-27,-2,4,0
27.40529,-406,319,-29,-5,1,2
27.40532,-406,319,-29,0,0,2
27.40534,-402,321,-27,2,1,1
27.40535,-405,319,-31,3,-5,0
27.40537,-405,319,-31,0,4,0
27.40546,-406,321,-33,-10,10,-3
27.40549,-401,320,-24,0,-1,3
27.45612,-405,322,-32,-3,5,1
27.45617,-403,322,-30,-7,9,-1
27.45625,-403,322,-30,-8,5,1
27.45628,-401,323,-24,-1,0,-4
27.45635,-400,321,-25,1,-1,2
27.45638,-400,322,-26,2,-1,0
27.45640,-402,321,-29,-7,8,-1
27.45642,-402,321,-29,-10,4,-3
27.45644,-399,322,-25,1,0,-2
27.45645,-399,321,-21,6,-5,-4
27.45654,-404,320,-26,-2,2,0
27.45661,-404,320,-26,-4,2,1
27.45666,-402,320,-24,-2,-2,-2
27.45667,-403,318,-24,-1,-2,1
27.45674,-406,318,-27,-6,5,-1
27.45676,-403,319,-27,2,-6,-2
27.50739,-405,318,-30,-8,3,0
27.50745,-405,318,-30,7,-4,1
27.50751,-405,317,-29,4,0,0
27.50756,-402,320,-28,-2,1,0
27.50759,-402,320,-28,8,-6,0
27.50767,-401,319,-25,5,-1,2
27.50771,-406,319,-29,-11,8,2
27.50773,-404,320,-29,7,-6,7
27.50774,-404,320,-28,0,0,3
27.50776,-406,321,-32,-7,1,1
27.50777,-402,320,-28,-7,0,-1
27.50779,-399,321,-27,5,-2,-3
27.55859,-405,321,-27,0,-3,1
27.55865,-405,321,-27,-5,5,2
27.55878,-404,321,-31,-2,3,-2
27.55881,-401,320,-24,8,-7,2
27.55883,-405,321,-30,-2,3,-1
27.55892,-405,321,-30,-3,6,2
27.55895,-400,322,-29,-3,-2,-2
27.55897,-400,322,-29,2,-5,-1
27.55899,-401,322,-26,2,-1,0
27.55903,-401,319,-27,3,-2,-2
27.55907,-403,319,-30,-7,7,-1
27.55908,-403,319,-30,-8,5,-3
27.55915,-401,320,-26,4,-5,-3
27.55916,-408,320,-28,-2,-1,1
27.55918,-408,318,-31,-4,-1,0
27.55924,-403,320,-24,5,-1,4
27.61204,-402,319,-23,10,-9,0
27.61208,-407,317,-27,1,3,3
27.61215,-405,318,-26,-6,3,0
27.61218,-405,318,-26,-3,5,-1
27.61220,-402,319,-24,3,-1,3
27.61223,-406,318,-28,5,-5,-2
27.61225,-406,318,-28,-1,3,1
27.61226,-405,319,-31,-5,9,-1
27.61231,-403,321,-28,2,3,-1
27.61233,-404,319,-24,4,-1,-1
27.61234,-404,319,-24,3,1,0
27.61236,-406,319,-27,0,-3,3
27.61237,-401,321,-25,-4,10,-2
27.61238,-401,321,-25,1,-5,2
27.61238,-401,320,-22,2,-8,1
27.61239,-402,318,-24,2,-7,1
27.66725,-403,321,-32,-10,7,-1
27.66739,-403,322,-28,-7,5,-1
27.66756,-403,322,-28,-4,3,-2
27.66759,-401,321,-23,-1,3,-1
27.66763,-401,321,-23,2,1,0
27.66773,-399,319,-21,4,-1,0
27.66780,-399,319,-21,5,-2,1
27.66789,-399,318,-23,6,-2,1
27.66793,-399,318,-23,6,-2,-1
27.66800,-400,319,-26,8,-4,-2
27.66802,-400,319,-26,9,-6,-2
27.66804,-405,319,-27,6,-6,-1
27.66805,-405,319,-27,3,-4,0
27.66807,-408,318,-29,1,0,-1
27.66816,-408,318,-29,-4,5,-3
27.66827,-407,318,-31,-7,8,-2
27.72344,-402,317,-24,5,-2,0
27.72351,-403,317,-30,2,0,2
27.72359,-403,317,-30,-3,2,2
27.72361,-405,317,-32,-7,5,1
27.72366,-405,317,-32,-9,7,1
27.72369,-407,319,-31,-12,7,1
27.72373,-407,319,-31,-14,9,0
27.72382,-406,320,-30,-13,10,0
27.72389,-406,320,-30,-12,9,0
27.72393,-402,320,-28,-11,9,0
27.72395,-402,320,-28,-11,8,-1
27.72397,-399,322,-25,-9,6,-2
27.72400,-399,322,-25,-6,4,-3
27.72407,-399,323,-22,-3,2,-3
27.72414,-399,323,-22,1,1,-4
27.72416,-399,322,-21,1,0,-2
27.77922,-400,319,-23,6,-2,0
27.77932,-401,320,-22,8,-5,1
27.77941,-401,320,-22,9,-6,2
27.77958,-403,319,-24,9,-8,2
27.77963,-403,319,-24,8,-7,2
27.77973,-405,317,-27,6,-6,2
27.77977,-405,317,-27,4,-3,3
27.77979,-407,318,-30,3,0,2
27.77983,-407,318,-30,2,3,1
27.77985,-407,319,-31,1,4,1
27.77995,-407,319,-31,-1,4,-1
27.78000,-407,320,-30,-4,5,-1
27.78002,-407,320,-30,-7,5,0
27.78014,-407,320,-30,-8,4,1
27.78016,-405,320,-27,-8,4,1
27.78018,-405,320,-27,-7,5,1
27.83442,-407,321,-32,-7,5,1
27.83450,-407,321,-32,-9,4,1
27.83452,-404,321,-29,-8,4,1
27.83453,-404,321,-29,-5,4,1
27.83454,-400,321,-26,-2,2,1
27.83456,-400,321,-26,-1,-1,-1
27.83458,-400,320,-25,-1,-2,-3
27.83459,-400,320,-25,0,-1,-3
27.83471,-400,319,-25,1,-1,-1
27.83476,-400,319,-25,2,-3,0
27.83478,-400,319,-26,4,-5,0
27.83481,-400,319,-26,6,-5,-1
27.83486,-401,318,-27,7,-5,-1
27.83491,-401,318,-27,5,-4,1
27.83495,-405,318,-28,2,-3,2
27.83496,-407,319,-30,1,-1,-1
27.88763,-402,319,-24,9,-7,4
27.88809,-402,320,-28,8,-3,2
27.88830,-402,320,-28,8,-2,-1
27.88837,-405,320,-30,7,-3,-2
27.88910,-405,320,-30,5,-1,0
27.88920,-407,319,-31,2,2,1
27.88927,-407,319,-31,-2,5,1
27.88938,-407,319,-31,-4,5,1
27.88945,-405,319,-30,-3,3,1
27.88953,-405,319,-30,-2,0,0
27.88955,-401,319,-29,-1,-1,0
27.88957,-401,319,-29,-1,-1,2
27.88958,-401,319,-28,0,-1,4
27.88959,-401,319,-28,1,-1,3
27.88961,-402,320,-26,2,-2,1
27.88966,-402,320,-26,4,-3,-1
27.94258,-405,320,-31,-7,5,0
27.94266,-405,320,-31,-7,6,2
27.94278,-403,320,-27,-6,6,3
27.94280,-403,320,-27,-5,7,1
27.94289,-400,320,-24,-4,7,0
27.94297,-400,320,-24,-1,5,-1
27.94300,-401,320,-22,3,0,-2
27.94303,-401,320,-22,5,-4,-3
27.94309,-401,321,-23,6,-5,-5
27.94316,-401,321,-23,5,-5,-5
27.94322,-401,320,-25,4,-4,-2
27.94325,-401,320,-25,2,-4,0
27.94326,-402,318,-26,2,-5,1
27.94338,-402,318,-26,2,-3,0
27.94340,-404,318,-26,4,-3,0
27.94349,-404,318,-26,5,-2,-2
27.99630,-400,320,-25,8,-1,1
27.99635,-400,320,-25,6,-1,1
27.99641,-403,319,-28,4,-1,0
27.99643,-403,319,-28,1,1,-1
27.99644,-405,320,-29,0,3,-1
27.99646,-405,320,-29,0,5,-1
27.99646,-407,321,-30,-2,6,-1
27.99648,-407,321,-30,-5,6,-1
27.99649,-407,322,-30,-6,5,-2
27.99651,-407,322,-30,-6,7,-2
27.99657,-405,321,-30,-7,11,-2
27.99658,-405,321,-30,-8,12,-2
27.99659,-401,320,-29,-9,11,-4
27.99661,-401,320,-29,-10,7,-5
27.99663,-398,321,-26,-8,4,-4
27.99665,-398,321,-26,-5,2,-1
28.05029,-404,320,-30,-6,5,-1
28.05034,-404,320,-30,-5,8,1
28.05040,-400,321,-28,-4,8,1
28.05042,-400,321,-28,-3,6,1
28.05049,-399,321,-25,-3,3,1
28.05053,-399,321,-25,0,0,0
28.05054,-401,321,-22,4,-2,1
28.05056,-401,321,-22,6,-4,1
28.05058,-403,320,-22,6,-4,0
28.05061,-403,320,-22,6,-4,0
28.05065,-402,319,-26,7,-4,-1
28.05067,-402,319,-26,7,-5,0
28.05068,-403,318,-30,5,-4,0
28.05070,-403,318,-30,3,-1,1
28.05072,-408,319,-31,1,0,1
28.05077,-408,319,-31,-2,1,1
28.10137,-401,320,-24,9,-7,1
28.10142,-400,320,-25,10,-7,1
28.10149,-400,320,-25,8,-6,1
28.10156,-402,319,-27,4,-5,-1
28.10164,-402,319,-27,1,-4,-3
28.10170,-402,319,-27,1,-2,-4
28.10173,-406,318,-30,1,0,-2
28.10183,-406,318,-30,1,3,1
28.10185,-407,318,-32,-1,6,2
28.10186,-407,318,-32,-3,6,3
28.10189,-406,319,-33,-4,7,2
28.10197,-406,319,-33,-6,7,2
28.10203,-404,320,-29,-8,7,0
28.10205,-404,320,-29,-8,6,-1
28.10206,-401,321,-26,-6,3,-2
28.10215,-401,321,-26,-3,0,-2
28.15602,-404,318,-29,6,0,3
28.15614,-404,318,-29,3,4,2
28.15622,-406,319,-32,0,5,1
28.15629,-406,319,-32,-1,4,1
28.15632,-406,320,-33,-2,4,1
28.15634,-406,320,-33,-3,6,1
28.15641,-402,321,-30,-4,8,1
28.15655,-402,321,-30,-5,7,0
28.15658,-400,320,-26,-3,5,0
28.15659,-400,320,-26,-1,5,1
28.15666,-401,320,-24,-1,5,1
28.15669,-401,320,-24,0,3,2
28.15672,-400,320,-23,0,1,3
28.15673,-400,320,-23,2,0,2
28.15681,-398,319,-24,3,-1,1
28.15684,-398,319,-24,4,-2,-1
28.20836,-399,319,-25,-7,5,-4
28.20852,-399,319,-25,-8,2,-3
28.20854,-397,320,-20,-5,-1,-1
28.20856,-397,320,-20,1,-4,-1
28.20868,-401,320,-19,4,-6,-2
28.20872,-401,320,-19,5,-6,-4
28.20875,-404,317,-22,4,-6,-5
28.20876,-404,317,-22,4,-4,-5
28.20877,-405,316,-29,1,-2,-4
28.20881,-405,316,-29,-2,-1,-3
28.20884,-406,317,-34,-4,1,-2
28.20886,-406,317,-34,-5,3,0
28.20889,-408,318,-34,-6,5,0
28.20889,-408,318,-34,-8,7,0
28.20890,-407,318,-31,-9,6,0
28.20891,-407,318,-31,-7,6,1
28.26399,-403,319,-25,5,-3,-1
28.26404,-403,319,-25,1,0,0
28.26415,-403,320,-31,-1,2,0
28.26420,-403,320,-31,-1,3,0
28.26422,-405,320,-32,-1,2,0
28.26423,-405,320,-32,-2,2,1
28.26426,-407,319,-32,-4,2,3
28.26429,-407,319,-32,-8,3,1
28.26430,-406,317,-32,-10,4,-1
28.26436,-406,317,-32,-7,5,-3
28.26441,-402,318,-30,-4,3,-2
28.26443,-402,318,-30,-3,0,0
28.26445,-400,320,-26,-3,0,0
28.26448,-400,320,-26,-2,1,0
28.26454,-401,319,-24,0,0,0
28.26455,-401,319,-24,2,-4,-1
28.31812,-399,320,-26,0,0,-2
28.31822,-399,320,-22,4,-1,-1
28.31831,-399,320,-22,5,-1,0
28.31838,-400,319,-21,5,-1,0
28.31840,-400,319,-21,5,-2,0
28.31842,-401,319,-21,7,-3,0
28.31848,-401,319,-21,10,-5,0
28.31859,-403,319,-23,9,-6,0
28.31866,-403,319,-23,7,-5,0
28.31868,-405,317,-27,5,-4,0
28.31876,-405,317,-27,4,-4,0
28.31884,-406,318,-31,4,-2,-1
28.31888,-406,318,-31,1,2,-1
28.31900,-405,319,-33,-3,3,1
28.31903,-405,319,-33,-7,4,1
28.31908,-403,318,-32,-9,3,0
28.37145,-402,318,-29,7,-2,-3
28.37156,-402,318,-29,6,-1,-1
28.37162,-406,319,-32,3,1,1
28.37166,-406,319,-32,0,4,1
28.37167,-406,321,-33,-4,6,0
28.37168,-406,321,-33,-6,5,0
28.37176,-403,322,-32,-7,4,1
28.37179,-403,322,-32,-7,3,1
28.37180,-402,322,-28,-6,4,-1
28.37183,-402,322,-28,-6,5,-2
28.37190,-402,321,-24,-4,4,-2
28.37192,-402,321,-24,1,0,-2
28.37193,-400,321,-21,7,-3,-2
28.37193,-400,321,-21,10,-4,-3
28.37194,-400,320,-22,10,-6,-1
28.37196,-400,320,-22,9,-7,0
28.42582,-402,319,-30,-8,6,1
28.42590,-401,321,-24,-7,6,2
28.42592,-401,321,-24,-3,6,2
28.42592,-400,320,-21,0,3,2
28.42593,-400,320,-21,1,-1,3
28.42594,-399,318,-22,-1,-3,3
28.42598,-399,318,-22,-3,-3,1
28.42606,-402,318,-25,-1,-2,-2
28.42610,-402,318,-25,4,-2,-3
28.42611,-404,319,-28,8,-3,-1
28.42612,-404,319,-28,7,-5,0
28.42616,-405,320,-30,7,-5,-1
28.42620,-405,320,-30,8,-4,-2
28.42621,-407,321,-30,6,-3,-2
28.42621,-407,321,-30,1,0,-1
28.42622,-409,320,-30,-3,4,0
28.48126,-403,318,-24,5,-5,-3
28.48128,-402,318,-29,4,-3,-2
28.48134,-402,318,-29,4,-1,-1
28.48135,-405,318,-33,4,0,-1
28.48135,-405,318,-33,4,0,-2
28.48136,-408,318,-33,1,0,-2
28.48137,-408,318,-33,-3,2,-2
28.48142,-408,318,-32,-7,5,-2
28.48143,-408,318,-32,-7,6,-2
28.48143,-404,319,-28,-5,5,-2
28.48143,-404,319,-28,-3,2,0
28.48144,-401,319,-24,-1,-1,2
28.48148,-401,319,-24,-1,-1,2
28.48151,-399,319,-23,-3,2,1
28.48152,-399,319,-23,-5,2,-1
28.48152,-401,319,-22,-3,-2,-2
28.53663,-399,318,-24,-5,2,1
28.53666,-399,318,-24,-1,1,1
28.53675,-399,318,-24,3,1,0
28.53677,-399,320,-22,6,-1,0
28.53678,-399,320,-22,7,-3,0
28.53689,-400,321,-22,7,-4,1
28.53689,-400,321,-22,7,-3,0
28.53693,-402,320,-24,5,-2,-2
28.53693,-402,320,-24,4,-1,-2
28.53703,-403,318,-28,2,1,-1
28.53703,-403,318,-28,1,3,-1
28.53706,-405,317,-30,0,3,-2
28.53707,-405,317,-30,1,3,-2
28.53710,-407,319,-30,1,2,0
28.53711,-407,319,-30,-1,1,2
28.53718,-407,320,-29,-4,1,2
28.59111,-403,320,-33,1,-1,0
28.59115,-403,320,-33,0,2,0
28.59115,-405,320,-33,-1,3,0
28.59115,-405,320,-33,-2,4,-2
28.59124,-405,319,-31,-4,5,-3
28.59127,-405,319,-31,-5,7,-3
28.59128,-402,319,-26,-5,7,-2
28.59137,-402,319,-26,-5,6,-3
28.59138,-401,319,-23,-4,5,-4
28.59140,-401,319,-23,-3,2,-2
28.59140,-400,317,-23,-3,-1,2
28.59146,-400,317,-23,-3,-3,3
28.59146,-400,317,-23,-2,-4,2
28.59147,-400,317,-23,-1,-4,0
28.59148,-401,318,-24,-1,-4,0
28.59149,-401,318,-24,0,-4,1
28.64246,-401,320,-23,1,1,0
28.64248,-402,321,-21,1,-5,0
28.64254,-402,321,-21,2,-7,-1
28.64255,-402,320,-24,4,-6,-1
28.64257,-402,320,-24,6,-6,0
28.64263,-402,319,-28,5,-5,0
28.64265,-402,319,-28,3,-6,1
28.64268,-406,320,-29,2,-6,3
28.64269,-406,320,-29,1,-4,3
28.64274,-408,319,-29,0,-2,2
28.64275,-408,319,-29,-1,2,2
28.64276,-407,319,-29,-1,5,2
28.64283,-407,319,-29,-1,2,0
28.64284,-405,319,-29,-1,-3,-1
28.64284,-405,319,-29,-3,-1,0
28.64288,-403,319,-30,-5,5,0
28.69697,-403,319,-26,11,-3,0
28.69700,-403,319,-26,8,-5,0
28.69705,-406,319,-31,5,-6,0
28.69706,-406,319,-31,3,-3,-1
28.69707,-406,321,-35,-1,1,0
28.69712,-406,321,-35,-4,5,-1
28.69716,-405,322,-34,-7,7,-2
28.69717,-405,322,-34,-9,8,-3
28.69717,-405,321,-30,-11,6,-2
28.69718,-405,321,-30,-10,6,-1
28.69718,-402,320,-26,-10,7,-1
28.69718,-402,320,-26,-9,8,-2
28.69720,-399,319,-24,-8,8,-2
28.69720,-399,319,-24,-5,7,-4
28.69723,-398,318,-24,-2,3,-5
28.69724,-398,318,-24,1,0,-4
28.75059,-404,320,-27,-9,6,0
28.75064,-404,320,-27,-9,4,1
28.75070,-400,320,-23,-7,2,1
28.75072,-400,320,-23,-5,2,1
28.75077,-398,320,-21,-4,2,0
28.75079,-398,320,-21,-1,-1,2
28.75083,-400,320,-23,3,-5,3
28.75084,-400,320,-23,6,-7,2
28.75087,-401,320,-26,7,-5,0
28.75088,-401,320,-26,5,-2,-2
28.75090,-401,320,-29,5,-1,-3
28.75091,-401,320,-29,5,0,-3
28.75096,-406,318,-30,5,0,-1
28.75097,-406,318,-30,4,-1,0
28.75104,-411,317,-31,1,1,-1
28.75105,-411,317,-31,-3,6,-3
28.80602,-402,317,-26,6,-5,-4
28.80609,-402,317,-26,6,-3,-4
28.80619,-404,318,-30,6,-1,-3
28.80634,-404,318,-30,5,-2,-1
28.80637,-407,319,-32,4,-3,0
28.80642,-407,319,-32,2,0,1
28.80648,-408,319,-34,0,2,2
28.80653,-408,319,-34,-1,2,3
28.80656,-406,319,-33,-1,2,2
28.80660,-406,319,-33,-3,2,-1
28.80668,-403,320,-30,-6,3,-2
28.80671,-403,320,-30,-8,5,-3
28.80675,-401,321,-25,-7,4,-3
28.80677,-401,321,-25,-5,0,-2
28.80680,-401,321,-22,-2,-3,0
28.80684,-401,321,-22,1,-4,1
28.85925,-312,406,-104,106,-21,23
28.85934,-312,406,-104,128,-53,23
28.85942,-356,405,-45,151,-112,8
28.85950,-356,405,-45,163,-158,-1
28.85952,-331,419,4,155,-169,8
28.85954,-331,419,4,126,-155,28
28.85955,-373,381,-27,94,-122,53
28.85956,-373,381,-27,80,-82,72
28.85964,-413,364,-83,103,-53,72
28.85973,-413,364,-83,160,-52,54
28.85975,-307,429,-53,231,-88,30
28.85978,-307,429,-53,286,-151,24
28.85980,-254,462,17,302,-217,47
28.85982,-254,462,17,269,-253,84
28.85983,-382,409,-10,196,-235,109
28.85985,-382,409,-10,128,-171,113
28.91231,-313,494,-15,142,-131,-2
28.91257,-334,418,-51,77,-21,61
28.91259,-334,418,-51,52,22,102
28.91261,-390,322,-83,85,-42,88
28.91262,-390,322,-83,151,-145,31
28.91266,-341,389,-20,198,-190,-16
28.91275,-341,389,-20,192,-151,-17
28.91277,-295,482,-15,157,-75,30
28.91278,-295,482,-15,129,-42,79
28.91280,-325,419,-111,116,-93,76
28.91282,-325,419,-111,106,-153,33
28.91285,-340,310,-154,77,-125,-10
28.91286,-340,310,-154,28,-21,-40
28.91287,-287,347,-66,-13,69,-56
28.91289,-287,347,-66,-13,72,-68
28.91296,-334,390,4,21,-21,-86
28.96392,-345,378,43,10,-38,14
28.96396,-345,378,43,49,-77,16
28.96402,-454,283,34,46,-32,34
28.96404,-454,283,34,31,19,37
28.96408,-412,306,15,31,27,22
28.96409,-412,306,15,50,-21,0
28.96417,-283,401,-27,71,-82,-17
28.96420,-283,401,-27,67,-103,-12
28.96421,-353,360,-106,25,-58,11
28.96423,-353,360,-106,-37,22,26
28.96425,-467,289,-103,-82,89,17
28.96427,-467,289,-103,-82,106,-14
28.96429,-369,350,-10,-40,54,-48
28.96430,-369,350,-10,20,-27,-53
28.96432,-293,394,18,64,-85,-26
28.96434,-293,394,18,61,-103,5
29.01809,-460,267,-30,-96,97,16
29.01815,-306,386,36,-55,0,-34
29.01820,-306,386,36,-40,-49,-81
29.01830,-363,351,5,-62,4,-68
29.01840,-363,351,5,-107,107,-7
29.01855,-553,228,-91,-135,159,43
29.01860,-553,228,-91,-120,128,49
29.01870,-438,299,-48,-80,50,10
29.01874,-438,299,-48,-53,-5,-40
29.01884,-255,406,50,-59,16,-52
29.01894,-255,406,50,-81,82,-15
29.01898,-424,309,2,-77,118,31
29.01908,-561,241,-31,40,-42,26
29.01918,-561,241,-31,71,-123,-26
29.01921,-350,366,21,17,-43,-32
29.01932,-350,366,21,-67,87,-11
29.07133,-402,317,38,49,-45,24
29.07137,-411,317,19,41,-76,52
29.07154,-411,317,19,63,-103,48
29.07156,-392,331,-14,104,-113,13
29.07158,-392,331,-14,129,-94,-26
29.07159,-395,318,-103,99,-55,-43
29.07161,-395,318,-103,22,3,-24
29.07170,-402,303,-154,-62,58,10
29.07178,-402,303,-154,-114,77,19
29.07180,-395,328,-46,-107,60,1
29.07181,-395,328,-46,-48,26,-23
29.07182,-440,306,96,24,-12,-33
29.07184,-440,306,96,75,-40,-13
29.07189,-466,250,100,101,-59,25
29.07196,-466,250,100,115,-84,48
29.07202,-407,276,-23,117,-113,38
29.12701,-391,330,-100,29,18,-11
29.12730,-327,369,-100,-11,29,-6
29.12735,-327,369,-100,-54,34,-1
29.12737,-360,336,-70,-77,40,8
29.12738,-360,336,-70,-67,33,16
29.12739,-462,294,-7,-16,5,21
29.12752,-462,294,-7,62,-49,18
29.12756,-423,332,76,135,-115,5
29.12766,-423,332,76,171,-151,-9
29.12769,-326,352,61,148,-135,-12
29.12770,-326,352,61,84,-72,3
29.12777,-367,308,-62,29,1,23
29.12787,-367,308,-62,10,22,14
29.12789,-442,302,-114,22,-20,-24
29.12799,-442,302,-114,36,-62,-43
29.12804,-456,320,-71,21,-45,-16
29.18316,-422,337,-137,-113,85,35
29.18323,-379,349,-4,-31,-5,9
29.18335,-379,349,-4,58,-103,-36
29.18346,-346,336,104,105,-137,-61
29.18352,-346,336,104,88,-66,-35
29.18354,-400,289,50,25,50,22
29.18356,-400,289,50,-25,114,65
29.18359,-475,285,-45,-17,71,60
29.18365,-475,285,-45,36,-52,6
29.18367,-378,324,-37,77,-155,-55
29.18372,-378,324,-37,61,-140,-70
29.18374,-457,264,-120,-2,-1,-26
29.18381,-457,264,-120,-66,138,31
29.18383,-428,304,-102,-87,158,49
29.18385,-428,304,-102,-63,66,21
29.18392,-330,371,-16,-35,-33,-31
29.23815,-362,326,-50,-9,24,8
29.23820,-362,326,-50,-24,61,1
29.23826,-416,323,-60,-10,24,-14
29.23828,-416,323,-60,10,-38,-23
29.23837,-386,357,-39,10,-54,-15
29.23843,-386,357,-39,-20,-7,4
29.23844,-377,333,-69,-58,63,17
29.23846,-377,333,-69,-83,97,7
29.23855,-413,309,-80,-84,71,-19
29.23857,-413,309,-80,-67,29,-37
29.23864,-421,332,-14,-51,22,-32
29.23866,-421,332,-14,-50,52,-4
29.23873,-405,347,35,-56,80,30
29.23876,-405,347,35,-45,63,44
29.23877,-370,344,21,0,-4,28
29.23880,-370,344,21,60,-83,-5
29.29235,-366,361,39,43,-89,-27
29.29251,-384,325,-61,-36,-56,-39
29.29254,-384,325,-61,-106,25,-28
29.29258,-462,260,-125,-131,98,-10
29.29262,-462,260,-125,-100,133,10
29.29277,-404,302,-16,-34,107,22
29.29285,-404,302,-16,37,18,13
29.29289,-352,347,109,86,-96,-9
29.29291,-352,347,109,104,-168,-27
29.29301,-448,287,55,97,-155,-23
29.29309,-448,287,55,74,-77,0
29.29321,-501,257,-88,42,9,27
29.29327,-501,257,-88,3,60,41
29.29329,-386,329,-145,-40,73,31
29.29341,-386,329,-145,-87,63,5
29.29355,-333,353,-110,-118,51,-20
29.34785,-412,323,-106,63,-38,-18
29.34794,-412,323,-106,72,-79,-23
29.34796,-412,323,-106,51,-65,-10
29.34804,-373,344,-86,9,-7,6
29.34808,-373,344,-86,-41,33,2
29.34815,-387,341,-49,-76,41,-12
29.34817,-387,341,-49,-96,46,-13
29.34818,-434,314,-58,-103,62,-2
29.34819,-434,314,-58,-86,74,9
29.34821,-433,298,-61,-39,57,13
29.34822,-433,298,-61,28,6,5
29.34830,-380,314,10,86,-59,-9
29.34831,-380,314,10,105,-95,-11
29.34838,-403,317,84,86,-68,6
29.34840,-403,317,84,51,-8,28
29.34843,-463,294,58,30,17,38
29.40244,-344,360,4,52,2,30
29.40250,-344,360,4,24,3,39
29.40262,-406,334,-132,21,-33,28
29.40266,-406,334,-132,45,-39,11
29.40267,-373,355,-108,74,3,-2
29.40270,-373,355,-108,78,36,-6
29.40282,-310,386,-13,51,19,6
29.40288,-310,386,-13,4,-41,15
29.40300,-351,367,-21,-50,-98,-2
29.40301,-351,367,-21,-90,-81,-28
29.40303,-394,327,-99,-105,12,-44
29.40310,-394,327,-99,-101,110,-42
29.40312,-406,306,-93,-74,156,-16
29.40316,-429,316,45,68,34,32
29.40321,-429,316,45,141,-113,8
29.40322,-438,332,145,171,-221,-11
29.45691,-516,169,73,80,-93,-27
29.45696,-516,169,73,69,-19,-14
29.45705,-481,181,5,-11,93,16
29.45708,-481,181,5,-107,169,42
29.45709,-534,177,-54,-157,157,35
29.45712,-534,177,-54,-138,69,-1
29.45713,-514,218,-2,-75,-33,-31
29.45717,-514,218,-2,-17,-78,-22
29.45723,-491,217,66,15,-32,22
29.45729,-491,217,66,26,53,62
29.45731,-497,172,67,39,71,53
29.45739,-497,172,67,69,-7,-10
29.45743,-424,218,42,99,-110,-80
29.45744,-424,218,42,83,-157,-113
29.45747,-419,248,-39,-2,-100,-91
29.45749,-419,248,-39,-123,57,-22
29.50979,-559,156,43,92,-83,-13
29.50990,-559,156,43,98,-67,-14
29.51001,-514,221,45,55,-3,6
29.51031,-514,221,45,7,36,19
29.51032,-633,180,-141,-14,11,2
29.51034,-633,180,-141,-12,-39,-39
29.51038,-486,206,-177,-18,-45,-72
29.51043,-486,206,-177,-57,16,-63
29.51046,-384,249,-44,-124,119,-10
29.51047,-384,249,-44,-184,201,52
29.51048,-487,242,59,-200,208,71
29.51054,-487,242,59,-156,133,28
29.51055,-563,210,68,-73,22,-41
29.51060,-563,210,68,11,-58,-77
29.51066,-516,216,70,67,-72,-38
29.51069,-516,216,70,88,-49,51
29.56582,-377,329,-37,40,-33,0
29.56590,-357,327,-31,39,-35,-15
29.56596,-357,327,-31,35,-30,-15
29.56598,-391,330,-27,29,-21,-3
29.56613,-391,330,-27,26,-16,11
29.56616,-430,331,-40,27,-19,20
29.56629,-430,331,-40,31,-29,21
29.56632,-424,328,-45,34,-41,17
29.56633,-424,328,-45,35,-47,11
29.56636,-391,320,-24,32,-39,9
29.56640,-391,320,-24,30,-24,8
29.56645,-381,316,-2,36,-15,6
29.56649,-381,316,-2,55,-23,9
29.56654,-405,318,0,77,-45,15
29.56656,-405,318,0,93,-67,21
29.56657,-422,324,-25,92,-75,26
29.62081,-399,324,-11,25,-19,0
29.62087,-418,323,-18,21,-19,6
29.62093,-418,323,-18,13,-11,11
29.62103,-418,315,-35,7,-4,10
29.62115,-418,315,-35,7,-2,5
29.62120,-391,317,-32,14,-4,0
29.62121,-391,317,-32,20,-8,-4
29.62124,-385,323,-21,18,-9,-5
29.62128,-385,323,-21,8,-8,-2
29.62134,-415,319,-27,-1,-5,3
29.62138,-415,319,-27,-3,-1,8
29.62139,-429,314,-32,2,-1,9
29.62140,-429,314,-32,12,-7,6
29.62142,-407,321,-20,21,-14,3
29.62142,-407,321,-20,21,-16,3
29.62143,-391,323,-14,14,-13,4
29.67605,-405,323,-36,7,-9,-2
29.67618,-405,326,-37,-3,-2,-2
29.67630,-405,326,-37,-10,6,-1
29.67633,-407,321,-37,-11,9,-2
29.67635,-407,321,-37,-7,7,-2
29.67638,-406,316,-28,1,1,-3
29.67659,-406,316,-28,7,-6,-4
29.67667,-404,318,-18,11,-11,-5
29.67676,-404,318,-18,11,-13,-4
29.67678,-407,320,-21,10,-10,2
29.67683,-407,320,-21,9,-7,8
29.67684,-409,319,-32,7,-5,9
29.67686,-409,319,-32,5,-5,7
29.67693,-401,319,-33,2,-5,2
29.67695,-401,319,-33,1,-6,-1
29.67699,-401,319,-33,1,-6,-2
29.73130,-404,320,-22,6,-6,3
29.73135,-404,320,-22,5,-7,2
29.73146,-400,321,-24,4,-6,3
29.73154,-400,321,-24,2,-1,3
29.73158,-398,320,-28,1,3,2
29.73160,-398,320,-28,2,4,-1
29.73163,-400,320,-29,3,2,-4
29.73166,-400,320,-29,2,-1,-3
29.73168,-405,321,-31,-2,1,1
29.73170,-405,321,-31,-7,5,2
29.73181,-399,319,-34,-13,9,2
29.73186,-399,319,-34,-16,13,-1
29.73191,-400,320,-25,-14,13,-3
29.73192,-400,320,-25,-10,9,-2
29.73199,-408,321,-19,-6,2,0
29.73200,-408,321,-19,-2,-4,1
29.78642,-404,321,-18,7,-6,2
29.78647,-404,321,-18,6,-9,4
29.78657,-399,319,-18,5,-11,7
29.78668,-399,319,-18,6,-8,7
29.78669,-398,319,-22,10,-4,6
29.78673,-398,319,-22,13,-2,3
29.78676,-399,322,-30,13,-4,1
29.78683,-399,322,-30,9,-5,2
29.78688,-399,322,-38,2,-4,2
29.78693,-399,322,-38,-5,1,1
29.78710,-400,321,-37,-10,6,-1
29.78714,-400,321,-37,-10,9,-2
29.78717,-402,318,-28,-7,8,-2
29.78723,-402,318,-28,-5,4,-2
29.78728,-401,317,-22,-5,-1,-2
29.78732,-401,317,-22,-8,-3,-3
29.83751,-401,320,-31,6,1,-2
29.83756,-401,320,-31,2,-1,-3
29.83763,-402,320,-34,-2,-1,-2
29.83768,-402,320,-34,-4,0,0
29.83769,-403,320,-33,-3,3,0
29.83772,-403,320,-33,-1,5,-2
29.83778,-403,320,-33,0,3,-3
29.83780,-407,319,-28,-1,0,-2
29.83783,-407,319,-28,-3,-2,-1
29.83785,-408,318,-25,-4,-1,0
29.83789,-408,318,-25,-3,0,1
29.83792,-406,319,-24,0,2,1
29.83795,-406,319,-24,2,3,2
29.83797,-405,319,-25,1,2,3
29.83803,-405,319,-25,-2,1,2
29.83805,-401,319,-27,-4,-1,1
29.89254,-401,322,-29,-7,4,-1
29.89260,-401,322,-29,-7,5,-2
29.89274,-405,322,-23,-6,6,-2
29.89279,-405,322,-23,-3,5,-3
29.89283,-408,320,-20,0,3,-3
29.89290,-408,320,-20,0,0,-3
29.89297,-404,319,-23,-2,-1,-3
29.89316,-404,319,-23,-2,0,-3
29.89318,-398,321,-27,-1,3,-2
29.89329,-398,321,-27,0,3,-3
29.89334,-399,323,-27,0,2,-3
29.89335,-399,323,-27,-1,2,-2
29.89337,-401,323,-27,-1,2,-1
29.89340,-401,323,-27,0,1,0
29.89349,-400,322,-26,0,1,1
29.89351,-400,322,-26,-2,0,0
29.94698,-398,318,-25,0,-1,-3
29.94703,-401,317,-30,3,-3,-1
29.94712,-401,317,-30,5,-5,1
29.94719,-405,316,-33,3,-4,2
29.94722,-405,316,-33,-1,-1,3
29.94727,-406,316,-33,-4,0,3
29.94731,-406,316,-33,-3,1,3
29.94735,-404,318,-31,-2,2,2
29.94739,-404,318,-31,-2,3,1
29.94741,-403,318,-27,-2,2,0
29.94747,-403,318,-27,-1,1,0
29.94750,-406,319,-25,0,-1,2
29.94752,-406,319,-25,0,-2,2
29.94753,-408,320,-26,2,-2,2
29.94754,-408,320,-26,5,-1,4
29.94755,-404,321,-27,6,-1,5
30.00253,-407,318,-28,-6,1,-3
30.00257,-407,318,-28,-6,0,-2
30.00269,-408,317,-26,-4,0,-1
30.00271,-408,317,-26,-1,-1,0
30.00272,-405,317,-25,-1,-1,0
30.00274,-405,317,-25,-3,0,0
30.00276,-401,319,-24,-3,1,3
30.00277,-401,319,-24,-4,2,4
30.00278,-401,321,-24,-3,1,4
30.00282,-401,321,-24,0,0,3
30.00284,-402,322,-26,1,0,2
30.00290,-402,322,-26,2,1,2
30.00292,-399,321,-27,2,1,1
30.00293,-399,321,-27,3,0,0
30.00294,-397,319,-27,3,-1,-1
30.00296,-397,319,-27,2,-2,-1
30.05408,-402,321,-28,6,-2,-1
30.05412,-401,322,-30,5,-5,0
30.05417,-401,322,-30,4,-5,2
30.05420,-400,322,-30,3,-2,2
30.05421,-400,322,-30,1,2,1
30.05425,-399,322,-27,-2,4,1
30.05428,-399,322,-27,-2,2,0
30.05435,-402,322,-24,-1,-2,-1
30.05439,-402,322,-24,1,-5,-1
30.05443,-406,322,-25,3,-4,0
30.05445,-406,322,-25,5,-2,2
30.05446,-406,322,-27,4,0,2
30.05447,-406,322,-27,1,0,0
30.05448,-404,321,-31,-1,-2,0
30.05449,-404,321,-31,-2,-2,1
30.05451,-401,320,-32,-4,2,2
30.10922,-405,316,-26,-1,2,1
30.10931,-404,317,-26,1,6,1
30.10948,-404,317,-26,2,6,1
30.10957,-403,319,-24,3,2,1
30.10961,-403,319,-24,4,-2,1
30.10971,-405,318,-22,4,-2,4
30.10973,-405,318,-22,5,1,4
30.10976,-404,317,-25,2,2,2
30.10981,-404,317,-25,-1,1,1
30.10990,-402,318,-27,-2,-1,0
30.11001,-402,318,-27,0,-1,0
30.11004,-403,319,-27,2,-1,1
30.11007,-403,319,-27,2,-1,2
30.11010,-405,318,-30,-1,-1,3
30.11017,-405,318,-30,-4,0,1
30.11032,-404,317,-32,-6,1,-2
30.16305,-398,322,-24,4,-1,2
30.16309,-398,322,-24,5,-2,1
30.16316,-395,323,-27,6,-2,0
30.16318,-395,323,-27,5,-1,0
30.16326,-396,322,-29,3,1,0
30.16328,-396,322,-29,1,0,2
30.16329,-400,322,-30,0,-2,2
30.16335,-400,322,-30,-2,-3,-1
30.16339,-400,320,-30,-3,-1,-4
30.16340,-400,320,-30,-2,1,-6
30.16341,-400,319,-28,-1,2,-3
30.16350,-400,319,-28,0,-1,1
30.16352,-405,320,-25,1,-3,4
30.16353,-405,320,-25,2,-1,4
30.16354,-407,321,-25,0,2,2
30.16357,-407,321,-25,-1,2,1
30.21854,-404,318,-30,-1,2,0
30.21864,-404,318,-30,0,1,-1
30.21874,-407,318,-29,1,1,0
30.21887,-407,318,-29,2,1,1
30.21891,-410,318,-27,4,0,3
30.21894,-410,318,-27,4,-1,5
30.21905,-405,317,-28,3,-1,3
30.21912,-405,317,-28,3,0,-2
30.21916,-402,318,-30,4,1,-5
30.21922,-402,318,-30,4,1,-3
30.21929,-404,318,-30,3,2,-1
30.21937,-404,318,-30,1,4,0
30.21940,-402,318,-29,-1,4,0
30.21943,-402,318,-29,-2,1,1
30.21951,-400,319,-28,-2,-2,3
30.21955,-400,319,-28,-2,-4,2
30.27366,-397,322,-27,-3,0,0
30.27371,-397,322,-27,-3,1,1
30.27379,-396,321,-28,-4,1,2
30.27381,-396,321,-28,-4,1,2
30.27391,-397,321,-28,-2,2,2
30.27394,-397,321,-28,-2,1,2
30.27397,-399,320,-27,-4,-1,2
30.27398,-399,320,-27,-5,-1,1
30.27401,-403,321,-27,-4,1,1
30.27411,-403,321,-27,-2,1,0
30.27412,-406,321,-24,1,-1,-2
30.27419,-406,321,-24,2,-3,-2
30.27424,-407,320,-22,3,-2,-1
30.27428,-407,320,-22,2,-2,1
30.27436,-404,321,-23,3,-2,1
30.27438,-404,321,-23,3,-2,-1
30.32623,-404,319,-30,-1,4,2
30.32631,-405,318,-26,-1,1,3
30.32649,-405,318,-26,-2,-3,3
30.32674,-406,317,-24,-2,-5,3
30.32682,-406,317,-24,0,-3,3
30.32690,-404,317,-25,3,0,4
30.32694,-404,317,-25,3,1,3
30.32705,-402,318,-28,3,0,0
30.32718,-402,318,-28,2,0,-1
30.32727,-402,319,-29,-1,1,0
30.32735,-402,319,-29,-3,2,1
30.32739,-400,320,-29,-1,3,2
30.32746,-400,320,-29,0,2,2
30.32749,-400,321,-27,0,1,2
30.32763,-400,321,-27,1,-1,4
30.32768,-403,320,-26,1,-3,5
30.37816,-401,318,-27,0,4,4
30.37821,-401,318,-27,-1,1,7
30.37827,-399,320,-28,0,-2,6
30.37829,-399,320,-28,1,-2,2
30.37836,-397,321,-30,1,1,-2
30.37837,-397,321,-30,0,5,-3
30.37842,-401,320,-31,0,2,0
30.37849,-401,320,-31,0,0,-1
30.37850,-405,320,-29,0,-1,-2
30.37852,-405,320,-29,-1,-1,-3
30.37853,-405,320,-26,-2,1,-3
30.37855,-405,320,-26,-2,2,-1
30.37856,-405,320,-26,-1,0,1
30.37858,-405,320,-26,-2,-2,3
30.37864,-406,320,-27,0,-2,2
30.37872,-406,320,-27,2,-2,2
30.43081,-403,319,-32,0,-2,0
30.43089,-405,319,-32,-1,-4,0
30.43099,-405,319,-32,-4,0,0
30.43101,-404,319,-31,-7,4,0
30.43102,-404,319,-31,-7,6,1
30.43109,-404,318,-28,-4,4,2
30.43118,-404,318,-28,0,1,1
30.43122,-407,319,-24,2,-2,1
30.43127,-407,319,-24,2,-2,1
30.43129,-407,319,-25,1,0,2
30.43132,-407,319,-25,2,0,1
30.43134,-402,318,-29,3,-1,0
30.43135,-402,318,-29,4,-1,0
30.43139,-402,318,-29,5,-1,2
30.43145,-401,321,-28,4,1,2
30.43147,-401,321,-28,2,3,2
30.48273,-405,321,-23,-6,7,-1
30.48277,-405,321,-23,-2,1,0
30.48282,-405,321,-23,2,-3,3
30.48283,-406,319,-22,3,-5,4
30.48288,-406,319,-22,2,-3,4
30.48293,-402,318,-25,0,1,3
30.48295,-402,318,-25,0,1,2
30.48298,-398,320,-26,1,0,2
30.48304,-398,320,-26,1,-1,0
30.48306,-395,320,-27,1,-1,-2
30.48307,-395,320,-27,0,0,-3
30.48309,-398,320,-27,-1,1,-1
30.48310,-398,320,-27,0,2,0
30.48313,-404,321,-27,1,3,-1
30.48315,-404,321,-27,0,3,-2
30.48316,-406,320,-26,-2,0,-4
30.53806,-401,320,-26,5,-2,-2
30.53810,-401,320,-26,5,-2,1
30.53816,-400,320,-29,4,-3,4
30.53824,-400,320,-29,3,-3,2
30.53828,-400,319,-32,2,-3,0
30.53831,-400,319,-32,1,-4,0
30.53836,-402,319,-33,-2,-3,0
30.53840,-402,319,-33,-3,-1,0
30.53844,-403,319,-30,-4,0,-1
30.53847,-403,319,-30,-4,-1,-3
30.53850,-403,319,-26,-3,-2,-4
30.53853,-403,319,-26,-1,-1,-3
30.53855,-404,319,-22,1,2,1
30.53862,-404,319,-22,3,1,3
30.53863,-405,320,-22,4,-1,-1
30.53864,-406,323,-25,3,-1,0
30.59374,-407,318,-29,-4,7,1
30.59377,-404,319,-24,-6,9,3
30.59383,-404,319,-24,-4,6,3
30.59385,-403,321,-22,0,-1,0
30.59385,-403,321,-22,3,-5,-3
30.59393,-403,321,-24,5,-4,-2
30.59398,-403,321,-24,5,-1,0
30.59399,-402,322,-27,4,1,3
30.59399,-402,322,-27,3,0,5
30.59400,-401,322,-28,2,-3,4
30.59404,-401,322,-28,2,-5,3
30.59409,-399,320,-29,1,-4,2
30.59414,-399,320,-29,-2,1,2
30.59414,-397,320,-28,-3,6,1
30.59415,-397,320,-28,-3,6,0
30.59415,-401,321,-27,-1,3,-3
30.64489,-400,320,-27,5,-3,0
30.64491,-400,320,-27,2,-2,0
30.64492,-399,320,-30,-1,0,-2
30.64492,-399,320,-30,-3,0,-3
30.64499,-402,320,-30,-2,-2,-3
30.64501,-402,320,-30,-2,-3,-2
30.64505,-408,318,-28,-2,0,0
30.64514,-408,318,-28,-4,4,1
30.64515,-409,318,-25,-4,6,3
30.64515,-409,318,-25,-3,5,3
30.64523,-407,320,-23,1,0,2
30.64523,-407,320,-23,3,-2,2
30.64524,-406,320,-25,1,0,2
30.64524,-406,320,-25,-2,2,1
30.64529,-402,319,-28,-3,2,0
30.64530,-402,319,-28,-1,2,0
30.70034,-403,321,-27,-3,-2,2
30.70036,-403,321,-27,-4,1,-1
30.70036,-403,320,-27,-4,0,-3
30.70037,-403,320,-27,-3,-3,-1
30.70045,-403,321,-27,-2,-3,1
30.70048,-403,321,-27,-1,-1,3
30.70058,-406,319,-24,0,1,1
30.70058,-406,319,-24,1,3,-2
30.70059,-402,319,-22,1,3,-2
30.70059,-402,319,-22,3,1,1
30.70062,-400,320,-23,5,-2,2
30.70062,-400,320,-23,5,-4,2
30.70063,-402,320,-27,3,-3,1
30.70067,-402,320,-27,-1,0,0
30.70074,-401,320,-30,-2,2,-1
30.70074,-401,320,-30,0,4,-1
30.75131,-402,321,-24,4,-4,0
30.75134,-402,321,-24,3,-3,0
30.75134,-402,321,-29,2,-1,1
30.75140,-402,321,-29,3,0,2
30.75141,-401,319,-31,3,-1,1
30.75142,-401,319,-31,1,-3,2
30.75142,-400,318,-30,-1,-2,1
30.75159,-400,318,-30,-3,1,-3
30.75160,-402,319,-27,-4,5,-5
30.75166,-402,319,-27,-3,6,-4
30.75167,-402,319,-27,0,5,-2
30.75168,-407,321,-23,2,2,-1
30.75169,-407,321,-23,3,0,0
30.75180,-409,322,-22,3,-1,1
30.75181,-409,322,-22,3,-2,2
30.75181,-405,321,-24,2,-1,2
30.80444,-401,320,-28,4,-2,0
30.80446,-401,320,-30,3,-1,0
30.80447,-401,320,-30,0,3,0
30.80447,-402,320,-32,-4,6,-1
30.80454,-402,320,-32,-5,6,-2
30.80456,-405,320,-30,-4,5,-2
30.80457,-405,320,-30,-3,3,-1
30.80458,-409,321,-26,-3,2,1
30.80459,-409,321,-26,-2,4,2
30.80472,-406,320,-24,0,4,2
30.80473,-406,320,-24,2,2,1
30.80473,-401,319,-23,5,-1,0
30.80481,-401,319,-23,8,-2,0
30.80481,-401,319,-24,10,-2,0
30.80485,-401,319,-24,8,-2,1
30.80485,-402,320,-28,5,-3,1
30.85910,-407,319,-31,-3,9,-3
30.85912,-404,319,-25,-3,6,-2
30.85912,-404,319,-25,-2,2,-1
30.85913,-403,319,-22,-1,1,0
30.85920,-403,319,-22,0,2,1
30.85921,-398,320,-22,-2,4,2
30.85922,-398,320,-22,0,3,1
30.85923,-396,322,-24,3,1,-1
30.85935,-396,322,-24,4,-2,-1
30.85936,-399,321,-26,3,-4,2
30.85939,-399,321,-26,3,-5,4
30.85940,-398,319,-29,0,-2,3
30.85940,-398,319,-29,-3,2,0
30.85941,-398,320,-28,-4,3,-1
30.85942,-398,320,-28,-3,2,-1
30.85948,-403,321,-24,-1,0,1
30.91114,-400,319,-25,3,0,1
30.91118,-399,319,-28,1,2,1
30.91124,-399,319,-28,-1,3,0
30.91126,-401,321,-29,-3,3,1
30.91133,-401,321,-29,-4,3,1
30.91136,-404,320,-29,-3,3,-1
30.91139,-404,320,-29,-4,4,-3
30.91141,-404,320,-27,-7,5,-4
30.91143,-404,320,-27,-7,6,-4
30.91150,-404,319,-23,-3,3,-3
30.91151,-404,319,-23,0,0,0
30.91153,-406,319,-22,3,-1,3
30.91154,-406,319,-22,4,1,4
30.91155,-402,319,-24,4,2,3
30.91157,-402,319,-24,3,2,1
30.91158,-400,320,-28,3,1,-2
30.96642,-406,322,-29,-5,3,-1
30.96650,-406,322,-29,-7,5,0
30.96653,-410,322,-28,-6,6,0
30.96656,-410,322,-28,-5,6,-1
30.96658,-407,320,-25,-4,3,-2
30.96671,-407,320,-25,-3,1,-3
30.96674,-404,318,-23,0,2,-3
30.96682,-404,318,-23,0,3,-2
30.96684,-402,318,-23,-1,2,0
30.96686,-402,318,-23,0,0,2
30.96692,-403,320,-24,2,-1,4
30.96698,-403,320,-24,2,0,3
30.96704,-400,321,-26,1,1,0
30.96706,-400,321,-26,2,2,-3
30.96715,-396,321,-27,3,1,-6
30.96722,-396,321,-27,2,-2,-5
31.01852,-401,320,-24,-2,0,1
31.01858,-403,318,-26,-1,0,4
31.01865,-403,318,-26,0,-1,2
31.01872,-399,317,-28,2,-1,-2
31.01876,-399,317,-28,2,0,-3
31.01878,-398,317,-30,0,2,0
31.01882,-398,317,-30,-3,3,3
31.01887,-402,319,-30,-3,3,3
31.01889,-402,319,-30,-2,2,2
31.01891,-405,321,-27,-2,0,1
31.01894,-405,321,-27,-4,0,0
31.01896,-405,321,-24,-4,-1,1
31.01903,-405,321,-24,-1,-2,1
31.01909,-404,320,-23,0,-5,2
31.01912,-404,320,-23,1,-6,3
31.01913,-401,318,-26,0,-3,5
31.07394,-404,320,-31,-2,4,2
31.07401,-404,320,-31,-4,3,2
31.07414,-405,321,-30,-4,-1,3
31.07420,-405,321,-30,-2,-3,3
31.07422,-405,321,-27,-3,-3,2
31.07426,-405,321,-27,-5,0,0
31.07428,-403,319,-24,-6,4,0
31.07438,-403,319,-24,-4,5,0
31.07445,-401,319,-21,0,4,0
31.07449,-401,319,-21,2,1,1
31.07457,-400,322,-22,2,-3,1
31.07464,-400,322,-22,1,-3,0
31.07470,-401,323,-25,2,1,0
31.07472,-401,323,-25,2,4,0
31.07474,-400,322,-29,1,3,2
31.07477,-400,322,-29,0,0,1
31.12595,-461,210,-17,-32,22,-2
31.12607,-461,210,-17,-50,55,5
31.12611,-461,210,-17,-72,77,0
31.12620,-462,227,-27,-86,73,-17
31.12630,-462,227,-27,-84,47,-34
31.12641,-461,258,-12,-68,23,-32
31.12659,-461,258,-12,-46,21,-3
31.12663,-487,240,18,-30,35,36
31.12665,-487,240,18,-18,40,56
31.12676,-524,198,22,-4,19,41
31.12683,-524,198,22,11,-22,0
31.12691,-455,227,13,15,-57,-36
31.12695,-455,227,13,-6,-50,-41
31.12702,-405,264,-10,-44,10,-14
31.12709,-405,264,-10,-71,82,16
31.12715,-477,232,-32,-60,99,19
31.17788,-321,256,-8,-36,89,-54
31.17792,-321,256,-8,-65,41,-134
31.17798,-462,198,-32,-121,24,-159
31.17800,-462,198,-32,-192,76,-105
31.17805,-741,68,-122,-256,166,-16
31.17808,-741,68,-122,-280,241,45
31.17814,-603,157,-48,-247,268,49
31.17815,-603,157,-48,-152,178,-15
31.17820,-368,313,127,-104,93,-30
31.17821,-368,313,127,-89,48,3
31.17827,-484,253,123,-93,39,50
31.17831,-484,253,123,-88,49,74
31.17833,-578,170,4,-57,50,61
31.17834,-578,170,4,-8,31,26
31.17835,-356,299,8,39,14,2
31.17843,-356,299,8,62,-1,-3
31.23353,-465,275,-75,106,-88,-39
31.23359,-465,275,-75,66,-46,-15
31.23367,-421,291,-65,29,-2,21
31.23374,-421,291,-65,12,29,50
31.23377,-430,291,-7,21,27,51
31.23379,-430,291,-7,57,-18,24
31.23389,-447,307,6,109,-93,-9
31.23393,-447,307,6,142,-155,-26
31.23396,-436,307,-54,121,-151,-17
31.23399,-436,307,-54,42,-54,16
31.23404,-421,267,-119,-62,85,52
31.23406,-421,267,-119,-129,171,55
31.23409,-387,276,-66,-113,149,19
31.23414,-387,276,-66,-34,22,-44
31.23418,-389,314,66,53,-115,-85
31.23422,-389,314,66,102,-150,-61
31.28544,-395,328,-199,-73,48,3
31.28549,-395,328,-199,-122,99,1
31.28558,-373,349,-72,-113,106,-7
31.28563,-373,349,-72,-67,69,-21
31.28565,-369,335,56,-20,9,-25
31.28574,-369,335,56,8,-39,-11
31.28576,-419,283,59,15,-67,2
31.28578,-419,283,59,19,-66,5
31.28582,-449,284,-19,27,-41,-2
31.28588,-449,284,-19,32,0,-12
31.28591,-426,323,-95,24,52,-11
31.28597,-426,323,-95,-12,82,-11
31.28599,-408,308,-113,-67,87,-11
31.28601,-408,308,-113,-117,80,-7
31.28603,-408,308,-113,-154,73,-5
31.28604,-432,259,-59,-163,87,-1
31.34009,-431,339,-40,-79,82,28
31.34015,-431,339,-40,-74,47,27
31.34024,-446,313,-57,-56,15,6
31.34036,-446,313,-57,-50,4,-25
31.34040,-365,341,-51,-58,35,-36
31.34049,-365,341,-51,-70,81,-26
31.34062,-315,360,-42,-81,93,-21
31.34069,-315,360,-42,-92,73,-27
31.34074,-389,326,-47,-108,68,-27
31.34081,-389,326,-47,-122,95,-17
31.34087,-469,312,-48,-122,118,0
31.34092,-469,312,-48,-96,97,10
31.34094,-412,365,-17,-53,33,6
31.34097,-412,365,-17,-21,-27,-2
31.34100,-339,360,4,-18,-35,-9
31.34110,-339,360,4,-39,10,-7
31.39580,-394,313,11,-15,-14,-38
31.39591,-394,313,11,-36,28,-25
31.39596,-343,334,4,-46,63,-3
31.39604,-343,334,4,-28,47,9
31.39606,-466,274,-26,18,-22,4
31.39608,-466,274,-26,62,-87,1
31.39609,-494,287,-9,76,-87,9
31.39610,-494,287,-9,50,-26,14
31.39611,-351,359,-10,-3,54,5
31.39612,-351,359,-10,-58,98,-20
31.39620,-272,369,-100,-109,89,-61
31.39621,-272,369,-100,-170,89,-92
31.39623,-367,323,-212,-255,145,-85
31.39624,-367,323,-212,-332,243,-42
31.39628,-482,294,-213,-365,326,3
31.39629,-482,294,-213,-342,330,-3
31.44724,-415,344,-26,-157,166,-60
31.44734,-442,351,-38,-186,157,-47
31.44741,-442,351,-38,-220,138,-35
31.44744,-458,279,-68,-235,113,-36
31.44746,-458,279,-68,-222,109,-44
31.44751,-398,255,-54,-201,135,-46
31.44754,-398,255,-54,-192,181,-44
31.44756,-346,313,-2,-197,223,-45
31.44759,-346,313,-2,-209,229,-53
31.44765,-416,338,29,-214,189,-60
31.44767,-416,338,29,-206,121,-60
31.44768,-517,277,10,-187,69,-56
31.44770,-517,277,10,-169,71,-42
31.44774,-475,261,-5,-128,190,26
31.44778,-334,348,24,-102,141,16
31.44779,-334,348,24,-74,56,-23
31.50150,-463,329,35,99,-60,65
31.50157,-449,308,-20,91,-30,83
31.50159,-449,308,-20,118,-52,65
31.50160,-275,370,3,174,-122,26
31.50162,-275,370,3,228,-192,-4
31.50171,-288,403,36,248,-215,-9
31.50176,-288,403,36,218,-195,-3
31.50181,-433,354,-81,152,-150,-3
31.50182,-433,354,-81,83,-83,-4
31.50184,-427,321,-204,36,-14,6
31.50190,-427,321,-204,28,27,22
31.50194,-340,343,-120,51,18,32
31.50196,-340,343,-120,74,-25,26
31.50197,-367,335,16,62,-55,5
31.50199,-367,335,16,7,-43,-25
31.50204,-447,276,-26,-72,0,-49
31.55717,-540,246,53,-34,50,59
31.55731,-379,326,86,22,-16,14
31.55740,-379,326,86,33,-60,-50
31.55748,-319,364,11,-6,-33,-87
31.55751,-319,364,11,-77,66,-63
31.55754,-451,287,-110,-145,166,-1
31.55762,-451,287,-110,-170,189,47
31.55767,-447,295,-115,-148,122,47
31.55773,-447,295,-115,-108,30,9
31.55776,-333,391,-33,-85,4,-29
31.55784,-333,391,-33,-91,56,-40
31.55792,-361,391,4,-103,118,-28
31.55802,-361,391,4,-91,113,-18
31.55808,-417,325,22,-44,35,-12
31.55812,-417,325,22,21,-54,5
31.55818,-368,309,38,59,-96,19
31.61041,-380,322,135,112,-103,42
31.61052,-528,227,-70,68,2,85
31.61055,-528,227,-70,34,55,74
31.61062,-447,293,-161,39,36,26
31.61082,-447,293,-161,80,-27,-20
31.61097,-313,373,-53,137,-91,-35
31.61105,-313,373,-53,175,-124,-16
31.61112,-391,313,29,164,-107,18
31.61122,-391,313,29,97,-42,44
31.61130,-489,267,-8,1,40,50
31.61136,-489,267,-8,-76,84,32
31.61138,-386,365,-12,-80,57,9
31.61149,-386,365,-12,1,-50,0
31.61152,-304,428,17,122,-200,2
31.61155,-304,428,17,217,-283,15
31.61157,-398,334,-43,238,-221,49
31.66179,-451,258,-91,27,-25,-9
31.66204,-348,392,-20,24,-2,-6
31.66208,-348,392,-20,4,20,-1
31.66211,-330,435,-24,-16,22,-8
31.66213,-330,435,-24,-32,11,-20
31.66215,-457,277,-122,-61,11,-24
31.66217,-457,277,-122,-113,56,-16
31.66247,-444,234,-156,-178,147,-1
31.66250,-444,234,-156,-232,229,-5
31.66253,-292,368,-78,-253,246,-36
31.66255,-292,368,-78,-240,196,-73
31.66264,-357,367,-23,-210,127,-87
31.66270,-357,367,-23,-186,92,-73
31.66274,-544,224,-21,-176,110,-44
31.66282,-544,224,-21,-166,149,-14
31.66292,-464,253,36,-145,151,-6
31.71811,-283,404,-120,91,-102,-11
31.71831,-368,379,-114,83,-78,2
31.71836,-368,379,-114,63,-28,26
31.71843,-368,379,-114,44,11,42
31.71848,-380,408,-80,43,9,43
31.71850,-380,408,-80,54,-32,31
31.71851,-296,454,-38,62,-80,16
31.71865,-296,454,-38,61,-96,4
31.71869,-275,435,-33,51,-75,0
31.71877,-275,435,-33,49,-42,-2
31.71879,-337,382,-49,72,-23,5
31.71881,-337,382,-49,120,-33,26
31.71890,-369,400,-11,183,-79,50
31.71892,-369,400,-11,251,-153,66
31.71893,-342,464,59,294,-229,67
31.71894,-342,464,59,289,-272,52
31.77304,-276,472,-197,-337,236,-73
31.77310,-300,423,-120,-318,157,-66
31.77321,-300,423,-120,-167,13,-34
31.77333,-345,412,58,15,-72,2
31.77337,-345,412,58,118,-37,31
31.77340,-353,417,99,113,47,44
31.77342,-353,417,99,59,58,36
31.77354,-340,438,15,41,-52,16
31.77357,-340,438,15,83,-202,4
31.77359,-337,460,-36,143,-258,17
31.77361,-337,460,-36,167,-162,45
31.77363,-310,434,-69,134,1,59
31.77371,-310,434,-69,71,99,43
31.77375,-253,415,-82,29,61,10
31.77377,-253,415,-82,40,-72,-18
31.77379,-259,440,-37,93,-192,-31
31.82510,-361,327,36,25,-52,13
31.82520,-426,296,26,35,-41,7
31.82524,-426,296,26,21,-7,-6
31.82527,-440,303,-16,-3,25,-15
31.82529,-440,303,-16,-25,40,-16
31.82533,-388,331,-40,-34,32,-7
31.82537,-388,331,-40,-27,11,7
31.82540,-377,323,-40,-12,-9,16
31.82542,-377,323,-40,0,-16,12
31.82546,-418,301,-26,4,-11,-2
31.82548,-418,301,-26,-1,2,-17
31.82549,-432,305,-14,-11,16,-21
31.82553,-432,305,-14,-18,23,-12
31.82555,-410,321,-19,-18,23,3
31.82557,-410,321,-19,-14,12,14
31.82566,-407,318,-45,-14,-3,13
31.87957,-401,324,-27,-17,4,-4
31.87962,-404,326,-29,-14,9,1
31.87970,-404,326,-29,-4,9,3
31.87972,-393,331,-27,9,3,-1
31.87975,-393,331,-27,15,-4,-8
31.87976,-385,329,-23,12,-5,-12
31.87978,-385,329,-23,4,-3,-11
31.87979,-396,321,-27,-4,1,-7
31.87982,-396,321,-27,-9,5,-4
31.87983,-404,322,-31,-5,4,-3
31.87985,-404,322,-31,6,-4,-4
31.87987,-397,331,-24,17,-12,-4
31.87992,-397,331,-24,21,-16,-2
31.87998,-401,329,-20,17,-15,1
31.87999,-401,329,-20,9,-11,4
31.88000,-413,316,-30,3,-7,5
31.93049,-413,312,-20,4,-9,4
31.93069,-413,312,-20,7,-11,6
31.93073,-412,314,-31,10,-11,7
31.93075,-412,314,-31,11,-9,5
31.93076,-412,314,-31,9,-5,5
31.93078,-394,323,-32,4,0,2
31.93084,-394,323,-32,-3,5,-1
31.93087,-397,321,-30,-6,7,-3
31.93088,-397,321,-30,-7,4,-2
31.93090,-414,311,-33,-4,-3,0
31.93093,-414,311,-33,1,-8,3
31.93098,-410,312,-29,3,-8,3
31.93104,-410,312,-29,2,-3,4
31.93107,-397,320,-19,1,1,4
31.93109,-397,320,-19,1,0,-1
31.93110,-406,320,-17,3,-4,-3
31.98471,-389,325,-37,-15,14,-11
31.98488,-398,322,-35,-18,15,-8
31.98491,-405,322,-29,-15,12,-7
31.98492,-405,322,-29,-10,8,-6
31.98495,-405,322,-29,-7,6,-5
31.98507,-406,323,-21,-5,7,-4
31.98510,-406,323,-21,-7,10,-5
31.98511,-407,317,-20,-7,11,-5
31.98514,-407,317,-20,-3,7,-2
31.98517,-409,313,-23,4,0,0
31.98529,-409,313,-23,10,-6,3
31.98533,-408,316,-22,12,-9,4
31.98537,-408,316,-22,11,-8,5
31.98543,-410,318,-23,9,-5,6
31.98549,-410,318,-23,8,-2,5
31.98553,-408,318,-26,8,-5,4
32.03698,-412,318,-24,8,-9,6
32.03706,-412,318,-24,6,-3,6
32.03709,-408,317,-28,3,0,5
32.03719,-408,317,-28,2,-1,5
32.03721,-400,319,-28,1,-5,6
32.03728,-400,319,-28,1,-8,5
32.03730,-396,320,-28,1,-7,3
32.03735,-396,320,-28,1,-3,3
32.03737,-397,320,-28,-1,3,5
32.03744,-397,320,-28,-3,4,5
32.03746,-400,320,-25,-1,-1,6
32.03751,-400,320,-25,5,-6,6
32.03753,-398,321,-23,8,-7,5
32.03754,-398,321,-23,6,-5,2
32.03756,-399,319,-28,3,-1,0
32.03762,-399,319,-28,1,-1,-2
32.09148,-401,321,-30,-8,7,-1
32.09155,-399,320,-25,-3,6,0
32.09163,-399,320,-25,3,2,3
32.09165,-399,320,-17,10,-4,4
32.09175,-399,320,-17,16,-9,1
32.09177,-401,319,-16,18,-13,-1
32.09189,-401,319,-16,16,-11,-1
32.09191,-404,317,-23,16,-8,0
32.09193,-404,317,-23,17,-7,1
32.09195,-407,317,-28,18,-8,1
32.09202,-407,317,-28,16,-8,1
32.09208,-408,319,-33,11,-7,0
32.09215,-408,319,-33,5,-3,-1
32.09216,-406,319,-36,-1,2,0
32.09218,-406,319,-36,-4,3,2
32.09222,-407,320,-33,-3,2,2
32.14719,-406,318,-26,13,-6,5
32.14725,-406,318,-26,9,-4,3
32.14747,-408,319,-34,3,-2,0
32.14750,-408,319,-34,-2,3,0
32.14753,-408,319,-35,-5,6,2
32.14754,-408,319,-35,-4,6,2
32.14761,-405,318,-32,-1,3,3
32.14765,-405,318,-32,0,1,4
32.14767,-402,319,-30,0,0,3
32.14777,-402,319,-30,-1,2,1
32.14779,-399,320,-30,-4,3,-1
32.14781,-399,320,-30,-5,2,-3
32.14782,-400,320,-29,-2,2,-4
32.14789,-400,320,-29,2,2,-3
32.14794,-405,319,-29,5,1,-2
32.14800,-405,319,-29,3,4,1
32.20313,-398,322,-22,-2,1,1
32.20320,-398,322,-22,-3,1,2
32.20325,-400,319,-20,-1,-1,3
32.20328,-400,319,-20,2,-4,5
32.20343,-401,319,-20,4,-5,3
32.20357,-401,319,-20,5,-5,-2
32.20360,-398,323,-21,4,-1,-4
32.20366,-398,323,-21,3,2,-1
32.20375,-401,324,-23,2,2,2
32.20380,-401,324,-23,2,-1,5
32.20385,-410,321,-27,0,-3,5
32.20391,-410,321,-27,-2,-2,2
32.20396,-409,320,-29,-2,3,-1
32.20398,-409,320,-29,-3,7,-4
32.20407,-399,323,-29,-4,5,-5
32.20409,-399,323,-29,0,3,-1
32.25912,-409,319,-30,3,-5,7
32.25917,-406,317,-32,-1,2,5
32.25925,-406,317,-32,-3,7,3
32.25930,-401,318,-30,-2,8,2
32.25932,-401,318,-30,1,3,2
32.25934,-400,319,-27,4,-2,2
32.25941,-400,319,-27,4,-4,2
32.25944,-405,318,-27,3,-3,0
32.25951,-405,318,-27,2,-2,-3
32.25955,-407,317,-29,5,-3,-4
32.25957,-407,317,-29,9,-5,-2
32.25966,-405,319,-32,9,-5,-1
32.25973,-405,319,-32,6,-3,1
32.25980,-405,319,-34,2,-2,0
32.25986,-405,319,-34,0,-2,-1
32.25994,-407,318,-32,-1,-2,-1
32.31242,-402,321,-24,0,3,-2
32.31246,-402,321,-24,0,8,0
32.31253,-404,321,-27,-2,6,0
32.31255,-404,321,-27,-2,-1,-1
32.31259,-404,322,-31,-2,-3,0
32.31268,-404,322,-31,-4,0,-1
32.31270,-403,322,-31,-8,5,-2
32.31272,-403,322,-31,-11,7,-1
32.31273,-406,322,-27,-10,5,0
32.31275,-406,322,-27,-9,2,0
32.31281,-403,323,-24,-7,2,-1
32.31283,-403,323,-24,-6,4,-3
32.31285,-397,322,-25,-5,6,-3
32.31289,-397,322,-25,-4,6,-2
32.31292,-400,321,-23,-2,4,-1
32.31296,-400,321,-23,1,0,0
32.36871,-409,320,-34,-6,1,6
32.36881,-409,320,-34,-8,6,3
32.36884,-403,320,-32,-10,8,-1
32.36885,-403,320,-32,-9,7,-2
32.36895,-400,319,-28,-4,4,-2
32.36906,-400,319,-28,1,0,-2
32.36910,-403,317,-23,3,-1,-2
32.36918,-403,317,-23,5,-1,-2
32.36922,-406,317,-21,7,-1,-1
32.36926,-406,317,-21,7,-1,0
32.36929,-402,319,-21,7,-3,-1
32.36931,-402,319,-21,9,-6,-2
32.36936,-402,320,-24,9,-6,0
32.36943,-402,320,-24,8,-3,2
32.36948,-405,320,-29,6,0,1
32.36951,-405,320,-29,6,-2,0
32.42345,-406,320,-31,-1,4,-4
32.42350,-406,320,-31,-2,3,-4
32.42358,-409,321,-30,-4,2,-2
32.42370,-409,321,-30,-5,4,1
32.42376,-405,321,-28,-7,6,1
32.42378,-405,321,-28,-10,6,-1
32.42384,-402,320,-25,-9,5,-3
32.42386,-402,320,-25,-6,2,-2
32.42392,-407,318,-24,-2,0,0
32.42394,-407,318,-24,1,2,0
32.42396,-406,317,-27,1,5,1
32.42399,-406,317,-27,0,5,1
32.42412,-401,319,-29,-2,3,-2
32.42415,-401,319,-29,-2,-3,-5
32.42418,-404,318,-28,0,-7,-3
32.42423,-404,318,-28,2,-7,1
32.47723,-402,322,-22,6,4,1
32.47735,-402,322,-22,4,4,2
32.47747,-399,321,-23,-1,3,1
32.47761,-399,321,-23,-1,-1,0
32.47764,-397,321,-25,5,-5,0
32.47766,-397,321,-25,10,-8,1
32.47768,-401,321,-25,11,-6,3
32.47782,-401,321,-25,7,0,4
32.47784,-404,321,-27,3,3,3
32.47791,-404,321,-27,2,1,3
32.47797,-403,323,-28,3,-3,0
32.47799,-403,323,-28,3,-7,-1
32.47800,-403,323,-28,1,-5,0
32.47802,-403,323,-28,-1,0,1
32.47815,-404,321,-29,-3,5,1
32.47819,-404,321,-29,-4,5,0
32.52975,-404,317,-26,6,1,-2
32.52985,-404,318,-29,3,3,0
32.53013,-404,318,-29,-2,4,2
32.53017,-410,319,-29,-4,2,3
32.53022,-410,319,-29,-3,-1,2
32.53029,-412,317,-29,-1,-4,0
32.53031,-412,317,-29,-3,-2,-2
32.53035,-407,316,-31,-6,3,-2
32.53049,-407,316,-31,-7,7,-1
32.53050,-402,316,-31,-5,8,-1
32.53059,-402,316,-31,-1,7,-2
32.53060,-400,317,-25,4,2,-2
32.53062,-400,317,-25,7,-4,0
32.53063,-402,317,-21,8,-6,3
32.53064,-402,317,-21,8,-5,4
32.53065,-403,317,-22,7,-2,3
32.58212,-403,322,-30,-12,4,-2
32.58218,-403,322,-30,-9,4,-1
32.58223,-402,322,-25,-4,3,1
32.58238,-402,322,-25,0,1,3
32.58243,-401,323,-23,1,0,3
32.58245,-401,323,-23,2,0,2
32.58250,-398,322,-25,3,1,0
32.58252,-398,322,-25,4,1,-1
32.58254,-398,320,-27,4,1,-2
32.58255,-398,320,-27,3,0,-2
32.58257,-401,319,-26,2,-1,-2
32.58268,-401,319,-26,2,0,-2
32.58271,-405,319,-26,3,3,-1
32.58273,-405,319,-26,3,3,1
32.58275,-407,320,-26,2,2,2
32.58277,-407,320,-26,0,-1,1
32.63631,-401,318,-22,5,-2,1
32.63637,-401,318,-22,8,-9,3
32.63645,-402,316,-25,9,-11,1
32.63648,-402,316,-25,7,-8,0
32.63659,-405,316,-28,4,-4,0
32.63666,-405,316,-28,3,-3,1
32.63668,-407,317,-30,4,-1,2
32.63670,-407,317,-30,3,1,2
32.63675,-407,319,-31,1,1,2
32.63682,-407,319,-31,-1,3,2
32.63686,-407,319,-30,-1,4,0
32.63690,-407,319,-30,-1,5,-2
32.63693,-408,320,-29,-1,3,-1
32.63696,-408,320,-29,0,1,0
32.63698,-404,319,-29,-1,1,1
32.63700,-404,319,-29,-2,2,0
32.69146,-408,319,-32,-9,10,3
32.69152,-408,319,-32,-10,8,1
32.69161,-406,319,-31,-8,4,-1
32.69163,-406,319,-31,-5,3,-1
32.69172,-400,320,-30,-4,6,1
32.69174,-400,320,-30,-4,10,2
32.69181,-399,321,-26,-6,11,1
32.69184,-399,321,-26,-5,9,-1
32.69185,-399,319,-25,-1,3,-3
32.69188,-399,319,-25,3,-4,-4
32.69196,-399,321,-22,6,-6,-2
32.69198,-399,321,-22,7,-5,0
32.69204,-402,323,-23,6,-2,-1
32.69211,-402,323,-23,3,1,-3
32.69215,-403,320,-28,1,3,-4
32.69226,-403,320,-28,3,1,-4
32.74664,-401,321,-23,3,-6,2
32.74666,-401,321,-23,2,-4,0
32.74672,-403,320,-27,3,-3,-3
32.74673,-403,320,-27,4,-2,-2
32.74673,-405,319,-29,6,-2,-1
32.74674,-405,319,-29,5,-2,0
32.74680,-408,318,-31,3,-3,2
32.74682,-408,318,-31,0,-2,4
32.74687,-406,318,-32,-2,1,1
32.74688,-406,318,-32,-4,4,-2
32.74689,-404,320,-31,-6,4,-3
32.74696,-404,320,-31,-6,5,0
32.74698,-405,319,-29,-5,3,1
32.74699,-405,319,-29,-5,1,1
32.74699,-401,319,-28,-4,-2,1
32.74699,-401,319,-28,-3,-3,1
32.80211,-403,320,-26,-7,1,-1
32.80213,-403,320,-26,-4,-1,-2
32.80218,-401,320,-25,-2,0,0
32.80219,-401,320,-25,-5,2,0
32.80219,-399,320,-26,-4,3,-1
32.80220,-399,320,-26,-1,2,-2
32.80220,-401,321,-25,2,0,-2
32.80221,-401,321,-25,5,-3,-1
32.80221,-404,320,-26,6,-6,2
32.80229,-404,320,-26,6,-6,3
32.80232,-402,318,-28,7,-3,2
32.80234,-402,318,-28,7,1,1
32.80234,-403,319,-28,6,1,-1
32.80239,-403,319,-28,4,-3,-2
32.80244,-407,319,-28,4,-7,-2
32.80245,-407,319,-28,2,-8,1
32.85748,-401,321,-25,6,-4,2
32.85750,-403,318,-31,2,-2,0
32.85751,-403,318,-31,-1,1,-2
32.85751,-406,319,-31,0,3,-3
32.85758,-406,319,-31,3,2,-1
32.85759,-412,321,-27,3,-2,2
32.85770,-412,321,-27,-2,-4,3
32.85771,-406,319,-29,-8,-1,2
32.85781,-406,319,-29,-10,2,-2
32.85782,-396,320,-30,-8,6,-4
32.85786,-396,320,-30,-4,9,-3
32.85789,-400,320,-26,-2,7,-1
32.85790,-400,320,-26,-1,1,1
32.85791,-405,316,-24,-2,-5,4
32.85793,-405,316,-24,-1,-7,7
32.85803,-398,317,-25,1,-4,5
32.90909,-402,320,-23,-2,-2,0
32.90911,-402,320,-23,-1,0,1
32.90912,-402,320,-23,2,2,1
32.90912,-397,320,-25,4,1,-1
32.90912,-397,320,-25,5,-4,-1
32.90913,-399,321,-25,7,-6,0
32.90913,-399,321,-25,8,-5,0
32.90914,-403,320,-26,6,-2,-3
32.90925,-403,320,-26,4,0,-3
32.90927,-403,320,-28,2,1,-1
32.90935,-403,320,-28,2,0,0
32.90936,-405,321,-30,2,1,0
32.90937,-405,321,-30,1,2,-2
32.90938,-406,320,-31,-2,6,-3
32.90944,-406,320,-31,-5,9,-4
32.90944,-403,319,-31,-7,9,-3
32.96456,-403,318,-24,8,-4,-4
32.96458,-406,320,-28,7,-7,0
32.96459,-406,320,-28,5,-8,3
32.96466,-404,320,-31,3,-8,1
32.96471,-404,320,-31,1,-5,-2
32.96471,-407,319,-31,-1,-3,-4
32.96475,-407,319,-31,-3,1,-1
32.96475,-410,317,-30,-4,5,3
32.96476,-410,317,-30,-5,5,5
32.96477,-402,318,-29,-5,3,4
32.96487,-402,318,-29,-5,2,1
32.96487,-398,320,-26,-3,3,0
32.96496,-398,320,-26,-3,1,-1
32.96504,-402,319,-23,-3,1,0
32.96508,-402,319,-23,-3,2,1
32.96509,-399,317,-24,-2,3,0
33.02020,-398,321,-26,-6,2,-3
33.02024,-397,320,-24,-1,1,-3
33.02024,-397,320,-24,1,1,-2
33.02034,-401,320,-22,0,0,-1
33.02036,-401,320,-22,-1,0,1
33.02047,-401,320,-24,1,-3,2
33.02048,-401,320,-24,2,-6,2
33.02048,-400,320,-28,2,-8,1
33.02048,-400,320,-28,2,-5,0
33.02057,-403,319,-29,2,0,0
33.02058,-403,319,-29,2,1,0
33.02058,-408,318,-28,2,-3,1
33.02066,-408,318,-28,1,-4,2
33.02066,-407,318,-29,0,-1,0
33.02066,-407,318,-29,0,1,-5
33.02067,-405,320,-30,-1,1,-5
33.07177,-407,318,-29,-1,1,4
33.07183,-407,320,-31,-1,4,1
33.07191,-407,320,-31,-2,6,-3
33.07196,-405,323,-31,-2,7,-3
33.07203,-405,323,-31,-4,6,-1
33.07211,-407,322,-30,-6,6,-1
33.07217,-407,322,-30,-6,5,0
33.07223,-406,320,-28,-4,4,0
33.07227,-406,320,-28,-1,2,-1
33.07231,-402,319,-26,0,-1,-1
33.07246,-402,319,-26,-1,-4,-2
33.07249,-399,319,-26,-2,-4,0
33.07254,-399,319,-26,-1,-1,-1
33.07259,-400,318,-26,1,2,-2
33.07261,-400,318,-26,2,2,-2
33.07268,-401,319,-24,2,-3,1
33.12582,-407,321,-29,-9,2,2
33.12605,-403,320,-28,-11,7,5
33.12643,-403,320,-28,-11,9,4
33.12653,-397,322,-22,-6,5,-2
33.12663,-397,322,-22,0,-1,-6
33.12669,-400,320,-19,4,-4,-5
33.12672,-400,320,-19,3,-6,-1
33.12681,-401,317,-24,1,-4,2
33.12684,-401,317,-24,1,-2,1
33.12686,-398,319,-26,3,-3,0
33.12688,-398,319,-26,6,-6,-1
33.12706,-402,321,-27,8,-7,0
33.12712,-402,321,-27,6,-5,2
33.12728,-407,318,-31,2,0,4
33.12733,-407,318,-31,0,5,2
33.12746,-409,318,-30,-1,6,-1
33.17862,-399,319,-23,5,-5,3
33.17866,-399,319,-23,3,-4,1
33.17874,-400,318,-28,1,-4,-1
33.17876,-400,318,-28,2,-3,-2
33.17883,-405,317,-29,4,-1,-2
33.17888,-405,317,-29,3,-1,-1
33.17892,-408,317,-29,1,-2,1
33.17894,-408,317,-29,0,-4,1
33.17895,-403,319,-30,-2,-2,0
33.17897,-403,319,-30,-3,0,-1
33.17905,-399,321,-28,-5,3,-2
33.17911,-399,321,-28,-7,5,-1
33.17914,-400,318,-28,-7,6,1
33.17917,-400,318,-28,-5,4,2
33.17920,-400,319,-25,-1,2,2
33.17924,-400,319,-25,1,0,2
33.23125,-407,318,-36,-6,8,-2
33.23135,-401,319,-33,-7,7,-2
33.23138,-401,319,-33,-5,5,0
33.23140,-404,320,-25,-5,1,3
33.23143,-404,320,-25,-3,-2,3
33.23157,-406,320,-23,-1,-2,2
33.23162,-406,320,-23,0,2,-1
33.23171,-400,321,-23,0,4,-4
33.23179,-400,321,-23,1,3,-4
33.23182,-399,321,-24,3,0,-3
33.23188,-399,321,-24,5,-2,-2
33.23201,-403,318,-25,4,-2,-3
33.23207,-403,318,-25,5,-1,-2
33.23215,-404,316,-26,4,0,0
33.23231,-404,316,-26,4,0,3
33.23248,-404,318,-25,3,-3,5
33.28641,-401,321,-25,0,1,1
33.28654,-397,322,-23,2,2,-1
33.28661,-397,322,-23,4,2,-3
33.28666,-403,321,-20,6,0,-3
33.28673,-407,318,-23,5,-5,-1
33.28680,-407,318,-23,4,-7,0
33.28686,-407,318,-23,2,-6,0
33.28688,-402,317,-28,-1,-3,-2
33.28690,-402,317,-28,-4,-1,-2
33.28702,-403,320,-28,-5,1,-1
33.28706,-403,320,-28,-3,0,-1
33.28715,-408,318,-27,0,-1,-2
33.28720,-408,318,-27,0,0,-3
33.28733,-408,317,-29,-1,2,-1
33.28737,-408,317,-29,-3,4,2
33.28741,-402,321,-29,-4,5,2
33.34260,-407,318,-33,-1,-5,1
33.34267,-405,320,-33,-3,-3,2
33.34280,-405,320,-33,-6,3,0
33.34287,-402,321,-31,-9,9,-2
33.34289,-402,321,-31,-10,12,0
33.34296,-400,319,-29,-8,10,2
33.34302,-400,319,-29,-4,5,3
33.34313,-401,320,-25,-2,-1,4
33.34316,-401,320,-25,-2,-4,1
33.34318,-400,321,-24,0,-4,-1
33.34327,-400,321,-24,1,0,-1
33.34341,-401,319,-27,3,0,1
33.34345,-401,319,-27,3,-2,3
33.34347,-402,319,-27,3,-3,4
33.34349,-402,319,-27,5,-1,1
33.34351,-404,320,-27,5,0,-2
33.39622,-324,435,-90,129,-60,55
33.39627,-324,435,-90,124,-118,9
33.39635,-234,490,-50,101,-155,-34
33.39645,-234,490,-50,74,-138,-46
33.39653,-283,424,-59,57,-70,-17
33.39657,-283,424,-59,59,-2,32
33.39664,-388,356,-74,85,15,59
33.39668,-388,356,-74,121,-32,42
33.39669,-328,421,-27,146,-109,-11
33.39677,-328,421,-27,143,-165,-57
33.39679,-257,464,-18,109,-162,-61
33.39682,-257,464,-18,54,-99,-22
33.39685,-398,362,-115,0,-5,39
33.39686,-398,362,-115,-26,63,89
33.39692,-486,316,-136,-6,64,95
33.39695,-486,316,-136,57,-2,58
33.45203,-252,496,-106,91,-75,82
33.45211,-342,393,-176,11,65,118
33.45217,-342,393,-176,23,72,92
33.45226,-241,493,-65,105,-64,10
33.45229,-241,493,-65,188,-222,-73
33.45230,-207,517,-3,204,-266,-95
33.45231,-207,517,-3,136,-164,-45
33.45233,-394,345,-99,35,1,32
33.45240,-394,345,-99,-21,102,86
33.45247,-436,335,-74,5,55,81
33.45249,-436,335,-74,96,-94,28
33.45250,-264,477,54,189,-211,-30
33.45252,-264,477,54,219,-229,-64
33.45255,-305,417,-15,174,-159,-52
33.45256,-305,417,-15,101,-50,12
33.45257,-305,417,-15,53,18,80
33.50295,-359,332,-80,8,4,-51
33.50300,-359,332,-80,-47,55,-38
33.50313,-375,342,-134,-89,65,-3
33.50319,-375,342,-134,-111,69,33
33.50321,-401,359,-97,-116,77,40
33.50330,-401,359,-97,-99,80,18
33.50340,-408,341,6,-61,59,-8
33.50347,-408,341,6,-13,11,-22
33.50350,-398,314,65,27,-39,-17
33.50353,-398,314,65,45,-54,0
33.50355,-377,312,35,41,-28,12
33.50356,-377,312,35,32,1,13
33.50365,-378,333,13,40,-1,10
33.50375,-378,333,13,74,-42,2
33.50378,-403,336,12,108,-98,-10
33.50379,-403,336,12,118,-116,-12
33.55560,-330,364,41,57,-9,-46
33.55567,-330,364,41,-13,-9,-68
33.55578,-344,347,-35,-107,41,-39
33.55581,-344,347,-35,-172,96,1
33.55592,-477,285,-155,-183,118,16
33.55596,-477,285,-155,-146,113,7
33.55600,-427,327,-125,-106,102,-15
33.55604,-427,327,-125,-97,98,-37
33.55606,-318,380,-8,-115,111,-39
33.55607,-318,380,-8,-138,115,-28
33.55614,-396,310,18,-135,86,-17
33.55615,-396,310,18,-91,37,-4
33.55617,-497,258,11,-32,-9,9
33.55626,-497,258,11,10,-17,15
33.55628,-421,332,40,20,21,17
33.55631,-421,332,40,4,60,17
33.61005,-437,285,-45,-69,52,21
33.61016,-437,285,-45,-63,63,14
33.61027,-437,285,-45,-28,42,-4
33.61033,-428,308,22,21,-2,-15
33.61043,-428,308,22,64,-36,-9
33.61049,-373,359,40,84,-55,7
33.61054,-373,359,40,79,-64,19
33.61061,-405,325,-12,65,-63,24
33.61062,-405,325,-12,55,-51,24
33.61064,-441,286,-58,54,-43,13
33.61065,-441,286,-58,51,-56,-8
33.61066,-372,334,-60,43,-64,-27
33.61082,-372,334,-60,19,-43,-34
33.61084,-361,346,-76,-66,77,11
33.61085,-460,289,-84,-59,68,27
33.61087,-452,286,14,9,-18,4
33.66118,-478,276,-20,12,-50,26
33.66135,-444,315,2,37,-60,47
33.66145,-444,315,2,48,-41,49
33.66149,-391,332,-1,54,-27,31
33.66156,-391,332,-1,64,-31,6
33.66159,-373,330,-26,75,-46,-9
33.66161,-373,330,-26,77,-54,-2
33.66171,-391,334,-43,64,-43,18
33.66181,-391,334,-43,47,-19,37
33.66183,-396,341,-36,38,-3,45
33.66184,-396,341,-36,39,-19,30
33.66189,-357,357,-22,41,-55,-7
33.66194,-357,357,-22,29,-73,-42
33.66196,-342,347,-48,-5,-37,-49
33.66200,-342,347,-48,-42,37,-30
33.66204,-391,309,-92,-47,77,-11
33.71695,-410,302,-80,-103,78,-18
33.71706,-410,302,-80,-66,50,-14
33.71712,-449,296,34,-19,17,-8
33.71714,-449,296,34,18,-4,2
33.71716,-422,322,76,36,-16,8
33.71717,-422,322,76,41,-32,4
33.71719,-387,324,-14,41,-50,-7
33.71725,-387,324,-14,38,-51,-11
33.71730,-409,313,-92,33,-25,2
33.71733,-409,313,-92,27,6,17
33.71740,-424,338,-52,21,12,19
33.71741,-424,338,-52,18,1,14
33.71751,-402,359,-24,6,-14,11
33.71754,-402,359,-24,-16,-10,19
33.71756,-392,336,-83,-33,15,33
33.71757,-392,336,-83,-34,31,34
33.77061,-386,337,-6,3,-46,-23
33.77066,-391,308,4,10,-74,-33
33.77077,-391,308,4,-21,-23,-18
33.77081,-474,233,-58,-70,80,18
33.77082,-474,233,-58,-98,155,49
33.77084,-474,233,-58,-83,144,54
33.77087,-459,285,-55,-38,56,28
33.77094,-459,285,-55,-2,-45,-8
33.77098,-359,387,16,7,-92,-26
33.77099,-359,387,16,-8,-68,-22
33.77100,-378,338,6,-27,5,1
33.77101,-378,338,6,-23,80,31
33.77110,-437,271,-49,3,94,35
33.77113,-437,271,-49,29,38,12
33.77115,-348,362,-22,40,-46,-24
33.77117,-348,362,-22,21,-118,-64
33.82584,-315,367,53,-12,54,14
33.82596,-315,367,53,31,2,3
33.82614,-393,338,-20,68,-75,-7
33.82625,-393,338,-20,70,-109,-10
33.82633,-471,274,-136,24,-53,6
33.82649,-471,274,-136,-47,57,26
33.82668,-372,324,-70,-98,131,25
33.82678,-372,324,-70,-92,120,2
33.82736,-315,371,63,-36,36,-26
33.82741,-315,371,63,35,-62,-41
33.82743,-446,288,38,83,-113,-31
33.82745,-446,288,38,91,-100,-5
33.82768,-506,256,-65,61,-47,15
33.82781,-506,256,-65,9,7,22
33.82784,-378,361,-77,-36,43,26
33.82790,-378,361,-77,-51,54,23
33.88242,-487,250,-182,-57,46,-8
33.88247,-355,346,-113,-89,91,-28
33.88253,-355,346,-113,-97,98,-29
33.88256,-305,393,-10,-76,66,-12
33.88263,-305,393,-10,-42,16,7
33.88267,-452,296,-23,-17,-23,16
33.88269,-452,296,-23,-20,-21,13
33.88272,-500,253,-36,-46,22,4
33.88275,-500,253,-36,-63,76,2
33.88276,-335,356,64,-31,83,5
33.88278,-335,356,64,54,-6,-5
33.88283,-294,397,132,155,-146,-17
33.88285,-294,397,132,211,-236,-13
33.88288,-481,284,-1,182,-205,8
33.88296,-481,284,-1,87,-69,33
33.88303,-491,263,-167,-19,72,44
33.93807,-489,255,33,161,-233,-31
33.93819,-454,281,90,141,-177,-54
33.93822,-454,281,90,52,-4,-12
33.93824,-369,325,1,-29,135,51
33.93827,-369,325,1,-45,127,81
33.93833,-349,356,-83,7,-8,49
33.93835,-349,356,-83,71,-144,-19
33.93836,-376,351,-61,89,-163,-63
33.93837,-376,351,-61,51,-61,-50
33.93841,-428,303,-27,2,64,10
33.93843,-428,303,-27,-11,103,64
33.93845,-394,337,-31,18,21,61
33.93848,-394,337,-31,49,-94,11
33.93849,-304,422,-79,22,-117,-43
33.93851,-304,422,-79,-73,-4,-60
33.93852,-367,369,-156,-178,170,-26
33.99251,-463,230,14,154,29,-26
33.99279,-405,279,-68,122,-30,-55
33.99297,-405,279,-68,17,-68,-54
33.99314,-522,182,-156,-125,-16,-15
33.99319,-522,182,-156,-237,91,18
33.99321,-554,122,-94,-255,178,17
33.99332,-554,122,-94,-172,176,-28
33.99349,-472,188,91,-47,87,-83
33.99352,-472,188,91,39,-3,-87
33.99355,-548,181,117,25,-21,-29
33.99366,-548,181,117,-65,36,43
33.99374,-617,120,9,-151,98,73
33.99380,-617,120,9,-160,93,35
33.99383,-497,160,20,-84,39,-31
33.99387,-497,160,20,20,-8,-67
33.99390,-451,200,86,52,33,36
34.04774,-638,114,-150,-132,155,79
34.04789,-638,114,-150,-121,78,-5
34.04791,-312,260,-85,-105,12,-78
34.04793,-312,260,-85,-118,25,-92
34.04794,-373,280,-3,-153,104,-43
34.04795,-373,280,-3,-173,177,25
34.04800,-671,142,-37,-144,170,57
34.04810,-671,142,-37,-69,77,35
34.04811,-560,164,50,13,-30,-7
34.04813,-560,164,50,68,-79,-30
34.04814,-315,275,196,78,-61,-24
34.04815,-315,275,196,59,-17,-3
34.04819,-464,234,97,38,0,6
34.04821,-464,234,97,18,-16,-11
34.04827,-633,162,-127,-11,-22,-34
34.04829,-633,162,-127,-60,17,-40
34.10305,-419,328,23,79,-60,26
34.10310,-434,325,6,85,-63,48
34.10317,-434,325,6,91,-62,56
34.10321,-400,320,-21,98,-69,40
34.10324,-400,320,-21,100,-76,13
34.10327,-349,334,-25,95,-76,-6
34.10328,-349,334,-25,83,-64,-5
34.10335,-371,340,-43,68,-49,10
34.10336,-371,340,-43,55,-37,25
34.10342,-416,334,-73,46,-34,29
34.10343,-416,334,-73,41,-35,23
34.10345,-402,334,-66,39,-39,11
34.10350,-402,334,-66,38,-42,3
34.10351,-372,331,-32,35,-37,1
34.10354,-372,331,-32,29,-23,2
34.10356,-385,317,-18,25,-12,2
34.15477,-409,314,-37,-2,-2,0
34.15485,-409,314,-37,-13,3,6
34.15493,-409,314,-37,-7,0,9
34.15496,-404,314,-36,12,-8,6
34.15506,-404,314,-36,28,-16,0
34.15508,-396,324,-15,30,-18,-4
34.15518,-396,324,-15,17,-13,-3
34.15521,-405,322,-12,0,-8,2
34.15524,-405,322,-12,-6,-8,6
34.15526,-420,310,-28,2,-8,8
34.15528,-420,310,-28,16,-5,6
34.15537,-406,313,-31,24,1,1
34.15540,-406,313,-31,22,5,-3
34.15542,-389,324,-26,8,3,-3
34.15546,-389,324,-26,-6,-3,3
34.15553,-410,318,-31,-11,-6,11
34.20860,-404,321,-30,-9,9,-4
34.20868,-409,318,-30,-13,17,0
34.20877,-409,318,-30,-8,12,4
34.20890,-403,323,-23,-1,-2,5
34.20897,-403,323,-23,5,-13,2
34.20900,-391,324,-24,3,-9,-3
34.20903,-391,324,-24,-2,4,-7
34.20937,-396,321,-33,-7,14,-5
34.20952,-396,321,-33,-6,15,-1
34.20958,-403,322,-34,0,6,1
34.20975,-403,322,-34,5,-4,0
34.20980,-397,325,-31,4,-5,-4
34.21015,-397,325,-31,-4,4,-6
34.21019,-398,320,-33,-13,16,-6
34.21022,-398,320,-33,-17,21,-4
34.21024,-408,315,-29,-13,17,-2
34.26373,-400,322,-25,-2,-1,-1
34.26378,-399,321,-27,-1,-2,-1
34.26384,-399,321,-27,-3,0,-1
34.26387,-399,321,-27,-8,6,-2
34.26393,-401,318,-29,-13,8,-4
34.26394,-401,318,-29,-14,7,-6
34.26397,-402,320,-29,-13,5,-6
34.26398,-402,320,-29,-9,3,-5
34.26400,-405,320,-27,-8,3,-2
34.26401,-405,320,-27,-10,6,0
34.26404,-410,316,-25,-14,8,-1
34.26411,-410,316,-25,-12,8,-1
34.26413,-409,315,-22,-7,5,0
34.26414,-409,315,-22,-3,2,2
34.26416,-403,317,-19,0,1,4
34.26418,-403,317,-19,0,2,4
34.31498,-401,320,-26,8,-5,-6
34.31502,-403,321,-25,8,-3,-5
34.31508,-403,321,-25,7,-1,1
34.31510,-409,320,-29,5,0,5
34.31517,-409,320,-29,5,-1,5
34.31519,-408,320,-30,5,0,2
34.31525,-408,320,-30,4,2,1
34.31529,-398,323,-27,4,0,2
34.31531,-398,323,-27,2,-4,4
34.31535,-399,322,-27,1,-6,5
34.31537,-399,322,-27,1,-2,4
34.31538,-402,319,-29,3,2,1
34.31540,-402,319,-29,5,2,-1
34.31546,-398,322,-25,10,-3,-1
34.31550,-398,322,-25,13,-8,0
34.31551,-398,324,-23,10,-10,1
34.36832,-404,322,-27,1,-8,2
34.36841,-404,322,-27,2,-8,2
34.36844,-402,324,-30,2,-3,2
34.36853,-402,324,-30,1,1,1
34.36856,-403,321,-32,-1,3,-1
34.36858,-403,321,-32,-3,3,-1
34.36862,-401,320,-31,-3,2,-1
34.36870,-401,320,-31,-3,1,1
34.36877,-398,318,-28,-3,2,0
34.36883,-398,318,-28,-3,4,-1
34.36889,-403,315,-26,-3,8,-3
34.36891,-403,315,-26,-5,9,-2
34.36895,-409,316,-26,-5,5,0
34.36897,-409,316,-26,-2,0,3
34.36904,-409,319,-26,2,-2,4
34.36911,-409,319,-26,3,-2,4
34.42421,-404,320,-31,1,-1,0
34.42428,-404,320,-31,-2,0,0
34.42439,-407,321,-31,-3,2,0
34.42443,-407,321,-31,-4,4,-2
34.42446,-403,323,-27,-4,5,-2
34.42448,-403,323,-27,-3,3,-2
34.42450,-404,323,-23,-2,1,1
34.42463,-404,323,-23,0,0,2
34.42468,-406,323,-20,1,2,1
34.42469,-406,323,-20,2,3,2
34.42472,-402,324,-18,3,1,2
34.42482,-402,324,-18,6,-4,1
34.42484,-399,325,-21,9,-8,0
34.42492,-399,325,-21,9,-9,0
34.42493,-397,324,-27,6,-5,1
34.42501,-397,324,-27,2,1,1
34.47594,-403,317,-23,5,-7,0
34.47604,-403,317,-23,6,-5,1
34.47606,-403,316,-24,5,-1,4
34.47616,-403,316,-24,3,2,5
34.47622,-403,319,-27,3,1,4
34.47625,-403,319,-27,0,-3,2
34.47627,-399,321,-28,-1,-4,0
34.47628,-399,321,-28,-2,-2,-2
34.47629,-399,318,-29,-2,1,-3
34.47640,-399,318,-29,-2,5,-2
34.47644,-404,318,-31,0,7,-1
34.47657,-404,318,-31,2,5,0
34.47663,-406,319,-28,1,1,1
34.47664,-406,319,-28,-1,-3,2
34.47673,-409,319,-26,-2,-4,3
34.47678,-409,319,-26,1,-2,4
34.52859,-398,322,-27,-1,3,3
34.52864,-398,322,-27,-4,9,-3
34.52902,-397,324,-24,-5,9,-6
34.52907,-397,324,-24,-3,3,-3
34.52915,-397,324,-24,0,-5,2
34.52934,-407,322,-23,1,-7,4
34.52937,-407,322,-23,0,-2,3
34.52938,-405,321,-24,-1,5,1
34.52940,-405,321,-24,-1,9,-1
34.52941,-399,324,-24,1,6,-1
34.52943,-399,324,-24,2,-1,0
34.52946,-403,325,-23,3,-8,2
34.52953,-403,325,-23,1,-7,3
34.52955,-404,321,-27,-3,1,1
34.52958,-404,321,-27,-6,8,0
34.52961,-398,321,-29,-5,8,0
34.58361,-408,316,-24,1,-1,-3
34.58366,-408,316,-24,1,-1,-2
34.58373,-408,316,-25,0,3,-1
34.58376,-408,316,-25,-1,5,1
34.58380,-404,318,-29,0,4,1
34.58388,-404,318,-29,2,1,0
34.58393,-400,320,-28,3,-2,0
34.58396,-400,320,-28,1,-2,1
34.58397,-400,319,-28,-1,-2,0
34.58399,-400,319,-28,-1,-3,0
34.58406,-397,318,-30,-1,-3,0
34.58411,-397,318,-30,-1,-3,-1
34.58413,-398,319,-29,0,-1,-1
34.58415,-398,319,-29,-1,1,-1
34.58416,-406,319,-28,-4,4,0
34.58426,-406,319,-28,-5,1,0
34.63803,-398,320,-25,-2,3,0
34.63808,-398,320,-25,2,1,0
34.63813,-395,321,-22,6,-3,1
34.63819,-395,321,-22,8,-5,2
34.63821,-400,320,-24,5,-2,2
34.63824,-400,320,-24,2,4,1
34.63825,-404,321,-31,-1,6,0
34.63831,-404,321,-31,0,2,-1
34.63835,-404,322,-31,0,-2,1
34.63837,-404,322,-31,-2,0,0
34.63838,-407,320,-28,-7,4,-2
34.63840,-407,320,-28,-10,6,-5
34.63846,-405,319,-29,-10,6,-5
34.63848,-405,319,-29,-7,5,-3
34.63849,-403,320,-27,-2,2,1
34.63850,-403,320,-27,2,1,4
34.69407,-408,320,-29,4,-2,2
34.69416,-408,320,-29,4,0,4
34.69421,-406,320,-27,3,2,6
34.69429,-406,320,-27,3,-1,5
34.69436,-400,322,-26,4,-2,2
34.69439,-400,322,-26,5,1,1
34.69441,-401,321,-27,5,1,1
34.69451,-401,321,-27,5,-2,2
34.69454,-401,320,-29,3,-3,4
34.69463,-401,320,-29,3,0,5
34.69465,-396,322,-29,3,0,3
34.69466,-396,322,-29,2,-3,0
34.69472,-400,322,-29,0,-5,-1
34.69473,-400,322,-29,-3,-2,1
34.69474,-403,322,-30,-5,1,2
34.69477,-403,322,-30,-5,3,1
34.74551,-402,318,-29,1,2,-1
34.74559,-402,318,-29,-3,3,0
34.74592,-408,320,-31,-5,2,0
34.74598,-408,320,-31,-5,2,0
34.74603,-411,319,-29,-5,3,1
34.74607,-411,319,-29,-3,3,2
34.74609,-410,317,-24,-3,4,3
34.74615,-410,317,-24,-5,4,1
34.74618,-407,317,-23,-5,3,-1
34.74624,-407,317,-23,3,-4,2
34.74625,-406,317,-24,4,-4,2
34.74628,-406,317,-24,3,-2,1
34.74629,-407,317,-27,1,0,2
34.74637,-407,317,-27,2,0,2
34.74640,-406,318,-31,3,-2,0
34.74642,-406,318,-31,4,-3,-2
34.80081,-403,318,-29,-6,4,1
34.80085,-402,320,-26,-5,1,1
34.80092,-402,320,-26,-4,-1,1
34.80094,-404,321,-24,-2,-1,0
34.80102,-404,321,-24,0,-1,0
34.80107,-404,321,-22,3,-4,2
34.80108,-404,321,-22,6,-5,2
34.80110,-400,322,-24,5,-3,1
34.80116,-400,322,-24,2,0,2
34.80119,-397,322,-27,0,3,1
34.80120,-397,322,-27,0,4,0
34.80121,-398,323,-27,1,3,0
34.80127,-398,323,-27,3,0,1
34.80132,-401,323,-28,4,-2,1
34.80135,-401,323,-28,2,0,0
34.80138,-403,322,-29,-2,2,-1
34.85185,-402,318,-26,1,-2,0
34.85191,-402,318,-26,-1,1,-1
34.85194,-402,319,-29,-3,3,-2
34.85200,-402,319,-29,-3,1,0
34.85205,-404,319,-30,-3,-1,0
34.85207,-404,319,-30,-2,0,-1
34.85210,-405,318,-28,-1,1,0
34.85216,-405,318,-28,0,3,0
34.85220,-404,318,-25,0,3,0
34.85222,-404,318,-25,-2,3,0
34.85228,-406,319,-25,-2,1,0
34.85231,-406,319,-25,1,-2,1
34.85232,-406,318,-25,4,-2,1
34.85233,-406,318,-25,3,1,1
34.85242,-403,319,-27,0,1,0
34.85245,-403,319,-27,-3,-1,-2
34.90685,-402,320,-26,-5,4,4
34.90687,-404,321,-28,-4,2,4
34.90688,-404,321,-28,-1,-2,4
34.90688,-407,320,-29,-1,-3,3
34.90697,-407,320,-29,-4,-1,2
34.90710,-405,319,-29,-6,4,1
34.90710,-405,319,-29,-6,8,0
34.90711,-400,321,-25,-3,6,1
34.90711,-400,321,-25,3,0,4
34.90711,-403,322,-21,5,-5,5
34.90719,-403,322,-21,4,-6,5
34.90720,-402,322,-23,1,-2,4
34.90720,-402,322,-23,0,2,3
34.90721,-397,322,-25,3,3,2
34.90726,-397,322,-25,6,1,-1
34.90727,-399,320,-27,7,-3,-1
34.95792,-402,320,-23,-2,2,1
34.95797,-402,320,-23,-1,0,1
34.95799,-402,319,-23,2,-3,1
34.95800,-402,319,-23,3,-2,3
34.95801,-401,320,-25,2,0,3
34.95807,-401,320,-25,2,-1,2
34.95808,-401,320,-29,4,-3,1
34.95809,-401,320,-29,4,-3,-1
34.95809,-404,319,-32,2,1,-2
34.95810,-404,319,-32,0,4,-3
34.95810,-409,319,-33,-3,4,-1
34.95815,-409,319,-33,-4,4,2
34.95816,-406,320,-29,-4,6,2
34.95820,-406,320,-29,-4,4,1
34.95821,-404,318,-24,-3,2,0
34.95821,-404,318,-24,-1,-1,1
35.00991,-399,319,-25,3,-4,4
35.00997,-403,319,-25,1,-3,4
35.01000,-403,319,-25,-1,-1,2
35.01001,-406,318,-27,0,0,0
35.01001,-406,318,-27,1,2,-2
35.01002,-405,318,-26,0,4,-1
35.01009,-405,318,-26,-2,3,0
35.01010,-404,319,-26,-1,0,0
35.01015,-404,319,-26,0,-1,0
35.01016,-404,319,-27,-2,0,-1
35.01017,-404,319,-27,-3,1,-2
35.01018,-402,319,-27,-2,0,-2
35.01019,-402,319,-27,0,-1,-1
35.01020,-403,319,-26,0,-1,2
35.01021,-403,319,-26,1,-1,2
35.01027,-400,321,-25,3,-3,1
35.06365,-407,319,-26,-2,-10,1
35.06369,-407,319,-26,-5,-5,1
35.06369,-406,319,-27,-8,6,2
35.06370,-406,319,-27,-8,14,1
35.06377,-402,319,-28,-4,10,0
35.06382,-402,319,-28,1,1,-1
35.06394,-403,321,-26,4,-5,1
35.06394,-403,321,-26,5,-5,3
35.06395,-404,322,-25,3,-2,3
35.06401,-404,322,-25,2,2,2
35.06404,-399,321,-25,3,4,2
35.06405,-399,321,-25,5,-1,2
35.06405,-398,321,-27,7,-7,1
35.06411,-398,321,-27,5,-8,-2
35.06412,-402,320,-30,1,-2,-2
35.06413,-402,320,-30,-3,4,0
35.11511,-400,321,-24,0,-2,0
35.11514,-399,322,-23,4,-1,3
35.11515,-399,322,-23,6,1,4
35.11523,-399,321,-24,7,1,3
35.11526,-399,321,-24,7,-1,1
35.11526,-401,320,-28,6,-1,-1
35.11527,-401,320,-28,4,0,-2
35.11527,-406,320,-30,2,-1,-1
35.11537,-406,320,-30,0,0,-1
35.11538,-407,320,-31,-3,3,-1
35.11546,-407,320,-31,-5,4,-1
35.11546,-406,319,-27,-5,3,-2
35.11547,-406,319,-27,-4,3,-2
35.11549,-407,319,-24,-4,2,0
35.11549,-407,319,-24,-3,0,3
35.11553,-404,319,-22,-1,0,3
35.17045,-400,322,-23,4,-5,-1
35.17048,-402,320,-24,3,-2,-2
35.17048,-402,320,-24,1,2,-3
35.17055,-405,319,-27,1,3,-2
35.17056,-405,319,-27,3,1,-1
35.17057,-408,319,-30,5,-2,-1
35.17057,-408,319,-30,3,-2,-1
35.17058,-406,319,-31,-2,4,0
35.17058,-406,319,-31,-7,9,0
35.17072,-404,319,-29,-8,6,-2
35.17073,-404,319,-29,-4,0,-3
35.17074,-403,320,-26,0,-4,-2
35.17074,-403,320,-26,3,-3,-1
35.17075,-402,318,-25,3,2,0
35.17076,-402,318,-25,2,5,2
35.17077,-400,317,-26,3,4,3
35.22581,-402,322,-28,0,-3,4
35.22592,-402,320,-28,-4,5,1
35.22598,-402,320,-28,-6,10,-1
35.22604,-399,321,-27,-3,7,-1
35.22609,-399,321,-27,1,-3,1
35.22613,-403,324,-26,4,-11,2
35.22615,-403,324,-26,5,-10,0
35.22616,-404,321,-27,2,-2,-4
35.22618,-404,321,-27,-2,4,-6
35.22633,-401,320,-28,-5,3,-4
35.22638,-401,320,-28,-3,-3,-2
35.22643,-404,322,-28,1,-8,-1
35.22648,-404,322,-28,2,-5,0
35.22653,-407,322,-27,-2,4,2
35.22654,-407,322,-27,-8,9,3
35.22655,-402,321,-25,-9,7,2
35.28169,-409,317,-29,4,0,3
35.28174,-406,319,-30,2,4,2
35.28182,-406,319,-30,0,7,0
35.28184,-405,317,-28,-3,6,-2
35.28190,-405,317,-28,-5,3,-3
35.28193,-406,315,-25,-7,2,-2
35.28199,-406,315,-25,-7,4,-1
35.28202,-403,319,-22,-4,3,-1
35.28203,-403,319,-22,0,1,-2
35.28204,-401,322,-22,2,0,-1
35.28205,-401,322,-22,5,-2,0
35.28206,-402,321,-25,7,-3,0
35.28211,-402,321,-25,7,-4,1
35.28214,-399,321,-28,5,-4,2
35.28217,-399,321,-28,2,-3,3
35.28225,-397,322,-30,-1,0,1
35.33714,-401,321,-23,-3,-3,-4
35.33720,-401,321,-23,1,-6,-2
35.33730,-403,322,-24,4,-4,0
35.33743,-403,322,-24,5,0,0
35.33746,-403,322,-28,4,3,0
35.33749,-403,322,-28,1,3,0
35.33756,-405,321,-30,-1,1,1
35.33761,-405,321,-30,-3,0,2
35.33768,-406,319,-29,-2,0,1
35.33772,-406,319,-29,-1,1,1
35.33778,-403,320,-24,0,1,0
35.33783,-403,320,-24,1,2,0
35.33788,-404,320,-22,3,0,2
35.33795,-404,320,-22,4,-2,2
35.33801,-403,321,-22,5,-3,2
35.33803,-397,322,-25,4,0,-2
35.39320,-406,321,-30,-3,4,1
35.39327,-403,318,-28,-5,3,2
35.39344,-403,318,-28,-3,1,2
35.39348,-403,318,-26,2,-1,1
35.39349,-403,318,-26,6,0,0
35.39353,-404,319,-25,6,0,1
35.39353,-404,319,-25,5,-1,1
35.39355,-400,320,-26,4,-3,2
35.39362,-400,320,-26,3,-3,1
35.39363,-399,320,-29,3,-2,1
35.39365,-399,320,-29,2,0,-1
35.39371,-401,319,-32,1,1,-3
35.39373,-401,319,-32,0,0,-4
35.39374,-403,318,-32,-2,1,-4
35.39375,-403,318,-32,-3,2,-2
35.39385,-406,318,-29,-4,2,0
35.44796,-404,320,-28,4,-5,-2
35.44801,-404,320,-28,3,-2,-1
35.44807,-406,320,-30,-1,1,0
35.44809,-406,320,-30,-5,4,-1
35.44817,-403,319,-30,-6,4,-1
35.44819,-403,319,-30,-4,3,-1
35.44821,-402,320,-25,-3,2,-2
35.44825,-402,320,-25,-1,0,-2
35.44828,-404,320,-22,1,-1,-2
35.44829,-404,320,-22,2,0,-1
35.44830,-402,321,-23,1,0,0
35.44837,-402,321,-23,1,0,0
35.44838,-401,321,-25,0,0,0
35.44840,-401,321,-25,0,-1,1
35.44841,-398,321,-29,-2,-3,1
35.44842,-398,321,-29,-3,-2,1
35.50222,-403,320,-26,-1,-1,0
35.50227,-403,320,-26,-1,2,0
35.50234,-405,320,-27,-1,5,0
35.50240,-405,320,-27,0,5,1
35.50243,-403,322,-28,1,2,2
35.50249,-403,322,-28,2,-3,3
35.50252,-400,322,-27,2,-4,1
35.50254,-400,322,-27,1,-1,0
35.50258,-402,321,-28,0,2,-1
35.50262,-402,321,-28,-2,0,1
35.50264,-405,322,-29,-3,-4,2
35.50266,-405,322,-29,-2,-4,1
35.50274,-404,322,-29,-3,1,0
35.50278,-404,322,-29,-6,5,-1
35.50280,-404,320,-26,-6,3,0
35.50282,-404,320,-26,-4,-1,1
35.55367,-406,320,-32,-1,0,5
35.55372,-406,320,-31,2,0,5
35.55378,-406,320,-31,1,0,4
35.55380,-404,318,-28,-3,-1,1
35.55388,-404,318,-28,-6,-1,0
35.55389,-404,318,-24,-7,1,0
35.55397,-404,318,-24,-4,3,2
35.55399,-402,318,-21,2,4,3
35.55400,-402,318,-21,6,3,1
35.55404,-399,318,-22,6,0,-1
35.55405,-399,318,-22,3,-2,0
35.55407,-401,319,-25,-1,-1,-1
35.55409,-401,319,-25,-2,0,-2
35.55415,-403,321,-29,0,1,-1
35.55417,-403,321,-29,2,2,1
35.55422,-401,321,-32,0,1,3
35.60916,-404,322,-27,0,4,0
35.60927,-407,319,-27,-1,1,0
35.60935,-407,319,-27,-2,2,0
35.60944,-404,318,-27,-3,4,2
35.60952,-404,318,-27,-3,4,3
35.60964,-398,320,-25,-2,2,3
35.60977,-398,320,-25,0,1,1
35.60981,-401,321,-24,3,1,1
35.61000,-401,321,-24,4,0,2
35.61005,-404,319,-24,4,-1,3
35.61013,-404,319,-24,2,-1,4
35.61017,-400,319,-26,2,-3,4
35.61026,-400,319,-26,2,-6,1
35.61042,-398,320,-28,2,-7,-1
35.61045,-398,320,-28,0,-5,-1
35.61047,-404,318,-29,-2,-2,0
35.66290,-486,185,-7,-64,76,-14
35.66296,-486,185,-7,-62,54,-23
35.66305,-444,231,16,-61,30,-22
35.66309,-444,231,16,-61,19,-17
35.66312,-500,215,7,-56,22,-17
35.66322,-500,215,7,-48,33,-23
35.66326,-526,179,-7,-43,44,-26
35.66329,-526,179,-7,-48,57,-19
35.66331,-492,188,-2,-60,72,-1
35.66333,-492,188,-2,-70,74,12
35.66335,-469,236,6,-70,53,5
35.66337,-469,236,6,-59,20,-18
35.66340,-485,249,0,-46,2,-35
35.66349,-485,249,0,-41,19,-22
35.66352,-521,208,-10,-45,62,18
35.66356,-521,208,-10,-46,89,57
35.71725,-562,161,130,-35,5,-51
35.71740,-684,52,38,-27,-3,17
35.71756,-684,52,38,-39,43,87
35.71765,-545,127,20,-59,98,103
35.71775,-545,127,20,-66,111,53
35.71793,-359,275,52,-48,70,-23
35.71800,-359,275,52,-19,3,-80
35.71807,-485,227,-35,-9,-33,-83
35.71822,-485,227,-35,-46,-1,-34
35.71826,-619,126,-136,-117,77,25
35.71834,-619,126,-136,-180,165,53
35.71839,-427,226,-41,-199,217,33
35.71858,-427,226,-41,-170,181,-31
35.71865,-330,335,106,-105,78,-81
35.71869,-330,335,106,-31,-11,-71
35.71878,-555,241,61,9,-36,-17
35.76921,-402,301,-111,72,-66,-47
35.76927,-452,280,-115,24,28,-4
35.76935,-452,280,-115,10,46,24
35.76942,-404,318,-12,31,-17,20
35.76947,-404,318,-12,66,-88,10
35.76952,-424,315,9,88,-100,19
35.76954,-424,315,9,83,-71,27
35.76959,-464,289,-66,61,-44,22
35.76969,-464,289,-66,47,-28,16
35.76972,-413,296,-75,42,-30,8
35.76973,-413,296,-75,36,-34,4
35.76974,-413,296,-75,21,-16,16
35.76980,-380,298,-2,5,16,37
35.76982,-380,298,-2,12,24,41
35.76984,-421,294,34,48,-23,16
35.76987,-421,294,34,91,-99,-25
35.82499,-390,368,-41,87,-71,17
35.82505,-390,368,-41,15,-78,-20
35.82508,-363,375,-130,-60,-33,-27
35.82509,-363,375,-130,-109,60,3
35.82510,-425,288,-141,-111,138,37
35.82522,-425,288,-141,-64,137,49
35.82524,-388,296,-29,16,56,37
35.82525,-388,296,-29,88,-66,-1
35.82526,-308,375,78,115,-156,-41
35.82528,-308,375,78,84,-155,-58
35.82531,-386,338,23,11,-74,-44
35.82540,-386,338,23,-59,45,-8
35.82541,-502,257,-109,-86,130,24
35.82542,-502,257,-109,-66,127,21
35.82543,-410,303,-127,-27,67,-14
35.82566,-410,303,-127,-22,17,-53
35.87996,-382,316,36,-48,103,-21
35.88000,-444,305,23,-19,43,-14
35.88009,-444,305,23,19,-40,-16
35.88011,-448,316,-37,31,-73,-15
35.88016,-448,316,-37,-9,-31,-7
35.88018,-416,312,-109,-80,65,7
35.88025,-416,312,-109,-149,147,14
35.88029,-406,297,-125,-191,166,4
35.88035,-406,297,-125,-200,137,-11
35.88037,-419,306,-53,-184,118,-15
35.88038,-419,306,-53,-153,129,-7
35.88041,-409,341,53,-107,130,2
35.88042,-409,341,53,-46,91,8
35.88043,-382,359,97,14,14,10
35.88045,-382,359,97,55,-60,8
35.88046,-355,338,30,66,-81,8
35.93537,-422,329,-112,-297,261,-37
35.93542,-447,268,-83,-360,329,-45
35.93550,-447,268,-83,-372,323,-70
35.93554,-389,295,7,-310,227,-87
35.93560,-389,295,7,-197,98,-80
35.93561,-378,347,100,-101,19,-63
35.93567,-378,347,100,-71,40,-60
35.93568,-418,307,66,-109,129,-74
35.93574,-418,307,66,-165,196,-83
35.93580,-446,256,-32,-185,174,-78
35.93594,-446,256,-32,-163,93,-58
35.93597,-462,289,-65,-131,52,-27
35.93599,-462,289,-65,-128,94,-4
35.93607,-452,336,-15,-140,160,3
35.93608,-452,336,-15,-125,158,5
35.93614,-464,304,84,-63,55,16
35.99031,-473,275,-14,-58,-17,-68
35.99036,-497,312,-28,-61,10,-78
35.99044,-497,312,-28,-110,100,-56
35.99049,-416,340,-67,-171,181,-19
35.99052,-416,340,-67,-211,210,6
35.99053,-364,321,-86,-216,184,6
35.99055,-364,321,-86,-199,128,-20
35.99056,-364,321,-86,-179,92,-47
35.99065,-398,293,-50,-169,107,-54
35.99067,-398,293,-50,-167,149,-43
35.99068,-434,291,14,-157,173,-31
35.99069,-434,291,14,-129,150,-20
35.99070,-405,324,57,-87,86,-13
35.99073,-405,324,57,-46,14,-11
35.99080,-387,347,45,-23,-23,-19
35.99082,-387,347,45,-21,-7,-26
36.04307,-361,345,38,108,-82,12
36.04313,-361,345,38,127,-125,-4
36.04330,-377,342,-62,111,-108,-10
36.04341,-377,342,-62,66,-56,-18
36.04345,-386,331,-148,20,-6,-29
36.04348,-386,331,-148,-5,15,-27
36.04352,-409,328,-70,-6,6,-4
36.04372,-409,328,-70,5,-16,20
36.04378,-403,308,7,6,-25,17
36.04383,-403,308,7,-2,-10,-8
36.04394,-398,288,-42,-13,15,-35
36.04404,-398,288,-42,-20,29,-43
36.04413,-439,290,-80,-24,25,-35
36.04423,-439,290,-80,-30,20,-21
36.04431,-476,304,-37,-41,31,-2
36.04434,-476,304,-37,-60,55,20
36.09809,-333,360,144,63,-131,-107
36.09814,-411,313,17,27,-81,-61
36.09822,-411,313,17,-56,49,11
36.09825,-525,246,-113,-135,165,57
36.09835,-525,246,-113,-163,196,56
36.09837,-403,319,-90,-142,130,10
36.09844,-403,319,-90,-106,33,-47
36.09846,-319,369,-22,-83,4,-64
36.09853,-319,369,-22,-79,54,-28
36.09856,-449,302,3,-71,101,24
36.09858,-449,302,3,-32,74,43
36.09867,-470,297,60,33,-19,25
36.09869,-470,297,60,86,-105,-4
36.09871,-342,342,76,88,-115,-17
36.09872,-342,342,76,38,-36,-5
36.09881,-318,315,-65,-34,55,3
36.15047,-356,320,145,136,-184,-5
36.15053,-449,277,-53,86,-69,-6
36.15063,-449,277,-53,49,32,-3
36.15072,-477,282,-169,60,44,11
36.15074,-477,282,-169,112,-39,31
36.15086,-393,330,-82,164,-142,37
36.15092,-393,330,-82,166,-173,20
36.15097,-364,309,-2,96,-100,-9
36.15101,-364,309,-2,-10,31,-24
36.15103,-434,276,-13,-86,130,-10
36.15106,-434,276,-13,-82,125,23
36.15111,-445,326,3,-4,8,50
36.15116,-445,326,3,102,-143,56
36.15119,-387,371,26,182,-225,56
36.15131,-387,371,26,205,-202,52
36.15132,-387,371,26,180,-123,37
36.20460,-397,342,-17,-24,29,-31
36.20465,-397,342,-17,-48,55,-17
36.20471,-375,365,-36,-78,73,-2
36.20473,-375,365,-36,-104,88,5
36.20483,-420,284,-93,-124,97,-2
36.20485,-420,284,-93,-140,101,-14
36.20489,-413,294,-100,-154,111,-23
36.20490,-413,294,-100,-170,130,-28
36.20500,-339,387,-59,-183,151,-29
36.20502,-339,387,-59,-189,152,-31
36.20503,-347,361,-21,-180,134,-38
36.20508,-347,361,-21,-149,102,-49
36.20510,-438,271,18,-109,67,-56
36.20512,-438,271,18,-70,47,-53
36.20514,-439,299,42,-46,40,-44
36.20516,-439,299,42,-39,40,-39
36.25911,-370,361,-53,-56,86,24
36.25924,-370,361,-53,-40,68,19
36.25941,-346,380,-19,16,0,5
36.26003,-346,380,-19,78,-77,-14
36.26012,-327,423,36,110,-111,-21
36.26018,-327,423,36,108,-84,7
36.26021,-384,404,40,98,-40,67
36.26023,-384,404,40,121,-49,125
36.26030,-356,435,45,203,-135,142
36.26037,-356,435,45,316,-261,99
36.26040,-219,510,38,393,-342,27
36.26047,-219,510,38,393,-320,-10
36.26050,-257,489,-73,323,-221,23
36.26054,-257,489,-73,233,-129,98
36.26058,-257,489,-73,181,-107,151
36.26066,-350,443,-164,190,-151,137
36.31125,-392,373,-25,-220,136,12
36.31130,-392,373,-25,25,69,36
36.31144,-302,450,154,211,-6,25
36.31147,-302,450,154,252,-71,2
36.31149,-302,450,154,167,-130,-16
36.31157,-324,423,114,50,-182,-14
36.31160,-324,423,114,0,-204,13
36.31162,-424,372,-57,41,-165,55
36.31165,-424,372,-57,127,-62,84
36.31173,-373,437,-111,188,50,82
36.31181,-373,437,-111,180,85,47
36.31183,-232,487,-80,114,13,4
36.31185,-232,487,-80,42,-110,-18
36.31186,-251,425,-65,13,-194,-11
36.31187,-251,425,-65,45,-187,10
36.31188,-341,390,-29,121,-110,30
36.36306,-385,323,-71,-88,87,10
36.36310,-385,323,-71,-87,69,1
36.36317,-372,319,-41,-69,39,-10
36.36319,-372,319,-41,-43,16,-22
36.36327,-416,298,-15,-23,8,-25
36.36329,-416,298,-15,-16,15,-17
36.36332,-430,308,8,-17,26,0
36.36334,-430,308,8,-18,32,16
36.36335,-400,326,3,-14,24,21
36.36336,-400,326,3,-7,5,12
36.36339,-386,319,-35,-2,-11,-5
36.36343,-386,319,-35,-6,-13,-22
36.36349,-404,303,-67,-22,2,-30
36.36351,-404,303,-67,-46,30,-24
36.36355,-420,305,-62,-69,61,-9
36.36357,-420,305,-62,-78,81,5
36.41523,-390,325,-36,-17,14,-6
36.41528,-390,325,-36,-17,13,-8
36.41535,-399,321,-32,-16,14,-9
36.41539,-399,321,-32,-11,13,-8
36.41540,-400,325,-29,-6,13,-4
36.41542,-400,325,-29,0,11,-1
36.41544,-390,334,-21,5,5,-1
36.41546,-390,334,-21,8,-5,-4
36.41548,-388,333,-20,8,-11,-9
36.41549,-388,333,-20,5,-11,-11
36.41554,-398,322,-36,-1,-3,-11
36.41555,-398,322,-36,-8,7,-11
36.41557,-400,320,-41,-8,14,-11
36.41564,-400,320,-41,-1,12,-11
36.41568,-398,329,-25,8,2,-8
36.41572,-398,329,-25,14,-10,-6
36.46769,-413,311,-24,6,-4,9
36.46774,-413,311,-24,8,-6,11
36.46781,-418,307,-28,9,-6,9
36.46787,-418,307,-28,10,-6,5
36.46792,-402,316,-19,12,-8,3
36.46797,-402,316,-19,13,-10,3
36.46804,-404,320,-16,14,-10,5
36.46815,-404,320,-16,14,-9,8
36.46819,-418,313,-30,11,-7,9
36.46825,-418,313,-30,9,-6,8
36.46829,-407,314,-36,7,-6,7
36.46830,-407,314,-36,7,-6,6
36.46831,-389,324,-23,9,-4,7
36.46835,-389,324,-23,12,-4,7
36.46843,-398,322,-13,18,-11,7
36.46849,-398,322,-13,27,-21,6
36.52116,-403,323,-32,2,5,0
36.52125,-402,322,-30,4,4,-4
36.52133,-402,322,-30,2,3,-6
36.52134,-399,319,-31,-2,5,-5
36.52136,-399,319,-31,-7,7,-5
36.52147,-397,319,-28,-10,5,-5
36.52152,-397,319,-28,-7,-1,-7
36.52159,-398,320,-24,1,-6,-7
36.52162,-398,320,-24,8,-7,-5
36.52166,-402,319,-28,8,-6,-4
36.52171,-402,319,-28,5,-2,-2
36.52172,-403,318,-31,1,2,0
36.52173,-403,318,-31,0,4,1
36.52174,-405,320,-28,3,2,-1
36.52176,-405,320,-28,8,-4,-2
36.52187,-408,321,-27,11,-9,-2
36.57613,-400,321,-18,-17,12,-2
36.57619,-402,318,-20,-14,11,-1
36.57632,-402,318,-20,-11,9,0
36.57639,-402,316,-22,-9,6,1
36.57648,-402,316,-22,-9,4,0
36.57656,-400,318,-24,-11,5,-1
36.57664,-400,318,-24,-12,7,-2
36.57676,-404,318,-27,-13,9,-2
36.57680,-404,318,-27,-13,9,-1
36.57685,-411,317,-26,-11,8,0
36.57691,-411,317,-26,-5,6,2
36.57695,-410,318,-22,0,6,2
36.57710,-410,318,-22,0,7,0
36.57715,-405,319,-22,-5,9,-1
36.57718,-405,319,-22,-11,10,-1
36.57727,-406,317,-24,-12,8,0
36.63116,-407,322,-24,-14,7,-7
36.63123,-410,321,-24,-15,9,-3
36.63136,-410,321,-24,-15,14,1
36.63141,-410,321,-24,-15,15,3
36.63145,-413,317,-22,-12,12,2
36.63151,-413,317,-22,-6,4,1
36.63158,-404,319,-17,3,-5,0
36.63162,-404,319,-17,10,-10,-1
36.63171,-396,322,-16,10,-11,0
36.63176,-396,322,-16,8,-6,2
36.63182,-401,319,-22,6,0,4
36.63193,-401,319,-22,5,-1,4
36.63197,-404,318,-28,8,-6,4
36.63204,-404,318,-28,11,-11,4
36.63208,-403,321,-29,13,-12,5
36.63211,-403,321,-29,10,-8,5
36.68702,-404,314,-29,18,-18,7
36.68723,-404,314,-29,14,-15,7
36.68737,-404,314,-29,15,-10,4
36.68746,-402,317,-32,16,-7,3
36.68753,-402,317,-32,16,-6,3
36.68771,-405,317,-31,13,-7,3
36.68777,-405,317,-31,8,-8,2
36.68805,-407,316,-33,4,-6,0
36.68810,-407,316,-33,3,-4,-1
36.68831,-406,318,-34,6,0,1
36.68835,-406,318,-34,6,1,2
36.68837,-403,320,-33,1,2,0
36.68838,-403,320,-33,-6,1,-4
36.68840,-397,319,-35,-10,2,-5
36.68853,-397,319,-35,-9,2,-5
36.68857,-399,319,-31,-5,1,-4
36.74258,-400,321,-32,-7,5,0
36.74284,-400,321,-32,-8,6,0
36.74288,-402,322,-27,-6,4,1
36.74291,-402,322,-27,-2,1,2
36.74303,-399,324,-22,2,-2,0
36.74313,-399,324,-22,5,-4,-4
36.74321,-393,325,-19,8,-5,-6
36.74327,-393,325,-19,9,-7,-5
36.74348,-396,323,-20,8,-9,0
36.74352,-396,323,-20,8,-7,1
36.74355,-402,321,-27,6,-3,-3
36.74365,-402,321,-27,4,-1,-7
36.74367,-402,322,-33,0,0,-7
36.74369,-402,322,-33,-4,2,-4
36.74390,-404,322,-36,-8,4,-1
36.74396,-404,322,-36,-11,8,0
36.79461,-404,318,-31,2,4,-1
36.79467,-405,317,-34,-5,5,-2
36.79471,-405,317,-34,-8,5,-1
36.79472,-410,316,-34,-8,5,0
36.79483,-410,316,-34,-8,6,0
36.79485,-408,317,-32,-8,6,-1
36.79490,-408,317,-32,-8,4,-1
36.79493,-404,318,-28,-6,3,-1
36.79494,-404,318,-28,-4,4,-3
36.79496,-403,317,-24,-2,2,-3
36.79497,-403,317,-24,-1,0,-2
36.79503,-403,316,-23,0,1,0
36.79505,-403,316,-23,2,3,3
36.79507,-401,317,-22,4,3,5
36.79508,-401,317,-22,7,-1,5
36.79512,-405,318,-23,9,-6,3
36.84888,-401,323,-32,-5,5,-2
36.84894,-401,323,-32,-4,6,-3
36.84900,-398,323,-26,-4,5,-2
36.84911,-398,323,-26,-6,3,-2
36.84913,-399,322,-21,-8,2,-1
36.84914,-399,322,-21,-6,2,1
36.84920,-401,321,-18,-3,-1,2
36.84924,-401,321,-18,1,-5,3
36.84926,-401,320,-20,4,-8,3
36.84927,-401,320,-20,7,-7,3
36.84933,-401,318,-25,7,-3,2
36.84934,-401,318,-25,4,-2,-1
36.84940,-402,318,-27,2,-3,-2
36.84941,-402,318,-27,3,-5,0
36.84943,-407,319,-27,5,-5,2
36.84949,-407,319,-27,3,-2,4
36.90065,-401,317,-24,9,-6,-2
36.90083,-404,319,-27,10,-3,-2
36.90086,-404,319,-27,8,1,0
36.90088,-406,318,-30,4,2,1
36.90090,-406,318,-30,1,0,0
36.90092,-407,318,-31,1,-2,-2
36.90097,-407,318,-31,2,-1,-3
36.90099,-410,319,-30,3,3,-2
36.90108,-410,319,-30,0,7,0
36.90111,-409,319,-29,-5,7,0
36.90118,-409,319,-29,-7,5,0
36.90123,-403,319,-28,-6,3,-1
36.90132,-403,319,-28,-3,2,-1
36.90135,-402,319,-25,-3,4,0
36.90138,-402,319,-25,-4,7,0
36.90151,-401,319,-23,-3,9,1
36.95544,-406,321,-27,2,-2,0
36.95553,-405,317,-33,-3,4,-1
36.95555,-405,317,-33,-10,7,-1
36.95558,-405,317,-33,-13,9,-1
36.95560,-404,317,-35,-11,11,1
36.95571,-404,317,-35,-8,12,0
36.95574,-403,319,-30,-8,12,-3
36.95577,-403,319,-30,-10,9,-2
36.95579,-400,319,-26,-9,6,0
36.95580,-400,319,-26,-4,4,2
36.95586,-398,320,-22,3,3,1
36.95589,-398,320,-22,6,1,-2
36.95591,-399,320,-19,6,-2,-2
36.95593,-399,320,-19,5,-4,0
36.95595,-399,318,-19,3,-6,2
36.95597,-399,318,-19,4,-6,3
37.00927,-402,321,-22,8,-8,2
37.00938,-402,321,-22,9,-11,4
37.00945,-405,319,-24,6,-9,2
37.00949,-405,319,-24,6,-6,0
37.00951,-405,320,-26,10,-4,0
37.00953,-405,320,-26,13,-4,1
37.00962,-405,320,-29,11,-5,1
37.00963,-405,320,-29,5,-4,-2
37.00964,-406,319,-33,0,-2,-5
37.00968,-406,319,-33,-2,3,-3
37.00969,-407,320,-31,-3,8,0
37.00970,-407,320,-31,-3,11,2
37.00977,-405,320,-28,-2,10,3
37.00979,-405,320,-28,-2,5,3
37.00984,-399,319,-26,-4,0,1
37.00985,-399,319,-26,-5,-2,-1
37.06106,-410,317,-31,-2,0,4
37.06109,-410,317,-31,-3,3,1
37.06114,-410,317,-34,-5,4,-1
37.06115,-410,317,-34,-7,5,0
37.06116,-409,319,-33,-9,7,2
37.06116,-409,319,-33,-11,7,1
37.06117,-405,321,-30,-11,6,-2
37.06118,-405,321,-30,-9,3,-3
37.06125,-400,322,-26,-5,3,-1
37.06129,-400,322,-26,-1,1,1
37.06130,-401,322,-21,1,-1,2
37.06131,-401,322,-21,2,-4,3
37.06131,-403,318,-20,2,-5,4
37.06131,-403,318,-20,2,-4,2
37.06132,-401,315,-24,4,-1,0
37.06133,-401,315,-24,5,0,-3
37.11642,-403,323,-32,-5,1,0
37.11645,-402,321,-27,-2,3,-2
37.11645,-402,321,-27,-2,3,-3
37.11651,-400,321,-24,-1,2,-3
37.11651,-400,321,-24,0,-1,-2
37.11652,-399,322,-22,2,-3,0
37.11653,-399,322,-22,3,-3,-1
37.11654,-398,321,-22,3,-1,-2
37.11658,-398,321,-22,2,-2,-2
37.11672,-399,320,-23,3,-4,-1
37.11672,-399,320,-23,4,-6,0
37.11679,-404,320,-26,2,-6,1
37.11680,-404,320,-26,0,-1,3
37.11681,-407,320,-31,-3,4,1
37.11681,-407,320,-31,-5,7,-1
37.11682,-405,322,-33,-8,5,-1
37.17186,-406,317,-27,6,-1,-1
37.17188,-409,318,-30,3,-1,-2
37.17188,-409,318,-30,2,-1,-3
37.17189,-408,318,-32,1,-2,-2
37.17195,-408,318,-32,1,-1,1
37.17198,-405,320,-31,0,2,1
37.17198,-405,320,-31,-2,3,-1
37.17198,-405,321,-29,-3,2,-1
37.17203,-405,321,-29,-4,1,0
37.17205,-403,320,-27,-4,0,1
37.17205,-403,320,-27,-3,0,1
37.17206,-400,320,-24,-1,0,-2
37.17207,-400,320,-24,3,-2,-4
37.17208,-402,319,-22,7,-5,-4
37.17210,-402,319,-22,8,-5,-2
37.17211,-408,317,-25,7,-5,0
37.22718,-400,320,-24,-1,1,0
37.22721,-402,319,-21,1,2,1
37.22727,-402,319,-21,1,2,1
37.22729,-401,319,-24,2,-1,-1
37.22730,-401,319,-24,4,-4,-2
37.22737,-402,320,-26,4,-4,-2
37.22740,-402,320,-26,2,-4,-2
37.22741,-406,320,-29,-2,0,-1
37.22742,-406,320,-29,-5,5,0
37.22742,-407,320,-31,-6,7,-2
37.22743,-407,320,-31,-6,5,-3
37.22756,-407,321,-29,-6,0,0
37.22756,-407,321,-29,-6,-1,4
37.22767,-405,320,-27,-6,2,6
37.22767,-405,320,-27,-9,7,3
37.22768,-400,321,-29,-9,9,-2
37.28070,-410,318,-31,-1,2,2
37.28075,-410,318,-31,-4,4,2
37.28086,-410,316,-35,-5,5,0
37.28087,-410,316,-35,-7,6,0
37.28097,-403,320,-32,-8,5,2
37.28097,-403,320,-32,-8,3,3
37.28098,-403,320,-26,-6,2,1
37.28098,-403,320,-26,-4,2,0
37.28107,-402,319,-23,-1,1,0
37.28107,-402,319,-23,4,-2,1
37.28108,-400,321,-21,8,-2,2
37.28109,-400,321,-21,9,-2,1
37.28110,-402,322,-22,8,-1,0
37.28121,-402,322,-22,7,-1,0
37.28122,-401,319,-27,6,-1,0
37.28123,-401,319,-27,4,-1,0
37.33636,-399,319,-23,3,-6,-4
37.33638,-399,319,-23,2,-5,-4
37.33645,-399,320,-23,1,-3,-3
37.33646,-399,320,-23,1,0,-1
37.33647,-403,319,-24,2,1,0
37.33648,-403,319,-24,4,-2,0
37.33648,-407,317,-28,6,-9,0
37.33660,-407,317,-28,8,-12,2
37.33661,-407,318,-31,6,-7,3
37.33661,-407,318,-31,-1,1,2
37.33662,-406,318,-31,-7,6,0
37.33662,-406,318,-31,-9,9,-1
37.33669,-405,320,-28,-6,7,0
37.33669,-405,320,-28,-3,3,1
37.33669,-403,322,-24,-2,0,2
37.33671,-403,322,-24,-2,0,1
37.39131,-407,320,-32,-6,9,2
37.39136,-406,319,-31,-7,9,1
37.39146,-406,319,-31,-7,7,1
37.39152,-405,320,-29,-7,2,1
37.39156,-405,320,-29,-6,1,1
37.39158,-404,320,-27,-5,4,0
37.39167,-404,320,-27,-3,5,-3
37.39169,-401,318,-24,0,3,-3
37.39171,-401,318,-24,2,0,0
37.39185,-401,319,-23,4,-4,0
37.39192,-401,319,-23,6,-5,-1
37.39195,-405,318,-25,5,-5,-1
37.39200,-405,318,-25,3,-3,0
37.39205,-404,317,-30,2,-1,0
37.39208,-404,317,-30,1,-1,-2
37.39222,-403,319,-31,1,-2,-4
37.44511,-401,319,-22,9,-3,1
37.44532,-403,318,-24,10,-2,-2
37.44535,-403,318,-24,8,0,-2
37.44538,-405,319,-27,3,0,1
37.44547,-405,319,-27,2,-2,4
37.44549,-406,318,-28,1,-2,3
37.44554,-406,318,-28,1,-1,0
37.44561,-407,318,-29,0,1,1
37.44562,-407,318,-29,0,2,4
37.44566,-409,320,-30,-1,5,7
37.44571,-409,320,-30,-4,5,7
37.44575,-403,321,-31,-7,5,3
37.44585,-403,321,-31,-9,4,0
37.44588,-399,322,-29,-7,3,-2
37.44589,-399,322,-29,-3,0,-2
37.44590,-404,321,-24,1,0,0
37.50028,-404,322,-32,-5,8,2
37.50035,-404,322,-32,-6,8,0
37.50044,-400,321,-30,-7,5,0
37.50048,-400,321,-30,-7,3,1
37.50051,-401,322,-24,-3,3,1
37.50052,-401,322,-24,-1,3,1
37.50055,-404,321,-20,0,2,2
37.50063,-404,321,-20,1,0,3
37.50064,-401,320,-21,2,-2,2
37.50066,-401,320,-21,4,-5,-1
37.50068,-400,319,-26,4,-9,-2
37.50069,-400,319,-26,6,-9,-1
37.50070,-404,317,-28,8,-4,1
37.50074,-404,317,-28,6,3,0
37.50082,-407,317,-27,4,6,-2
37.50085,-407,317,-27,1,2,0
37.55345,-402,319,-25,4,-4,-1
37.55350,-402,319,-25,4,-4,-1
37.55358,-405,318,-27,5,-6,-2
37.55366,-405,318,-27,6,-5,-1
37.55372,-409,318,-29,5,1,0
37.55377,-409,318,-29,2,7,1
37.55381,-407,321,-30,-2,9,2
37.55387,-407,321,-30,-3,9,1
37.55390,-403,322,-31,-3,9,1
37.55397,-403,322,-31,-3,9,2
37.55403,-403,322,-29,-4,7,0
37.55408,-403,322,-29,-5,3,-1
37.55411,-402,321,-25,-6,1,1
37.55412,-402,321,-25,-4,0,1
37.55413,-398,321,-23,0,-4,-2
37.55422,-398,321,-23,1,-7,-3
37.60829,-405,319,-32,-4,1,-1
37.60837,-405,319,-32,-5,2,-1
37.60845,-404,318,-29,-6,5,-1
37.60849,-404,318,-29,-6,7,-1
37.60871,-404,318,-25,-4,6,0
37.60874,-404,318,-25,1,3,0
37.60876,-402,320,-23,6,1,-3
37.60878,-402,320,-23,8,-1,-4
37.60894,-401,319,-23,6,-2,-4
37.60897,-401,319,-23,4,-1,-3
37.60900,-401,317,-25,5,-1,-1
37.60906,-401,317,-25,5,-3,1
37.60913,-403,317,-26,4,-4,3
37.60917,-403,317,-26,4,-3,6
37.60927,-405,318,-28,3,0,4
37.60936,-405,318,-28,1,1,1
37.65971,-397,322,-22,2,-3,-1
37.65976,-401,321,-26,1,-4,-3
37.65985,-401,321,-26,3,-5,-2
37.65991,-401,321,-26,4,-5,0
37.65995,-404,319,-29,4,-3,2
37.66003,-404,319,-29,4,-1,2
37.66018,-405,318,-32,3,1,1
37.66025,-405,318,-32,-1,2,-1
37.66042,-405,318,-31,-3,4,-3
37.66047,-405,318,-31,-3,3,-4
37.66049,-404,319,-28,0,4,-2
37.66067,-404,319,-28,0,4,2
37.66072,-401,319,-26,-3,3,2
37.66074,-401,319,-26,-6,0,1
37.66082,-398,319,-26,-5,0,0
37.66087,-398,319,-26,0,3,0
37.71449,-406,320,-30,-4,-1,1
37.71455,-406,320,-30,-5,-2,0
37.71464,-411,320,-30,-6,0,0
37.71467,-411,320,-30,-7,2,0
37.71468,-407,320,-31,-9,4,1
37.71470,-407,320,-31,-9,6,-1
37.71472,-401,322,-28,-8,7,-4
37.71475,-401,322,-28,-5,6,-4
37.71486,-400,321,-25,-1,6,0
37.71489,-400,321,-25,2,6,1
37.71490,-400,320,-24,3,3,0
37.71492,-400,320,-24,4,-1,-1
37.71497,-401,320,-24,5,-2,0
37.71499,-401,320,-24,5,-3,1
37.71501,-400,319,-25,3,-2,1
37.71506,-400,319,-25,2,-3,-2
37.76896,-399,319,-22,-2,-3,3
37.76913,-401,320,-23,1,-7,5
37.76930,-401,320,-23,5,-8,5
37.76937,-401,319,-24,7,-6,5
37.76940,-401,319,-24,5,-2,3
37.76942,-403,318,-27,1,-1,3
37.76958,-403,318,-27,0,-1,2
37.76967,-408,320,-28,1,-2,3
37.76968,-408,320,-28,2,-4,5
37.76970,-410,321,-31,3,-4,4
37.76971,-410,321,-31,-1,1,0
37.76980,-405,321,-33,-5,5,-2
37.76981,-405,321,-33,-9,6,-2
37.76982,-403,321,-28,-8,4,-1
37.76984,-403,321,-28,-5,3,1
37.76986,-402,320,-23,-2,2,1
37.82091,-405,321,-35,-3,5,0
37.82096,-405,321,-35,-5,6,-1
37.82109,-405,321,-35,-7,5,-1
37.82112,-404,319,-30,-7,5,0
37.82114,-404,319,-30,-6,5,0
37.82116,-402,318,-24,-6,5,0
37.82121,-402,318,-24,-5,2,-1
37.82127,-400,319,-21,-2,-3,-2
37.82148,-400,319,-21,0,-5,-2
37.82153,-399,322,-22,2,-4,1
37.82164,-399,322,-22,3,-3,4
37.82168,-400,321,-25,5,-3,5
37.82178,-400,321,-25,6,-3,5
37.82183,-402,319,-27,6,-3,3
37.82193,-402,319,-27,7,-6,1
37.82195,-403,318,-27,6,-7,0
37.87677,-401,318,-28,-6,6,0
37.87682,-401,318,-28,-4,4,-2
37.87687,-398,320,-24,0,-1,-2
37.87689,-398,320,-24,5,-4,-1
37.87690,-401,320,-20,7,-4,1
37.87691,-401,320,-20,6,-2,1
37.87693,-402,319,-20,5,-3,0
37.87695,-402,319,-20,7,-5,0
37.87696,-400,320,-23,11,-6,0
37.87697,-400,320,-23,13,-7,1
37.87700,-403,319,-27,11,-5,3
37.87701,-403,319,-27,6,0,3
37.87706,-406,319,-30,0,4,0
37.87710,-406,319,-30,-4,4,-2
37.87713,-408,320,-29,-4,2,-3
37.87714,-408,320,-29,-4,1,-1
37.93076,-290,469,-84,174,-108,51
37.93081,-290,469,-84,175,-119,47
37.93088,-284,499,-95,189,-152,42
37.93090,-284,499,-95,201,-181,36
37.93098,-233,525,-78,195,-179,30
37.93101,-233,525,-78,172,-147,25
37.93104,-258,472,-92,141,-102,24
37.93106,-258,472,-92,113,-70,29
37.93107,-321,425,-116,99,-62,37
37.93110,-321,425,-116,99,-74,39
37.93112,-303,455,-102,105,-90,29
37.93113,-257,469,-75,97,-94,-15
37.93118,-257,469,-75,73,-76,-22
37.93122,-319,402,-71,48,-45,-1
37.93125,-395,362,-53,62,-20,47
37.93133,-395,362,-53,108,-60,31
37.98370,-188,522,18,237,-225,55
37.98376,-188,522,18,192,-190,89
37.98390,-312,456,-97,130,-108,100
37.98393,-312,456,-97,99,-28,80
37.98395,-334,474,-141,119,-21,31
37.98398,-334,474,-141,171,-108,-16
37.98400,-188,562,-76,217,-207,-20
37.98409,-188,562,-76,215,-234,18
37.98413,-181,508,-91,152,-170,59
37.98419,-181,508,-91,72,-53,84
37.98421,-291,427,-127,37,34,77
37.98424,-291,427,-127,77,6,29
37.98428,-282,499,-58,161,-127,-36
37.98431,-282,499,-58,223,-250,-73
37.98432,-282,508,-44,207,-253,-53
37.98435,-282,508,-44,119,-127,17
38.03672,-411,300,-31,-57,53,-15
38.03677,-411,300,-31,-20,16,12
38.03685,-492,254,48,24,-14,35
38.03687,-492,254,48,60,-33,39
38.03698,-392,322,61,87,-62,19
38.03701,-392,322,61,97,-99,-9
38.03706,-356,355,-15,86,-106,-17
38.03711,-356,355,-15,48,-72,-5
38.03712,-465,287,-96,-4,-5,14
38.03714,-465,287,-96,-42,62,24
38.03716,-443,282,-71,-49,77,18
38.03727,-443,282,-71,-24,36,-1
38.03730,-326,349,-2,7,-16,-12
38.03734,-326,349,-2,21,-36,0
38.03737,-382,343,-17,12,-29,24
38.03741,-382,343,-17,-2,-18,36
38.08976,-501,283,-17,-88,163,51
38.08983,-486,256,-113,-104,173,22
38.08992,-486,256,-113,-103,105,-35
38.09001,-279,358,-85,-106,35,-78
38.09004,-279,358,-85,-132,26,-86
38.09006,-319,359,-57,-170,83,-61
38.09011,-319,359,-57,-187,167,-13
38.09013,-546,254,-78,-163,201,28
38.09018,-546,254,-78,-97,148,46
38.09020,-497,281,21,-10,42,38
38.09023,-497,281,21,50,-60,4
38.09026,-275,387,128,55,-100,-36
38.09029,-275,387,128,20,-56,-44
38.09031,-326,347,25,-25,25,-25
38.09034,-326,347,25,-59,80,-2
38.09037,-499,282,-144,-80,94,9
38.14466,-527,247,-8,44,-35,4
38.14473,-527,247,-8,39,-16,25
38.14483,-527,247,-8,35,-11,25
38.14490,-466,284,-36,31,-15,12
38.14492,-466,284,-36,22,-3,9
38.14502,-351,338,-16,13,16,24
38.14513,-351,338,-16,11,18,36
38.14518,-393,317,-64,10,-4,19
38.14520,-393,317,-64,-3,-21,-18
38.14523,-437,289,-108,-34,-1,-41
38.14528,-437,289,-108,-73,54,-29
38.14529,-402,308,-33,-87,103,8
38.14531,-402,308,-33,-55,91,38
38.14542,-386,333,84,18,10,40
38.14544,-386,333,84,96,-91,11
38.14546,-417,314,69,136,-144,-25
38.20055,-397,309,-14,39,-36,3
38.20060,-277,374,20,60,-93,-60
38.20071,-277,374,20,70,-99,-81
38.20074,-393,331,-17,63,-68,-52
38.20076,-393,331,-17,50,-32,5
38.20085,-513,273,-71,46,-11,58
38.20088,-513,273,-71,48,-10,78
38.20091,-417,326,-61,47,-20,57
38.20099,-417,326,-61,32,-36,9
38.20101,-321,366,-46,7,-42,-36
38.20108,-321,366,-46,-20,-26,-53
38.20110,-402,301,-80,-42,12,-33
38.20116,-402,301,-80,-54,53,6
38.20118,-475,264,-68,-52,69,36
38.20119,-475,264,-68,-29,59,48
38.20121,-409,322,49,13,27,40
38.25631,-367,319,-101,-84,98,-43
38.25636,-433,300,-45,-96,85,-64
38.25643,-433,300,-45,-102,78,-53
38.25653,-496,267,28,-103,84,-18
38.25659,-496,267,28,-93,73,9
38.25660,-415,314,46,-60,34,21
38.25665,-415,314,46,-17,-18,14
38.25669,-364,347,16,13,-52,-8
38.25674,-364,347,16,22,-38,-21
38.25675,-471,290,2,15,12,-3
38.25676,-471,290,2,15,52,38
38.25678,-476,289,47,42,35,71
38.25686,-476,289,47,100,-46,75
38.25690,-309,372,22,155,-149,44
38.25691,-309,372,22,165,-204,4
38.25693,-282,375,-131,121,-149,-12
38.31065,-336,366,78,2,-27,-17
38.31071,-444,280,56,47,-48,2
38.31077,-444,280,56,76,-61,10
38.31083,-480,257,1,79,-55,9
38.31087,-480,257,1,50,-25,6
38.31092,-365,340,-35,-2,14,3
38.31096,-365,340,-35,-53,52,5
38.31099,-358,348,-98,-82,73,5
38.31108,-358,348,-98,-86,61,-6
38.31109,-465,289,-127,-80,34,-16
38.31111,-465,289,-127,-78,30,-16
38.31112,-452,296,-53,-86,60,-1
38.31115,-452,296,-53,-90,95,26
38.31118,-333,356,44,-69,93,43
38.31145,-333,356,44,-21,24,20
38.31163,-323,365,59,37,-74,-27
38.36637,-401,328,16,5,-5,8
38.36643,-401,328,16,-8,23,3
38.36647,-362,342,-14,-15,23,-6
38.36650,-362,342,-14,-18,9,-15
38.36662,-438,285,-75,-28,4,-14
38.36665,-438,285,-75,-39,20,1
38.36673,-469,276,-50,-36,39,23
38.36677,-469,276,-50,-8,31,31
38.36679,-356,347,42,38,-20,13
38.36680,-356,347,42,70,-90,-21
38.36683,-339,349,20,67,-109,-37
38.36695,-339,349,20,30,-44,-18
38.36697,-470,266,-101,-22,43,6
38.36703,-470,266,-101,-60,86,16
38.36705,-466,280,-89,-64,70,10
38.36710,-466,280,-89,-37,12,-5
38.42225,-429,305,-80,70,-9,-16
38.42232,-429,305,-80,11,59,-18
38.42241,-304,389,-65,-84,101,-12
38.42253,-304,389,-65,-135,87,2
38.42264,-400,312,-66,15,-173,-85
38.42272,-323,368,-40,62,-193,-139
38.42277,-323,368,-40,-6,19,-78
38.42280,-414,296,-106,-74,192,12
38.42282,-414,296,-106,-92,215,72
38.42300,-453,280,-57,-58,117,80
38.42304,-453,280,-57,-3,-25,39
38.42306,-367,363,44,46,-132,-15
38.42308,-367,363,44,80,-155,-45
38.42314,-337,384,25,83,-115,-49
38.42316,-337,384,25,55,-42,-24
38.42318,-430,303,-77,17,42,19
38.47447,-526,282,-21,25,-103,-18
38.47452,-526,282,-21,97,-169,-37
38.47465,-377,336,117,89,-92,-1
38.47471,-377,336,117,36,51,72
38.47477,-382,293,45,-4,118,113
38.47480,-382,293,45,9,47,87
38.47482,-402,308,-78,61,-95,13
38.47484,-402,308,-78,97,-181,-62
38.47487,-345,363,-96,75,-125,-81
38.47489,-345,363,-96,6,32,-32
38.47491,-362,346,-55,-61,156,36
38.47494,-362,346,-55,-69,143,69
38.47499,-411,321,-11,-13,2,41
38.47500,-411,321,-11,52,-148,-23
38.47503,-405,337,-39,64,-169,-68
38.47505,-405,337,-39,10,-45,-57
38.52868,-437,269,-26,-23,7,-41
38.52887,-538,199,-21,-63,-12,-19
38.52896,-538,199,-21,-72,-17,17
38.52902,-493,200,28,-39,15,55
38.52925,-493,200,28,24,36,56
38.52927,-342,281,28,86,6,7
38.52929,-342,281,28,104,-44,-58
38.52939,-423,255,-104,46,-70,-104
38.52944,-423,255,-104,-78,-31,-102
38.52950,-604,152,-176,-210,84,-50
38.52956,-604,152,-176,-278,212,4
38.52962,-555,170,6,-241,258,24
38.52966,-555,170,6,-119,178,12
38.52970,-471,226,210,13,24,-11
38.52971,-471,226,210,86,-104,-21
38.52972,-554,178,148,78,-156,-15
38.58420,-276,295,-33,-76,193,-45
38.58425,-276,295,-33,0,18,-108
38.58432,-404,304,75,19,-117,-104
38.58436,-404,304,75,-32,-124,-43
38.58441,-729,129,-16,-113,-6,33
38.58443,-729,129,-16,-153,140,80
38.58449,-576,123,-56,-117,198,74
38.58451,-576,123,-56,-28,134,21
38.58455,-255,288,51,37,12,-44
38.58456,-255,288,51,23,-69,-81
38.58459,-442,267,33,-63,-48,-66
38.58460,-442,267,33,-161,53,-11
38.58462,-730,124,-78,-198,151,37
38.58464,-730,124,-78,-144,171,44
38.58467,-506,184,20,-27,93,18
38.58473,-506,184,20,86,-19,-10
38.63667,-390,332,-18,16,-19,3
38.63672,-384,310,-39,1,13,5
38.63679,-384,310,-39,-4,27,-1
38.63684,-386,315,-25,4,15,-10
38.63686,-386,315,-25,22,-14,-10
38.63688,-408,332,-7,42,-42,1
38.63689,-408,332,-7,53,-55,20
38.63694,-438,326,-26,51,-47,34
38.63702,-438,326,-26,42,-28,34
38.63703,-409,321,-41,35,-14,25
38.63709,-409,321,-41,35,-12,8
38.63711,-354,333,-25,41,-22,-7
38.63716,-354,333,-25,47,-34,-10
38.63717,-369,335,-25,49,-40,-2
38.63724,-369,335,-25,47,-39,8
38.63729,-421,325,-48,43,-34,12
38.69146,-425,310,-18,3,-11,10
38.69151,-425,310,-18,10,-13,9
38.69158,-415,314,-20,11,-9,5
38.69163,-415,314,-20,7,-1,1
38.69165,-398,315,-22,2,6,0
38.69167,-398,315,-22,3,8,0
38.69168,-406,317,-19,10,1,6
38.69178,-406,317,-19,20,-14,12
38.69183,-414,319,-26,25,-22,12
38.69185,-414,319,-26,20,-20,6
38.69194,-400,316,-37,7,-12,-1
38.69205,-400,316,-37,-6,-4,-4
38.69212,-384,318,-33,-9,1,-3
38.69214,-384,318,-33,-1,2,-1
38.69220,-393,324,-21,12,0,-2
38.69223,-393,324,-21,21,-6,-5
38.74691,-401,323,-30,3,1,4
38.74696,-401,323,-30,3,2,4
38.74701,-392,326,-26,2,3,-1
38.74710,-392,326,-26,3,2,-6
38.74713,-388,327,-26,3,-1,-9
38.74715,-388,327,-26,4,-5,-9
38.74717,-401,321,-35,3,-6,-5
38.74721,-401,321,-35,1,-3,-2
38.74723,-409,318,-37,-1,3,-2
38.74728,-409,318,-37,-3,7,-4
38.74730,-402,324,-29,-6,6,-5
38.74734,-402,324,-29,-7,2,-3
38.74736,-402,323,-22,-4,-1,-2
38.74740,-402,323,-22,0,-2,0
38.74742,-410,315,-21,5,-3,1
38.74743,-410,315,-21,9,-6,2
38.79808,-405,318,-24,-6,3,1
38.79814,-405,318,-24,-5,2,1
38.79821,-407,318,-22,-3,2,1
38.79828,-407,318,-22,0,2,2
38.79830,-406,319,-20,2,0,3
38.79832,-406,319,-20,2,-1,4
38.79834,-400,321,-22,1,-1,4
38.79836,-400,321,-22,0,-1,3
38.79844,-396,321,-26,0,1,0
38.79846,-396,321,-26,-4,4,-2
38.79847,-398,322,-29,-6,7,-2
38.79849,-398,322,-29,-6,7,-1
38.79855,-399,322,-30,-6,4,0
38.79858,-399,322,-30,-6,3,1
38.79860,-403,318,-29,-7,4,-1
38.79865,-403,318,-29,-9,4,-2
38.85387,-405,321,-23,7,-1,5
38.85405,-405,321,-23,6,-2,6
38.85415,-401,323,-25,5,-4,5
38.85417,-401,323,-25,5,-4,4
38.85423,-394,323,-30,6,-3,2
38.85429,-394,323,-30,5,-2,0
38.85432,-397,321,-33,3,1,-2
38.85439,-397,321,-33,1,4,-1
38.85441,-405,317,-33,-1,4,0
38.85442,-405,317,-33,-3,1,1
38.85443,-407,317,-29,-4,-1,2
38.85445,-407,317,-29,-3,1,2
38.85451,-408,318,-23,-2,4,2
38.85453,-408,318,-23,0,3,0
38.85454,-410,318,-20,3,-1,0
38.85461,-410,318,-20,6,-3,1
38.90932,-404,319,-31,-4,10,-1
38.90971,-404,319,-31,-7,12,-1
38.90985,-402,322,-27,-6,5,0
38.90987,-402,322,-27,-1,-3,1
38.90989,-401,323,-22,3,-5,1
38.90990,-401,323,-22,5,-4,1
38.90991,-403,320,-24,6,0,0
38.90997,-403,320,-24,5,0,-1
38.91008,-402,318,-29,4,-3,0
38.91021,-402,318,-29,4,-3,1
38.91023,-399,319,-32,4,0,1
38.91024,-399,319,-32,2,3,0
38.91025,-400,318,-34,-1,6,0
38.91027,-400,318,-34,-6,10,-3
38.91122,-407,317,-33,-9,12,-3
38.91127,-407,317,-33,-9,7,-2
38.96570,-401,319,-22,4,-2,6
38.96574,-400,319,-27,3,-1,2
38.96584,-400,319,-27,2,0,-3
38.96588,-395,322,-30,1,0,-5
38.96589,-395,322,-30,1,-2,-3
38.96591,-404,321,-30,-1,-5,0
38.96594,-404,321,-30,-5,-3,1
38.96595,-410,319,-29,-9,3,1
38.96596,-410,319,-29,-10,9,-2
38.96599,-402,321,-23,-10,10,-5
38.96602,-402,321,-23,-4,7,-4
38.96605,-402,322,-17,2,3,2
38.96608,-402,322,-17,5,-1,6
38.96609,-406,321,-20,5,-2,4
38.96613,-406,321,-20,3,0,3
38.96615,-399,323,-24,0,3,2
39.01808,-404,317,-25,-1,4,1
39.01813,-404,317,-25,2,4,3
39.01819,-402,317,-26,4,-1,3
39.01826,-402,317,-26,4,-4,3
39.01831,-402,317,-31,4,-2,3
39.01835,-402,317,-31,2,0,3
39.01838,-401,318,-33,1,1,1
39.01843,-401,318,-33,1,1,-1
39.01845,-400,319,-31,0,1,-3
39.01846,-400,319,-31,-2,3,-4
39.01850,-402,319,-30,-3,5,-3
39.01852,-402,319,-30,-2,5,0
39.01853,-407,319,-28,-3,4,2
39.01862,-407,319,-28,-3,1,1
39.01866,-408,320,-25,-2,-2,0
39.01871,-408,320,-25,1,-3,0
39.07026,-396,321,-22,7,-2,0
39.07031,-396,321,-22,10,-5,-1
39.07038,-395,321,-24,8,-5,-2
39.07042,-395,321,-24,4,-1,-3
39.07044,-400,321,-28,0,2,0
39.07046,-400,321,-28,-1,3,1
39.07051,-403,322,-28,0,1,1
39.07053,-403,322,-28,2,-2,0
39.07057,-401,323,-26,2,-2,-1
39.07060,-401,323,-26,0,0,-2
39.07063,-400,323,-26,-2,5,-2
39.07064,-400,323,-26,-3,7,-2
39.07066,-403,322,-25,-1,4,-1
39.07067,-403,322,-25,0,0,0
39.07068,-404,322,-24,0,-4,2
39.07078,-404,322,-24,-3,-4,2
39.12528,-405,319,-29,-1,-1,-1
39.12551,-405,319,-29,-1,-3,-4
39.12554,-409,317,-29,-3,3,-4
39.12556,-409,317,-29,-6,10,-2
39.12560,-404,318,-26,-7,12,-1
39.12566,-404,318,-26,-5,7,4
39.12577,-400,318,-29,-4,8,4
39.12581,-400,318,-29,-2,6,-1
39.12587,-398,320,-29,1,0,-3
39.12590,-398,320,-29,2,-4,-2
39.12592,-404,318,-31,0,-4,1
39.12595,-404,318,-31,-4,1,2
39.12598,-405,316,-33,-6,5,-1
39.12603,-405,316,-33,-6,4,-2
39.12607,-404,318,-28,-2,1,-1
39.12609,-404,318,-28,0,-1,1
39.17875,-403,323,-25,4,-5,5
39.17878,-403,323,-25,1,-4,2
39.17883,-397,323,-30,0,1,-2
39.17884,-397,323,-30,2,4,-2
39.17886,-398,323,-30,4,3,0
39.17895,-398,323,-30,4,1,-1
39.17899,-403,321,-29,0,0,-3
39.17901,-403,321,-29,-4,2,-3
39.17903,-403,320,-29,-6,2,-1
39.17916,-403,320,-29,-3,3,-1
39.17917,-408,320,-26,3,4,1
39.17928,-410,319,-24,-1,2,0
39.17929,-410,319,-24,-3,-1,-1
39.17930,-404,318,-23,-2,-1,-1
39.17933,-404,318,-23,1,2,1
39.17934,-404,318,-23,3,5,4
39.23443,-404,321,-28,-1,4,1
39.23447,-404,321,-28,-1,3,-2
39.23456,-401,321,-27,-2,1,-3
39.23457,-401,321,-27,-2,-1,-3
39.23458,-406,319,-27,-2,-1,0
39.23464,-406,319,-27,0,-2,4
39.23468,-406,319,-27,3,-2,5
39.23471,-406,319,-27,2,-3,5
39.23472,-400,321,-29,1,-5,1
39.23473,-400,321,-29,0,-6,-1
39.23480,-398,322,-31,0,-4,1
39.23481,-398,322,-31,1,-1,2
39.23481,-399,322,-31,1,0,3
39.23482,-399,322,-31,-1,0,1
39.23483,-400,323,-28,-3,1,-1
39.23483,-400,323,-28,-4,1,-2
39.28864,-400,321,-25,2,1,-4
39.28867,-397,321,-29,4,-2,-6
39.28867,-397,321,-29,4,-4,-3
39.28874,-404,318,-32,2,-1,2
39.28875,-404,318,-32,-1,3,3
39.28876,-406,316,-33,-4,4,-1
39.28877,-406,316,-33,-5,5,-4
39.28883,-405,318,-29,-5,7,-4
39.28885,-405,318,-29,-5,6,-1
39.28890,-409,319,-24,-4,1,1
39.28890,-409,319,-24,-1,-1,1
39.28891,-409,317,-22,1,1,2
39.28892,-409,317,-22,1,0,3
39.28893,-404,317,-23,1,-4,3
39.28893,-404,317,-23,3,-5,4
39.28894,-403,318,-26,4,-4,3
39.34204,-406,319,-28,-4,5,-4
39.34206,-406,319,-25,-2,5,-3
39.34207,-406,319,-25,0,1,0
39.34213,-406,322,-23,2,-4,3
39.34213,-406,322,-23,2,-2,6
39.34217,-404,323,-24,1,2,6
39.34220,-404,323,-24,0,1,3
39.34222,-398,324,-26,0,-2,1
39.34226,-398,324,-26,1,-4,0
39.34230,-397,324,-27,1,-2,0
39.34231,-397,324,-27,0,1,0
39.34232,-398,322,-28,-2,3,1
39.34232,-398,322,-28,-3,2,1
39.34232,-399,322,-27,-2,-1,0
39.34237,-399,322,-27,0,-3,0
39.34238,-403,323,-25,1,-3,2
39.39678,-403,319,-26,6,-2,4
39.39681,-403,319,-26,3,-1,7
39.39681,-403,317,-29,-3,0,6
39.39682,-403,317,-29,-5,1,2
39.39689,-400,316,-31,-5,0,-1
39.39691,-400,316,-31,-3,-2,-2
39.39692,-403,316,-29,-3,0,1
39.39693,-403,316,-29,-4,3,2
39.39706,-407,317,-27,-4,7,2
39.39707,-407,317,-27,-3,7,1
39.39712,-408,318,-24,-3,4,1
39.39717,-408,318,-24,-2,0,2
39.39722,-409,319,-21,1,-2,3
39.39723,-409,319,-21,3,-3,5
39.39733,-405,320,-23,3,-1,4
39.39733,-405,320,-23,2,1,2
39.45236,-408,319,-29,0,2,0
39.45238,-408,319,-29,-6,4,-2
39.45239,-407,318,-29,-9,5,-4
39.45239,-407,318,-29,-6,4,-3
39.45247,-401,321,-25,-1,2,-1
39.45248,-401,321,-25,2,0,3
39.45249,-403,322,-22,3,-2,3
39.45250,-403,322,-22,3,-4,2
39.45266,-404,321,-23,1,-5,1
39.45266,-404,321,-23,0,-4,-2
39.45275,-399,322,-26,0,-2,-5
39.45275,-399,322,-26,2,0,-3
39.45279,-396,322,-28,3,2,0
39.45280,-396,322,-28,2,2,1
39.45285,-399,322,-29,-1,2,-1
39.45286,-399,322,-29,-3,2,-3
39.50674,-400,319,-26,4,-5,3
39.50678,-399,318,-29,5,-1,1
39.50684,-399,318,-29,2,2,2
39.50690,-399,318,-29,-4,1,2
39.50691,-405,317,-31,-8,1,1
39.50692,-405,317,-31,-8,1,-1
39.50699,-407,320,-28,-5,0,0
39.50702,-407,320,-28,-1,-1,1
39.50703,-406,322,-23,1,-1,1
39.50706,-406,322,-23,1,0,1
39.50707,-407,320,-21,1,0,1
39.50709,-407,320,-21,1,-2,1
39.50713,-404,319,-23,2,-3,0
39.50717,-404,319,-23,4,-1,-2
39.50718,-398,320,-27,4,0,-2
39.50719,-398,320,-27,2,0,-1
39.56110,-404,320,-29,-2,3,1
39.56115,-402,320,-25,-1,1,-2
39.56120,-402,320,-25,2,1,-3
39.56124,-399,320,-23,3,2,-2
39.56129,-399,320,-23,4,-1,-1
39.56135,-403,321,-23,7,-4,1
39.56143,-403,321,-23,7,-4,4
39.56145,-404,320,-26,3,0,6
39.56146,-404,320,-26,-2,2,5
39.56147,-398,320,-30,-3,2,1
39.56151,-398,320,-30,-1,4,-3
39.56152,-399,321,-30,0,4,-3
39.56153,-399,321,-30,-1,1,-3
39.56154,-406,319,-27,-2,-1,-2
39.56156,-406,319,-27,-2,-1,1
39.56164,-407,319,-25,-1,0,3
39.61674,-399,320,-28,0,-1,0
39.61680,-399,320,-28,-1,0,1
39.61688,-403,319,-30,-1,3,1
39.61699,-403,319,-30,0,5,0
39.61705,-403,319,-29,0,6,0
39.61706,-403,319,-29,-1,4,0
39.61708,-405,320,-27,-3,3,0
39.61709,-405,320,-27,-4,4,1
39.61720,-407,318,-24,-3,5,1
39.61724,-407,318,-24,-1,3,1
39.61728,-404,317,-21,1,1,1
39.61730,-404,317,-21,4,-3,2
39.61732,-400,319,-19,6,-6,2
39.61740,-400,319,-19,7,-9,2
39.61742,-403,320,-23,4,-7,1
39.61746,-403,320,-23,0,-1,2
39.67270,-402,319,-25,-2,-2,-1
39.67281,-405,320,-26,-2,1,2
39.67292,-405,320,-26,-2,3,5
39.67301,-403,322,-27,-1,3,6
39.67306,-403,322,-27,1,3,6
39.67309,-399,322,-27,2,2,6
39.67325,-399,322,-27,2,2,6
39.67328,-397,321,-29,1,2,4
39.67330,-397,321,-29,0,4,3
39.67344,-398,321,-29,-1,6,2
39.67348,-398,321,-29,-2,6,-1
39.67357,-405,321,-27,-2,3,-4
39.67368,-405,321,-27,-1,1,-4
39.67370,-409,320,-26,-1,0,-1
39.67372,-409,320,-26,-1,2,1
39.67385,-405,319,-27,0,1,2
39.72853,-404,320,-27,-1,2,-1
39.72898,-404,320,-27,-2,3,0
39.72916,-405,319,-26,-3,4,0
39.72924,-405,319,-26,-2,3,-1
39.72932,-404,318,-25,0,2,-1
39.72946,-404,319,-24,2,0,3
39.72953,-404,319,-24,1,-2,3
39.72960,-405,320,-27,0,-3,2
39.72962,-405,320,-27,0,-2,1
39.72970,-403,321,-29,0,-1,-1
39.72972,-403,321,-29,1,0,-3
39.72973,-401,321,-29,2,2,-4
39.72974,-401,321,-29,1,3,-3
39.72975,-402,320,-28,-1,-1,1
39.72978,-402,320,-28,-2,-4,3
39.72981,-404,318,-27,0,-3,4
39.78360,-400,323,-24,4,-1,-2
39.78367,-400,323,-24,1,0,-5
39.78376,-398,322,-27,0,0,-7
39.78384,-398,322,-27,2,-1,-6
39.78386,-399,321,-29,5,-1,-2
39.78393,-399,321,-29,4,0,0
39.78401,-405,320,-29,2,-1,0
39.78403,-405,320,-29,-2,-1,-2
39.78405,-404,320,-28,-5,1,-2
39.78406,-404,320,-28,-4,4,-1
39.78413,-402,320,-26,-2,4,2
39.78420,-402,320,-26,-1,4,5
39.78427,-408,319,-26,-1,3,5
39.78434,-408,319,-26,-3,3,3
39.78437,-405,319,-26,-4,2,0
39.78441,-405,319,-26,-3,3,-1
39.83693,-402,319,-27,-2,-2,0
39.83697,-402,319,-27,-2,1,-1
39.83703,-401,321,-25,-4,3,-2
39.83705,-401,321,-25,-3,1,-2
39.83713,-403,321,-26,-1,-2,1
39.83722,-403,321,-26,1,-2,3
39.83727,-399,321,-29,2,0,4
39.83729,-399,321,-29,2,3,2
39.83733,-399,322,-27,2,4,-1
39.83735,-399,322,-27,1,4,-3
39.83742,-403,320,-25,0,2,-5
39.83747,-403,320,-25,1,-2,-4
39.83751,-400,320,-27,2,-3,-3
39.83752,-400,320,-27,0,-1,-1
39.83754,-402,321,-28,-2,2,0
39.83758,-402,321,-28,0,3,0
39.89177,-402,322,-27,1,-1,-3
39.89186,-401,319,-30,0,2,-1
39.89189,-401,319,-30,-1,4,0
39.89191,-400,320,-29,-4,4,0
39.89203,-400,320,-29,-4,2,-2
39.89208,-403,320,-26,-2,1,-4
39.89210,-403,320,-26,2,-1,-4
39.89212,-407,318,-26,3,-2,-2
39.89213,-407,318,-26,0,0,1
39.89221,-408,320,-27,-5,3,4
39.89224,-408,320,-27,-4,5,1
39.89226,-406,322,-25,-1,5,-3
39.89229,-406,322,-25,2,4,-4
39.89259,-402,320,-26,3,0,-3
39.89261,-402,320,-26,2,-1,-1
39.89267,-400,318,-28,2,1,0
39.94697,-407,319,-24,-3,-1,3
39.94702,-407,319,-24,-3,1,4
39.94709,-407,319,-24,-5,4,3
39.94715,-403,321,-26,-6,6,3
39.94721,-403,321,-26,-3,4,3
39.94723,-401,323,-26,-1,0,3
39.94730,-401,323,-26,0,-6,4
39.94732,-404,322,-27,-1,-7,4
39.94743,-404,322,-27,-2,-4,3
39.94745,-401,320,-31,-2,0,1
39.94752,-401,320,-31,-1,1,-1
39.94753,-396,321,-30,2,1,-2
39.94756,-396,321,-30,5,-2,-3
39.94764,-403,321,-28,7,-5,-1
39.94765,-404,322,-29,5,-1,1
39.94770,-404,322,-29,1,0,1
40.00046,-400,320,-31,-3,1,2
40.00057,-402,319,-27,-2,1,0
40.00062,-402,319,-27,-3,3,-3
40.00066,-402,316,-26,-3,3,-4
40.00076,-402,316,-26,-3,-2,-2
40.00079,-410,316,-24,-2,-6,2
40.00081,-410,316,-24,-2,-5,3
40.00083,-409,318,-25,-2,1,1
40.00084,-409,318,-25,-2,7,-1
40.00089,-401,320,-28,-2,7,-1
40.00094,-401,320,-28,0,4,1
40.00097,-403,319,-28,2,-1,4
40.00098,-403,319,-28,2,-3,6
40.00106,-401,317,-27,1,-1,5
40.00107,-401,317,-27,-2,3,2
40.00113,-394,319,-27,-4,5,-1
40.05584,-409,320,-26,-4,3,1
40.05590,-407,320,-26,-4,6,2
40.05597,-407,320,-26,-3,2,2
40.05600,-404,322,-25,-1,-6,2
40.05610,-404,322,-25,1,-9,2
40.05613,-402,322,-25,2,-8,2
40.05615,-402,322,-25,2,-7,1
40.05626,-401,321,-28,-1,-5,3
40.05628,-401,321,-28,-3,-3,5
40.05629,-401,320,-29,-4,0,6
40.05637,-401,320,-29,-2,0,2
40.05640,-398,320,-27,0,-3,-2
40.05648,-398,320,-27,1,-4,-1
40.05654,-398,321,-25,0,-4,1
40.05655,-398,321,-25,0,-5,2
40.05657,-405,321,-25,0,-5,2
40.11016,-399,320,-28,0,-2,2
40.11026,-402,319,-27,0,2,3
40.11032,-401,318,-27,0,2,0
40.11045,-401,318,-27,2,0,-2
40.11050,-402,318,-25,4,-1,-3
40.11052,-402,318,-25,4,0,-3
40.11058,-407,317,-25,0,1,0
40.11060,-405,318,-28,-2,2,0
40.11061,-405,318,-28,-1,2,1
40.11062,-400,321,-28,1,1,2
40.11064,-400,321,-28,0,2,1
40.11066,-403,319,-27,0,3,-1
40.11071,-403,319,-27,-1,4,-1
40.11082,-402,317,-28,-2,4,0
40.11087,-402,317,-28,-2,3,1
40.11089,-398,319,-27,-1,1,3
40.16545,-402,321,-24,5,-2,1
40.16550,-402,321,-24,4,-2,1
40.16556,-400,321,-28,1,-2,1
40.16563,-400,321,-28,-2,0,3
40.16570,-399,321,-30,-4,3,2
40.16575,-399,321,-30,-5,3,1
40.16576,-396,321,-28,-4,2,0
40.16578,-396,321,-28,0,2,-1
40.16581,-399,320,-24,3,0,-2
40.16588,-399,320,-24,4,-3,-3
40.16592,-404,319,-26,2,-1,-2
40.16594,-404,319,-26,-2,2,0
40.16595,-404,320,-27,-5,4,0
40.16596,-404,320,-27,-6,2,0
40.16598,-406,321,-26,-6,-2,1
40.16600,-406,321,-26,-5,-4,1
40.21840,-505,198,-9,-6,-27,-26
40.21846,-471,225,6,-32,-18,-22
40.21855,-471,225,6,-75,21,-15
40.21864,-516,183,-26,-108,73,-8
40.21869,-516,183,-26,-112,111,-8
40.21874,-533,149,-2,-83,109,-22
40.21876,-533,149,-2,-41,60,-41
40.21882,-517,163,43,-22,1,-44
40.21884,-517,163,43,-49,-8,-18
40.21885,-557,152,-7,-106,51,20
40.21891,-557,152,-7,-153,132,34
40.21895,-536,143,-38,-152,163,0
40.21897,-536,143,-38,-101,118,-57
40.21902,-497,170,41,-33,40,-80
40.21904,-497,170,41,-5,-10,-47
40.21908,-573,153,64,-36,5,18
40.27406,-454,292,-21,27,-52,4
40.27412,-454,292,-21,11,-24,-21
40.27419,-447,285,-49,-25,36,-13
40.27430,-447,285,-49,-50,79,16
40.27433,-301,355,15,-30,65,36
40.27436,-301,355,15,37,-26,20
40.27438,-311,365,89,151,-187,-32
40.27441,-311,365,89,180,-205,-40
40.27447,-502,275,51,172,-132,-10
40.27454,-502,275,51,148,-51,26
40.27456,-510,260,-23,128,-46,36
40.27458,-510,260,-23,123,-93,30
40.27459,-334,350,-55,109,-127,22
40.27467,-334,350,-55,61,-103,21
40.27475,-374,333,-132,-11,-15,35
40.27479,-374,333,-132,-77,84,44
40.32610,-473,305,-26,94,-53,68
40.32624,-473,305,-26,129,-125,25
40.32639,-347,348,-2,144,-149,-16
40.32649,-347,348,-2,133,-105,-20
40.32659,-261,407,11,111,-53,5
40.32662,-261,407,11,108,-40,37
40.32671,-405,366,-28,123,-79,49
40.32679,-405,366,-28,141,-130,29
40.32685,-322,356,-72,136,-145,2
40.32729,-322,356,-72,103,-102,-4
40.32751,-294,384,-98,53,-32,11
40.32773,-294,384,-98,7,20,26
40.32786,-387,352,-95,-20,38,21
40.32789,-387,352,-95,-31,19,-14
40.32791,-446,269,-45,-29,-4,-49
40.32806,-446,269,-45,-16,-1,-52
40.38180,-451,275,115,76,-28,51
40.38186,-485,268,-49,70,-19,71
40.38194,-485,268,-49,58,-34,41
40.38196,-485,268,-49,31,-47,-11
40.38209,-374,341,-136,-16,-18,-45
40.38215,-374,341,-136,-83,55,-39
40.38217,-324,366,-143,-149,133,-7
40.38220,-324,366,-143,-190,163,20
40.38233,-393,323,-91,-178,138,27
40.38237,-393,323,-91,-118,67,6
40.38242,-417,317,9,-43,-10,-32
40.38247,-417,317,9,22,-34,-47
40.38252,-376,355,71,57,-7,-25
40.38257,-376,355,71,56,21,5
40.38271,-372,367,29,32,26,19
40.38276,-372,367,29,-10,16,17
40.43585,-370,339,30,7,29,-7
40.43590,-406,306,71,8,12,-8
40.43598,-406,306,71,6,-17,1
40.43606,-500,258,14,12,-48,19
40.43608,-500,258,14,32,-68,38
40.43614,-446,312,-58,47,-63,41
40.43616,-446,312,-58,36,-8,26
40.43620,-313,372,-105,-13,75,-4
40.43627,-313,372,-105,-91,137,-37
40.43628,-341,330,-121,-162,163,-51
40.43631,-341,330,-121,-193,145,-47
40.43632,-453,281,-48,-168,94,-34
40.43635,-453,281,-48,-93,29,-18
40.43638,-440,314,86,2,-29,-4
40.43643,-440,314,86,82,-57,9
40.43644,-380,337,113,113,-64,14
40.48695,-478,267,-45,-67,89,-10
40.48700,-478,267,-45,-3,-23,-39
40.48706,-401,315,-6,32,-81,-36
40.48708,-401,315,-6,12,-44,-17
40.48719,-315,393,-14,-54,45,-11
40.48726,-315,393,-14,-126,108,-35
40.48732,-382,354,-106,-175,116,-62
40.48737,-382,354,-106,-192,117,-54
40.48740,-477,268,-141,-178,135,-5
40.48744,-477,268,-141,-126,135,49
40.48745,-451,277,-17,-33,79,69
40.48746,-451,277,-17,61,-35,37
40.48751,-356,355,148,111,-133,-21
40.48752,-356,355,148,88,-130,-55
40.48754,-384,334,114,2,-23,-36
40.48760,-384,334,114,-76,99,29
40.54254,-377,310,-12,-50,49,-23
40.54265,-377,310,-12,-49,81,13
40.54283,-438,278,-57,-18,46,14
40.54288,-438,278,-57,18,-6,-7
40.54291,-415,323,-57,24,-30,-15
40.54295,-415,323,-57,-5,-1,2
40.54308,-426,328,-49,-51,54,20
40.54311,-426,328,-49,-77,84,23
40.54329,-468,275,-22,-60,51,13
40.54347,-468,275,-22,-11,-13,8
40.54356,-456,271,37,36,-42,26
40.54364,-456,271,37,52,-35,52
40.54374,-397,327,42,48,-32,57
40.54376,-397,327,42,49,-51,31
40.54378,-343,368,-19,61,-64,2
40.54379,-343,368,-19,76,-48,-5
40.59613,-425,283,-91,-140,86,10
40.59623,-425,283,-91,-88,110,3
40.59626,-364,330,-3,-24,99,-6
40.59637,-364,330,-3,15,51,-13
40.59642,-371,349,66,23,-10,-10
40.59643,-371,349,66,12,-56,6
40.59648,-418,317,25,10,-76,14
40.59651,-418,317,25,34,-70,3
40.59653,-402,323,-11,80,-54,-14
40.59654,-402,323,-11,119,-47,-20
40.59658,-386,331,10,127,-42,-9
40.59664,-386,331,10,104,-33,14
40.59665,-408,307,-11,69,-37,30
40.59667,-408,307,-11,43,-60,21
40.59674,-388,317,-95,27,-85,-13
40.59677,-388,317,-95,11,-62,-38
40.64990,-445,273,86,-60,74,0
40.64998,-445,273,86,44,-66,-31
40.65000,-303,378,183,89,-144,-54
40.65004,-303,378,183,53,-111,-53
40.65009,-377,313,25,-43,11,-30
40.65011,-377,313,25,-140,156,5
40.65012,-531,221,-162,-183,240,34
40.65013,-531,221,-162,-154,201,27
40.65014,-444,332,-145,-69,62,-17
40.65020,-444,332,-145,12,-78,-64
40.65022,-444,332,-145,24,-107,-70
40.65025,-320,414,-26,-46,11,-11
40.65028,-320,414,-26,-144,194,74
40.65032,-437,278,26,-186,286,112
40.65035,-437,278,26,-122,187,62
40.65038,-473,226,83,21,-56,-35
40.70195,-303,398,-66,150,-113,-4
40.70200,-303,398,-66,107,-89,-13
40.70209,-428,291,-119,-10,24,-17
40.70215,-428,291,-119,-152,153,-18
40.70218,-456,264,-120,-228,197,-19
40.70221,-456,264,-120,-184,115,-23
40.70224,-354,353,11,-54,-35,-33
40.70233,-354,353,11,68,-129,-39
40.70236,-374,331,47,96,-80,-28
40.70244,-374,331,47,15,67,-10
40.70247,-498,239,-59,-106,183,-2
40.70249,-498,239,-59,-169,175,-5
40.70250,-464,297,-61,-127,57,-10
40.70252,-464,297,-61,-9,-78,-13
40.70255,-362,376,46,104,-135,-9
40.70259,-362,376,46,141,-87,13
40.75365,-326,397,19,-27,-2,-50
40.75370,-491,257,-105,-61,22,-31
40.75376,-491,257,-105,-104,59,-10
40.75378,-451,265,-93,-132,108,4
40.75389,-451,265,-93,-122,144,1
40.75394,-307,378,22,-88,123,-22
40.75398,-307,378,22,-58,52,-46
40.75401,-420,335,38,-50,-13,-43
40.75407,-420,335,38,-62,-21,-17
40.75412,-543,233,-57,-81,19,-1
40.75419,-543,233,-57,-92,75,-9
40.75423,-398,283,-100,-86,131,-22
40.75434,-398,283,-100,-86,171,-18
40.75437,-273,380,-78,-118,191,-13
40.75439,-273,380,-78,-189,187,-23
40.75448,-401,334,-56,-262,151,-48
40.80962,-306,461,-157,191,-116,99
40.80970,-304,488,-176,164,-89,97
40.81124,-304,488,-176,159,-107,57
40.81130,-224,492,-95,168,-153,7
40.81145,-224,492,-95,184,-186,-6
40.81147,-266,441,-35,193,-185,25
40.81149,-266,441,-35,187,-162,62
40.81151,-332,422,-48,175,-132,62
40.81157,-332,422,-48,168,-112,20
40.81167,-281,457,-73,164,-103,-28
40.81181,-281,457,-73,152,-95,-39
40.81183,-302,433,-92,125,-82,-8
40.81185,-302,433,-92,83,-64,29
40.81186,-385,388,-123,36,-41,44
40.81192,-385,388,-123,2,-15,33
40.81196,-312,426,-119,-1,4,4
40.86565,-304,462,-35,100,-6,-9
40.86570,-304,462,-35,49,-2,-14
40.86577,-335,425,-135,-47,15,-22
40.86579,-335,425,-135,-158,78,-39
40.86591,-323,384,-228,-235,162,-59
40.86593,-323,384,-228,-250,211,-73
40.86598,-300,390,-162,-205,188,-75
40.86600,-300,390,-162,-140,114,-63
40.86606,-356,397,-17,-102,53,-40
40.86608,-356,397,-17,-111,53,-13
40.86610,-439,344,4,-140,102,3
40.86612,-439,344,4,-152,145,-4
40.86615,-396,325,-41,-129,140,-27
40.86624,-396,325,-41,-79,87,-50
40.86629,-302,401,6,-32,19,-58
40.86631,-302,401,6,-12,-20,-48
40.92105,-416,300,-11,-46,59,-2
40.92112,-416,300,-11,-18,30,13
40.92122,-412,322,25,24,-16,25
40.92125,-412,322,25,62,-57,29
40.92128,-414,326,22,81,-78,20
40.92136,-414,326,22,75,-70,6
40.92143,-404,312,-28,52,-42,-3
40.92145,-404,312,-28,24,-11,-4
40.92147,-389,309,-63,1,11,0
40.92155,-389,309,-63,-10,18,4
40.92159,-386,322,-52,-11,13,6
40.92162,-386,322,-52,-3,1,2
40.92165,-406,324,-29,8,-11,-4
40.92166,-406,324,-29,16,-17,-6
40.92168,-426,310,-24,17,-16,-3
40.92173,-426,310,-24,11,-7,5
40.97666,-393,321,-32,42,-44,-4
40.97672,-384,328,-43,45,-40,-2
40.97681,-384,328,-43,35,-22,1
40.97691,-401,320,-53,17,2,1
40.97694,-401,320,-53,2,17,-1
40.97705,-412,313,-44,-2,12,-1
40.97710,-412,313,-44,7,-10,-3
40.97715,-409,319,-19,23,-35,-3
40.97721,-409,319,-19,33,-45,2
40.97723,-409,321,-17,31,-34,9
40.97733,-409,321,-17,19,-9,11
40.97738,-407,313,-39,6,11,8
40.97741,-407,313,-39,1,16,1
40.97752,-401,312,-42,5,4,-2
40.97762,-401,312,-42,14,-11,-2
40.97765,-401,319,-23,21,-20,1
41.03169,-406,320,-22,19,-9,7
41.03174,-406,320,-22,14,-3,10
41.03182,-406,320,-22,8,0,8
41.03184,-404,319,-29,5,-3,4
41.03191,-404,319,-29,7,-9,1
41.03194,-399,319,-37,9,-13,-1
41.03195,-399,319,-37,8,-12,0
41.03198,-395,319,-32,4,-6,2
41.03207,-395,319,-32,0,-1,6
41.03209,-399,320,-25,1,0,8
41.03211,-399,320,-25,5,-3,7
41.03216,-403,322,-24,12,-9,4
41.03220,-403,322,-24,19,-17,2
41.03222,-401,323,-23,23,-20,1
41.03223,-401,323,-23,22,-14,2
41.03229,-400,322,-23,17,-5,2
41.08745,-401,320,-19,5,-5,0
41.08752,-401,320,-19,7,-7,-1
41.08757,-409,317,-24,5,-3,-2
41.08762,-409,317,-24,2,-1,-2
41.08771,-409,317,-31,-1,-2,-1
41.08775,-409,317,-31,0,-4,1
41.08778,-406,319,-31,1,-3,2
41.08781,-406,319,-31,0,2,2
41.08788,-407,319,-29,-4,5,2
41.08790,-407,319,-29,-6,4,2
41.08796,-407,317,-27,-6,2,3
41.08802,-407,317,-27,-4,1,5
41.08803,-403,319,-23,-2,0,6
41.08808,-403,319,-23,-2,1,5
41.08813,-401,320,-21,1,1,4
41.08815,-401,320,-21,4,-1,2
41.14258,-394,324,-38,-16,10,-3
41.14265,-398,322,-33,-13,9,0
41.14274,-398,322,-33,-8,5,2
41.14280,-403,319,-24,-2,1,0
41.14283,-403,319,-24,2,-1,-2
41.14285,-400,319,-15,3,-2,-6
41.14297,-400,319,-15,6,-3,-8
41.14303,-400,319,-17,12,-5,-6
41.14311,-400,319,-17,14,-5,-2
41.14316,-408,316,-30,10,-2,1
41.14321,-408,316,-30,2,3,2
41.14324,-410,315,-39,-6,7,1
41.14326,-410,315,-39,-10,9,0
41.14336,-405,317,-35,-11,9,-1
41.14349,-405,317,-35,-10,7,-3
41.14355,-403,318,-27,-7,3,-2
41.19520,-407,319,-26,12,-10,-1
41.19525,-408,319,-36,4,-1,-1
41.19537,-408,319,-36,-3,7,-1
41.19539,-406,319,-38,-7,9,1
41.19550,-406,319,-38,-3,9,3
41.19553,-403,319,-28,1,8,4
41.19558,-403,319,-28,0,6,4
41.19559,-400,320,-22,-4,2,1
41.19560,-400,320,-22,-7,-4,-2
41.19564,-399,320,-23,-5,-5,-3
41.19565,-399,320,-23,-3,-1,-1
41.19566,-399,319,-26,-3,3,2
41.19577,-399,319,-26,-3,4,3
41.19581,-398,316,-28,-3,3,4
41.19582,-398,316,-28,-1,2,3
41.19593,-403,316,-27,0,-1,1
41.25015,-406,318,-37,-3,8,2
41.25029,-406,318,-37,-1,7,1
41.25035,-399,319,-36,2,3,0
41.25040,-399,319,-36,2,-1,-1
41.25050,-395,321,-31,0,-1,1
41.25053,-395,321,-31,-1,3,1
41.25057,-398,320,-28,-2,5,1
41.25062,-398,320,-28,-1,3,1
41.25065,-405,319,-24,2,0,1
41.25067,-405,319,-24,5,-2,0
41.25072,-405,320,-22,5,-3,-2
41.25076,-405,320,-22,3,-3,-2
41.25079,-401,321,-26,0,-1,-2
41.25083,-401,321,-26,-3,1,-2
41.25087,-404,320,-34,-4,4,-3
41.25088,-404,320,-34,-6,6,-3
41.30596,-402,321,-24,4,-3,-2
41.30601,-405,320,-27,1,-2,1
41.30611,-405,320,-27,2,-2,0
41.30623,-406,320,-28,3,-4,-1
41.30632,-406,320,-28,3,-2,1
41.30639,-404,320,-30,2,1,3
41.30646,-404,320,-30,1,3,4
41.30652,-403,320,-30,-2,3,3
41.30655,-403,320,-30,-4,1,1
41.30665,-404,319,-26,-3,1,1
41.30668,-404,319,-26,0,2,0
41.30674,-403,319,-25,0,4,-1
41.30679,-403,319,-25,-2,6,-1
41.30684,-401,318,-27,-3,6,1
41.30696,-401,318,-27,-1,3,3
41.30699,-401,317,-28,1,-2,2
41.35971,-402,320,-27,-4,2,-1
41.35974,-402,320,-27,-2,3,-2
41.35983,-402,320,-27,3,2,-2
41.35983,-401,320,-23,9,-2,-5
41.35995,-401,320,-23,12,-5,-4
41.35995,-404,320,-23,11,-6,0
41.35996,-404,320,-23,8,-4,4
41.36001,-406,320,-26,5,-3,4
41.36008,-406,320,-26,5,-2,2
41.36009,-405,322,-28,5,-3,0
41.36009,-405,322,-28,4,-3,-2
41.36013,-405,324,-30,1,-2,-2
41.36018,-405,324,-30,-5,0,-1
41.36019,-405,323,-32,-8,4,0
41.36023,-405,323,-32,-7,6,1
41.36024,-403,322,-28,-2,6,2
41.41529,-409,319,-25,2,-2,-1
41.41531,-409,319,-25,0,1,0
41.41532,-408,320,-32,-3,3,0
41.41532,-408,320,-32,-4,4,1
41.41538,-407,319,-35,-5,5,2
41.41539,-407,319,-35,-6,5,0
41.41543,-406,318,-32,-9,4,-2
41.41551,-406,318,-32,-8,2,-2
41.41552,-404,316,-28,-5,2,-1
41.41552,-404,316,-28,-2,4,1
41.41556,-402,316,-25,0,4,1
41.41556,-402,316,-25,0,3,0
41.41563,-400,318,-23,0,3,1
41.41564,-400,318,-23,1,2,2
41.41570,-402,317,-25,2,1,2
41.41571,-402,317,-25,3,0,1
41.47075,-399,323,-24,-3,2,-1
41.47077,-399,323,-24,0,0,-2
41.47083,-400,321,-21,1,-1,-3
41.47085,-400,321,-21,2,0,-3
41.47086,-402,321,-22,3,-1,-2
41.47091,-402,321,-22,3,-2,0
41.47092,-402,323,-25,1,-2,2
41.47093,-402,323,-25,0,0,2
41.47094,-402,323,-27,0,1,1
41.47094,-402,323,-27,1,0,1
41.47095,-405,322,-26,1,2,0
41.47100,-405,322,-26,2,1,0
41.47101,-406,322,-26,2,-1,0
41.47102,-406,322,-26,1,-1,0
41.47102,-401,322,-28,1,0,0
41.47103,-401,322,-28,1,0,-1
41.52471,-410,319,-31,0,-1,2
41.52473,-408,320,-32,-1,1,0
41.52473,-408,320,-32,-4,4,-1
41.52474,-401,318,-31,-6,7,-2
41.52481,-401,318,-31,-5,7,-2
41.52482,-400,318,-27,-3,4,-1
41.52482,-400,318,-27,1,-1,0
41.52483,-404,317,-22,4,-5,2
41.52484,-404,317,-22,4,-5,3
41.52484,-402,316,-22,3,-4,1
41.52485,-402,316,-22,2,-4,0
41.52501,-402,316,-25,5,-5,-1
41.52502,-402,316,-25,8,-5,-1
41.52508,-408,316,-28,7,-1,-2
41.52508,-408,316,-28,2,1,-2
41.52509,-408,316,-31,-4,2,-1
41.57537,-400,322,-21,0,4,-3
41.57539,-400,322,-21,2,1,-3
41.57539,-396,320,-22,6,-3,-3
41.57540,-396,320,-22,7,-6,-3
41.57545,-401,320,-23,6,-7,-1
41.57546,-401,320,-23,5,-5,0
41.57547,-409,321,-27,2,-1,2
41.57547,-409,321,-27,-2,3,1
41.57548,-406,323,-33,-5,6,0
41.57554,-406,323,-33,-6,6,1
41.57556,-402,325,-33,-6,4,0
41.57564,-402,325,-33,-6,4,0
41.57568,-404,325,-27,-5,5,1
41.57568,-404,325,-27,-3,4,2
41.57569,-403,323,-25,-1,3,3
41.57574,-403,323,-25,0,2,3
41.63090,-405,318,-28,6,-4,-2
41.63093,-405,318,-28,8,-4,-3
41.63104,-408,319,-30,5,-1,-3
41.63105,-408,319,-30,0,2,0
41.63105,-409,318,-33,-4,7,2
41.63117,-409,318,-33,-6,10,1
41.63118,-407,319,-34,-8,10,-2
41.63127,-407,320,-31,-4,2,0
41.63128,-407,320,-31,0,2,3
41.63129,-403,318,-27,-1,3,3
41.63139,-403,318,-27,-4,3,0
41.63140,-397,319,-24,-5,1,-2
41.63147,-397,319,-24,2,-2,-3
41.63148,-399,320,-21,9,-4,-4
41.63151,-399,320,-21,11,-5,-4
41.63152,-405,318,-23,9,-5,-1
41.68662,-402,322,-24,-3,2,2
41.68672,-403,320,-22,-2,3,2
41.68677,-403,320,-22,-2,2,1
41.68679,-401,320,-22,0,-1,1
41.68681,-401,320,-22,4,-5,2
41.68707,-403,320,-25,5,-6,2
41.68715,-403,320,-25,2,-4,2
41.68721,-405,319,-30,-2,-1,0
41.68723,-405,319,-30,-2,2,-1
41.68730,-406,319,-31,0,4,0
41.68734,-406,319,-31,1,1,1
41.68736,-411,320,-29,-1,-2,4
41.68737,-411,320,-29,-4,0,5
41.68738,-409,318,-32,-8,8,2
41.68742,-409,318,-32,-10,14,-2
41.68750,-401,318,-32,-8,13,-2
41.74244,-407,320,-32,-7,2,1
41.74251,-402,320,-30,-9,4,1
41.74260,-402,320,-30,-7,6,1
41.74267,-402,319,-26,-6,7,-1
41.74283,-402,319,-26,-5,4,-1
41.74312,-404,319,-22,-4,0,0
41.74315,-404,319,-22,-2,-2,2
41.74341,-401,320,-21,0,-2,2
41.74352,-401,320,-21,2,-1,1
41.74356,-396,320,-24,4,-2,-2
41.74358,-396,320,-24,5,-5,-4
41.74360,-401,320,-27,4,-7,-3
41.74532,-401,320,-27,4,-7,0
41.74534,-407,321,-30,5,-5,1
41.74536,-407,321,-30,4,-4,1
41.74540,-407,323,-31,1,-4,1
41.79562,-401,317,-25,6,-2,-2
41.79567,-405,318,-24,6,-2,-4
41.79573,-405,318,-24,6,-3,-3
41.79578,-406,318,-27,7,-4,0
41.79581,-406,318,-27,4,-2,1
41.79587,-405,319,-31,1,1,1
41.79590,-405,319,-31,-2,5,1
41.79592,-405,320,-33,-5,9,1
41.79594,-405,320,-33,-7,9,0
41.79598,-406,321,-31,-8,7,-1
41.79600,-406,321,-31,-8,4,-1
41.79602,-406,321,-28,-6,2,0
41.79603,-406,321,-28,-7,3,1
41.79605,-401,319,-25,-8,3,0
41.79607,-401,319,-25,-8,4,-2
41.79609,-400,318,-23,-5,5,-1
41.85028,-407,321,-32,-4,4,3
41.85064,-407,321,-32,-7,9,1
41.85074,-402,320,-30,-7,11,-3
41.85083,-402,320,-30,-7,5,-6
41.85087,-398,324,-25,-4,-2,-5
41.85126,-398,324,-25,0,-4,-1
41.85130,-399,324,-21,2,-1,2
41.85132,-399,324,-21,2,1,2
41.85134,-400,320,-23,3,-2,0
41.85135,-400,320,-23,6,-7,-1
41.85142,-402,318,-25,8,-10,1
41.85145,-402,318,-25,7,-9,1
41.85146,-404,318,-28,3,-5,0
41.85147,-404,318,-28,-1,-1,0
41.85153,-405,316,-31,-2,2,0
41.85169,-405,316,-31,-1,3,-1
41.90524,-404,319,-22,7,-4,1
41.90529,-401,320,-25,5,-3,-4
41.90536,-401,320,-25,3,-3,-3
41.90537,-407,319,-30,3,-2,0
41.90549,-407,319,-30,3,-1,0
41.90560,-408,318,-32,3,-1,0
41.90566,-408,318,-32,0,0,-1
41.90567,-403,320,-30,-2,4,0
41.90570,-403,320,-30,-5,8,0
41.90571,-403,320,-28,-6,7,-1
41.90575,-403,320,-28,-5,3,-1
41.90578,-404,320,-27,-3,1,2
41.90582,-404,320,-27,-2,0,4
41.90585,-402,319,-26,-3,1,4
41.90588,-402,319,-26,-2,2,2
41.90590,-400,320,-24,-1,0,1
41.95925,-403,318,-33,-6,8,-2
41.95936,-402,318,-28,-8,7,0
41.95950,-402,318,-28,-7,4,1
41.95960,-403,317,-24,-4,0,3
41.95968,-403,317,-24,-1,-2,5
41.95990,-400,318,-23,1,-1,4
41.95995,-400,318,-23,1,0,0
41.95997,-398,320,-24,2,-2,-1
41.96001,-398,320,-24,4,-2,-2
41.96016,-402,321,-24,6,-1,-3
41.96025,-402,321,-24,6,1,-4
41.96029,-407,320,-24,5,-1,-3
41.96033,-407,320,-24,5,-3,-3
41.96041,-406,319,-28,5,-2,-2
41.96047,-406,319,-28,1,0,-1
41.96051,-404,319,-31,-4,3,-1
42.01299,-401,319,-22,7,-6,0
42.01303,-402,320,-24,9,-9,-2
42.01309,-402,320,-24,9,-12,-1
42.01311,-406,321,-29,6,-7,0
42.01312,-406,321,-29,0,0,2
42.01313,-407,320,-33,-4,3,1
42.01315,-407,320,-33,-6,1,0
42.01317,-405,321,-30,-3,0,-2
42.01318,-405,321,-30,-1,0,0
42.01319,-405,321,-30,-3,3,1
42.01321,-407,321,-27,-7,6,1
42.01322,-407,321,-27,-11,8,0
42.01328,-406,319,-26,-9,6,-2
42.01329,-406,319,-26,-7,3,-2
42.01330,-399,319,-26,-3,-1,-2
42.01332,-399,319,-26,0,-2,0
42.06745,-404,319,-28,-6,6,-3
42.06756,-404,319,-28,-5,2,1
42.06760,-401,318,-26,-5,3,2
42.06761,-401,318,-26,-8,7,0
42.06773,-397,319,-25,-8,8,-3
42.06778,-397,319,-25,-7,5,-4
42.06783,-399,320,-23,-4,0,-2
42.06784,-399,320,-23,2,-4,0
42.06789,-403,318,-23,7,-7,1
42.06794,-403,318,-23,8,-6,2
42.06798,-402,317,-28,5,-2,2
42.06799,-402,317,-28,3,0,2
42.06800,-402,318,-30,3,-2,0
42.06804,-402,318,-30,5,-5,0
42.06810,-408,318,-29,5,-6,1
42.06811,-408,318,-29,3,-2,2
42.12301,-400,320,-27,9,-3,-1
42.12306,-400,320,-27,5,-5,-2
42.12312,-401,319,-31,3,-5,-1
42.12314,-401,319,-31,4,-3,0
42.12320,-405,318,-30,4,0,0
42.12322,-405,318,-30,3,2,0
42.12324,-410,319,-29,0,0,-2
42.12329,-410,319,-29,-2,-2,-2
42.12331,-409,320,-30,-4,-1,-1
42.12336,-409,320,-30,-6,0,0
42.12337,-403,322,-31,-8,3,0
42.12339,-403,322,-31,-7,6,0
42.12340,-401,322,-29,-3,8,-2
42.12343,-401,322,-29,0,5,-2
42.12347,-404,320,-25,2,-1,0
42.12348,-404,320,-25,5,-5,2
42.17757,-401,321,-29,-6,8,1
42.17761,-400,320,-22,-5,7,1
42.17768,-400,320,-22,-3,5,1
42.17772,-402,320,-20,1,1,1
42.17773,-402,320,-20,4,0,1
42.17774,-400,322,-24,5,-2,0
42.17784,-400,322,-24,5,-4,0
42.17786,-399,321,-28,5,-4,1
42.17788,-399,321,-28,5,-3,2
42.17789,-402,319,-29,5,-3,1
42.17790,-402,319,-29,4,-4,0
42.17795,-406,319,-30,2,-4,0
42.17797,-406,319,-30,1,-1,1
42.17803,-406,320,-30,-1,1,0
42.17805,-406,320,-30,-2,0,-3
42.17810,-404,321,-30,-2,1,-3
42.23256,-403,318,-24,3,-3,-1
42.23263,-406,320,-29,3,-4,0
42.23270,-406,320,-29,2,-4,1
42.23282,-408,319,-31,-1,-4,2
42.23285,-408,319,-31,-4,0,2
42.23295,-407,317,-30,-5,4,2
42.23298,-407,317,-30,-4,5,0
42.23300,-405,318,-28,-3,2,-1
42.23301,-405,318,-28,-2,-1,-1
42.23303,-402,318,-28,-2,0,0
42.23311,-402,318,-28,-4,4,0
42.23315,-400,318,-28,-5,5,-1
42.23317,-400,318,-28,-5,4,-2
42.23318,-401,320,-25,-2,3,-1
42.23319,-401,320,-25,1,1,-2
42.23327,-404,319,-22,4,0,-2
42.28714,-397,320,-23,-2,4,-4
42.28718,-397,320,-23,3,3,-4
42.28732,-398,320,-20,4,2,-2
42.28737,-398,320,-20,4,-1,-1
42.28748,-402,320,-22,4,-6,0
42.28751,-402,320,-22,4,-8,1
42.28752,-402,319,-26,4,-7,1
42.28755,-402,319,-26,3,-4,1
42.28758,-401,318,-29,2,0,1
42.28765,-401,318,-29,0,3,1
42.28771,-404,317,-30,-2,3,1
42.28777,-404,317,-30,-2,0,1
42.28778,-407,318,-30,0,-3,2
42.28784,-407,318,-30,0,-3,3
42.28792,-405,320,-30,-2,0,2
42.28795,-405,320,-30,-4,3,2
42.34311,-404,320,-30,1,-2,-3
42.34318,-409,320,-29,1,-3,-2
42.34333,-409,320,-29,0,0,-2
42.34336,-408,319,-30,-4,3,-2
42.34339,-408,319,-30,-6,2,-2
42.34343,-403,318,-31,-5,0,-1
42.34345,-403,318,-31,-3,2,1
42.34350,-402,318,-28,-1,6,0
42.34352,-402,318,-28,0,9,-2
42.34360,-402,319,-25,-1,7,-4
42.34375,-402,319,-25,-3,2,-4
42.34378,-401,319,-24,-2,-1,-2
42.34380,-401,319,-24,1,-3,-2
42.34387,-399,320,-24,3,-3,-1
42.34389,-399,320,-24,4,0,1
42.34398,-398,319,-24,5,2,3
42.39683,-400,322,-24,3,-2,2
42.39688,-400,322,-24,4,-1,2
42.39696,-402,320,-27,4,0,0
42.39698,-402,320,-27,3,-2,-2
42.39705,-405,318,-30,2,-3,-1
42.39709,-405,318,-30,3,-3,-1
42.39711,-405,318,-30,4,-1,0
42.39712,-405,318,-30,1,1,0
42.39714,-405,318,-30,0,2,0
42.39716,-405,318,-30,0,3,1
42.39725,-407,318,-29,-2,3,2
42.39727,-407,318,-29,-5,4,2
42.39732,-406,320,-28,-8,5,2
42.39735,-406,320,-28,-9,7,1
42.39739,-398,322,-28,-8,8,0
42.39740,-398,322,-28,-7,4,-1
42.45031,-403,320,-30,-2,4,-1
42.45063,-405,322,-29,0,1,1
42.45068,-405,322,-29,1,-1,5
42.45073,-404,329,-27,2,-4,10
42.45078,-404,329,-27,4,-11,9
42.45080,-387,330,-24,7,-15,0
42.45083,-387,330,-24,10,-12,-8
42.45089,-384,322,-24,11,-7,-10
42.45091,-384,322,-24,11,-6,-4
42.45093,-411,319,-31,11,-8,8
42.45097,-411,319,-31,10,-8,17
42.45102,-401,339,-32,11,-9,17
42.45103,-401,339,-32,15,-14,7
42.45104,-366,351,-26,19,-25,-8
42.45105,-366,351,-26,18,-26,-11
42.45107,-399,339,-28,16,-12,4
42.50145,-263,516,-18,135,-59,24
42.50150,-399,385,-131,165,-89,42
42.50159,-399,385,-131,216,-175,51
42.50168,-245,463,-91,232,-239,38
42.50170,-245,463,-91,198,-212,11
42.50176,-155,572,-8,136,-108,-14
42.50182,-155,572,-8,83,-12,-22
42.50184,-330,469,-88,75,8,-1
42.50186,-330,469,-88,114,-62,38
42.50195,-414,369,-166,166,-170,59
42.50202,-414,369,-166,190,-215,51
42.50207,-236,453,-85,148,-154,23
42.50208,-236,453,-85,54,-37,-13
42.50212,-196,498,-45,-27,65,-32
42.50216,-196,498,-45,-46,94,-21
42.50218,-374,390,-97,47,-76,4
42.55588,-504,296,-88,30,-1,50
42.55613,-504,296,-88,1,25,84
42.55628,-320,381,-43,0,10,67
42.55635,-320,381,-43,28,-20,20
42.55642,-232,456,-24,66,-53,-24
42.55644,-232,456,-24,94,-96,-48
42.55649,-411,374,-64,99,-124,-46
42.55652,-411,374,-64,70,-108,-17
42.55653,-494,259,-64,18,-34,33
42.55655,-353,294,-7,-29,91,71
42.55663,-353,294,-7,29,16,14
42.55666,-298,394,37,120,-125,-51
42.55667,-298,394,37,183,-233,-83
42.55669,-475,337,7,177,-227,-60
42.55677,-475,337,7,116,-109,18
42.55680,-554,228,-37,58,27,108
42.61079,-460,283,-130,-131,175,65
42.61084,-460,283,-130,-61,62,38
42.61097,-417,328,-67,22,-77,-18
42.61102,-417,328,-67,50,-125,-56
42.61111,-268,408,55,9,-37,-42
42.61112,-268,408,55,-55,94,1
42.61114,-325,350,10,-81,140,26
42.61115,-325,350,10,-50,67,17
42.61116,-463,288,-72,0,-31,-13
42.61121,-463,288,-72,7,-57,-45
42.61130,-422,341,-63,-48,13,-47
42.61133,-422,341,-63,-121,116,-6
42.61137,-344,376,-68,-156,147,35
42.61140,-344,376,-68,-126,81,40
42.61145,-393,332,-64,-57,4,22
42.61150,-393,332,-64,-6,-11,-9
42.66362,-486,264,-33,-62,81,-20
42.66369,-466,296,-1,-64,52,20
42.66376,-466,296,-1,-72,21,35
42.66386,-398,324,11,-75,6,22
42.66388,-398,324,11,-64,22,1
42.66390,-406,305,4,-43,55,-9
42.66398,-406,305,4,-22,67,-4
42.66400,-434,295,-14,-10,41,12
42.66403,-434,295,-14,-2,8,31
42.66416,-373,338,-23,4,-7,35
42.66421,-373,338,-23,6,-10,14
42.66424,-329,360,-37,4,-6,-15
42.66431,-329,360,-37,-7,2,-30
42.66437,-402,322,-66,-30,14,-25
42.66439,-402,322,-66,-52,34,-9
42.66442,-429,300,-34,-55,52,3
42.71566,-383,364,-24,44,-29,25
42.71570,-356,340,-71,-20,42,22
42.71583,-356,340,-71,-66,68,-3
42.71587,-392,286,-86,-64,53,-26
42.71589,-392,286,-86,-21,4,-30
42.71599,-427,287,-7,39,-58,-19
42.71605,-427,287,-7,88,-95,10
42.71609,-428,323,72,113,-96,35
42.71616,-428,323,72,112,-79,31
42.71619,-415,325,41,97,-61,8
42.71620,-415,325,41,80,-45,-10
42.71627,-407,308,-68,64,-40,-15
42.71632,-407,308,-68,43,-43,-9
42.71633,-388,310,-147,14,-34,2
42.71639,-388,310,-147,-24,3,5
42.71645,-389,325,-126,-54,50,6
42.76902,-420,326,41,17,-84,17
42.76908,-420,326,41,36,-60,19
42.76920,-345,345,-30,72,-44,0
42.76932,-345,345,-30,102,-42,-26
42.76941,-339,359,-79,104,-36,-34
42.76947,-339,359,-79,75,-15,-19
42.76953,-421,317,-87,27,4,4
42.76960,-421,317,-87,-14,3,15
42.76976,-449,287,-52,-28,-4,14
42.76978,-449,287,-52,-17,-4,10
42.76980,-419,304,-21,-4,-4,0
42.76982,-419,304,-21,-10,-4,-8
42.76990,-428,299,-50,-37,11,-3
42.76993,-428,299,-50,-63,40,9
42.76994,-428,299,-50,-61,61,18
42.76995,-440,271,-57,-23,41,7
42.82209,-407,300,149,7,37,84
42.82215,-301,357,104,134,-129,6
42.82225,-301,357,104,151,-174,-41
42.82230,-460,284,-95,114,-120,-30
42.82232,-460,284,-95,52,-18,14
42.82236,-477,309,-162,5,53,48
42.82242,-477,309,-162,-5,46,50
42.82251,-290,416,-69,5,-8,24
42.82262,-290,416,-69,9,-42,-11
42.82264,-290,416,-69,-12,-23,-32
42.82273,-293,371,-52,-51,29,-23
42.82275,-293,371,-52,-87,73,3
42.82278,-449,269,-82,-89,85,19
42.82280,-449,269,-82,-52,54,8
42.82283,-422,316,-6,-6,-13,-26
42.82285,-422,316,-6,16,-50,-48
42.87538,-410,289,-60,-70,70,-16
42.87543,-410,289,-60,-1,-34,-42
42.87549,-350,326,2,13,-50,-34
42.87551,-350,326,2,-13,-3,-9
42.87558,-403,313,-7,-53,66,17
42.87562,-403,313,-7,-74,94,23
42.87563,-475,287,-43,-61,57,6
42.87564,-475,287,-43,-21,-7,-17
42.87572,-426,305,-20,13,-47,-30
42.87578,-426,305,-20,16,-44,-26
42.87583,-377,325,8,-3,4,5
42.87588,-377,325,8,-22,53,40
42.87614,-404,323,-13,-58,67,14
42.87619,-396,310,-42,-48,71,-19
42.87637,-396,310,-42,-2,35,-30
42.87643,-402,317,-20,41,-32,-29
42.92911,-400,324,-157,-56,48,-32
42.92923,-400,324,-157,-125,132,-6
42.92934,-411,314,-88,-146,161,20
42.92946,-411,314,-88,-111,118,20
42.92955,-365,338,18,-41,23,-4
42.92959,-365,338,18,20,-66,-29
42.92960,-414,308,41,45,-84,-24
42.92966,-414,308,41,27,-26,5
42.92969,-493,263,-3,-11,44,34
42.92975,-493,263,-3,-26,72,46
42.92978,-414,308,13,7,29,31
42.92981,-414,308,13,71,-66,1
42.92984,-323,360,47,126,-148,-16
42.92986,-323,360,47,138,-157,-11
42.92987,-390,325,-41,107,-86,10
42.92990,-390,325,-41,52,-5,25
42.98190,-381,332,-17,46,44,-17
42.98199,-394,310,36,44,-9,-6
42.98206,-394,310,36,12,-42,9
42.98216,-474,268,60,-9,-49,25
42.98218,-474,268,60,12,-51,35
42.98220,-428,334,43,68,-62,40
42.98224,-428,334,43,129,-76,45
42.98229,-312,404,-38,156,-97,38
42.98230,-312,404,-38,130,-105,13
42.98234,-314,331,-140,62,-71,-21
42.98235,-314,331,-140,-23,-10,-50
42.98243,-431,250,-117,-78,60,-49
42.98245,-431,250,-117,-65,101,-10
42.98246,-449,323,29,3,60,24
42.98248,-449,323,29,77,-48,21
42.98249,-390,388,33,98,-134,-5
43.03733,-293,361,-25,-76,52,-7
43.03738,-416,295,-87,-112,82,-9
43.03744,-416,295,-87,-88,64,-7
43.04024,-527,242,-16,-10,4,0
43.04026,-527,242,-16,85,-64,11
43.04027,-381,323,117,152,-110,19
43.04030,-381,323,117,167,-124,21
43.04037,-319,358,45,129,-106,19
43.04039,-319,358,45,58,-61,12
43.04041,-469,297,-173,-19,-1,2
43.04047,-469,297,-173,-82,57,-7
43.04048,-468,314,-202,-112,108,-3
43.04050,-468,314,-202,-97,93,3
43.04051,-299,369,-4,-68,53,6
43.04052,-299,369,-4,-38,21,9
43.04053,-328,318,102,-9,5,9
43.09269,-396,259,89,35,-64,-28
43.09275,-457,205,-62,-160,258,14
43.09283,-436,227,71,96,-280,-49
43.09293,-436,227,71,63,-190,-2
43.09297,-561,133,-15,-51,37,45
43.09305,-561,133,-15,-154,205,43
43.09311,-525,160,-70,-163,217,-6
43.09314,-525,160,-70,-77,104,-68
43.09318,-408,260,-15,26,-37,-102
43.09325,-408,260,-15,60,-105,-82
43.09327,-548,201,-11,1,-60,-18
43.09345,-548,201,-11,-108,62,42
43.09351,-644,99,-19,-197,182,60
43.09370,-644,99,-19,-221,214,22
43.09386,-486,150,56,-174,145,-35
43.09416,-486,150,56,-69,39,-52
43.14540,-410,297,-35,-15,-9,67
43.14547,-410,297,-35,-27,8,65
43.14558,-357,325,61,-37,35,21
43.14560,-357,325,61,-26,44,-26
43.14562,-422,289,26,12,17,-44
43.14563,-422,289,26,59,-41,-22
43.14565,-485,280,-34,91,-88,23
43.14566,-485,280,-34,85,-89,59
43.14576,-409,334,-41,37,-40,63
43.14579,-409,334,-41,-31,31,37
43.14581,-337,346,-55,-84,91,5
43.14583,-337,346,-55,-90,103,-18
43.14585,-399,304,-58,-48,58,-24
43.14587,-399,304,-58,21,-15,-15
43.14594,-445,312,7,81,-74,3
43.14596,-445,312,7,106,-93,20
43.20030,-410,319,-31,22,-5,4
43.20036,-410,319,-31,18,-9,-1
43.20046,-405,325,-26,17,-23,-7
43.20052,-405,325,-26,17,-33,-8
43.20054,-409,322,-25,17,-29,-4
43.20057,-409,322,-25,16,-15,3
43.20059,-415,312,-35,13,3,7
43.20065,-415,312,-35,11,14,4
43.20068,-402,312,-39,9,11,-3
43.20072,-402,312,-39,9,-2,-8
43.20074,-393,319,-31,9,-16,-8
43.20078,-393,319,-31,7,-19,-4
43.20079,-408,318,-30,4,-10,3
43.20083,-408,318,-30,1,2,8
43.20090,-419,315,-36,2,7,11
43.20092,-419,315,-36,10,2,7
43.25146,-397,327,-19,2,0,2
43.25167,-393,325,-25,7,-6,2
43.25172,-393,325,-25,8,-11,2
43.25195,-406,315,-32,4,-9,1
43.25199,-406,315,-32,-2,-2,1
43.25202,-409,317,-24,-7,6,0
43.25205,-409,317,-24,-6,9,-1
43.25227,-400,325,-15,2,5,-1
43.25233,-400,325,-15,14,-6,1
43.25237,-405,325,-23,22,-19,4
43.25243,-405,325,-23,23,-23,6
43.25251,-406,322,-35,16,-16,6
43.25274,-406,322,-35,5,-2,4
43.25284,-386,325,-35,-5,10,1
43.25287,-386,325,-35,-10,16,-5
43.25291,-385,327,-28,-8,11,-7
43.30697,-400,321,-27,-8,-1,-2
43.30711,-400,321,-27,-10,4,-2
43.30714,-402,319,-26,-11,6,-2
43.30732,-402,319,-26,-7,3,-2
43.30737,-409,315,-25,-3,-2,-1
43.30741,-409,315,-25,-2,-3,-2
43.30746,-409,317,-25,-5,0,-4
43.30754,-409,317,-25,-8,5,-3
43.30757,-408,319,-25,-9,10,-1
43.30772,-408,319,-25,-7,11,2
43.30785,-410,318,-23,-3,10,4
43.30788,-410,318,-23,-1,5,3
43.30791,-406,319,-21,2,1,-1
43.30793,-406,319,-21,6,-1,-4
43.30810,-400,321,-23,7,-2,-2
43.30813,-400,321,-23,6,-3,2
43.36141,-398,321,-28,-5,4,1
43.36159,-402,321,-28,-2,4,1
43.36162,-402,321,-28,3,0,2
43.36166,-404,321,-27,5,-4,2
43.36168,-404,321,-27,6,-4,2
43.36170,-400,319,-30,5,1,0
43.36174,-400,319,-30,2,6,-3
43.36175,-397,318,-32,-2,10,-3
43.36176,-397,318,-32,-3,7,-1
43.36180,-404,319,-29,-1,0,3
43.36182,-404,319,-29,0,-3,4
43.36184,-409,322,-26,-1,-1,4
43.36185,-409,322,-26,-2,0,3
43.36188,-406,324,-26,-3,-1,3
43.36195,-406,324,-26,-3,-3,3
43.36196,-402,320,-27,-2,-3,2
43.41707,-405,318,-24,-2,1,-3
43.41716,-405,318,-24,-3,0,-4
43.41724,-405,318,-24,-2,-1,0
43.41731,-406,319,-25,0,0,5
43.41733,-406,319,-25,2,3,6
43.41746,-408,320,-26,1,6,5
43.41755,-408,320,-26,-1,8,1
43.41771,-402,322,-25,-2,6,0
43.41775,-402,322,-25,2,2,2
43.41777,-398,324,-22,8,-3,4
43.41789,-398,324,-22,13,-8,3
43.41793,-400,323,-20,11,-11,2
43.41796,-400,323,-20,6,-9,0
43.41804,-400,322,-24,3,-5,-1
43.41808,-400,322,-24,5,-1,0
43.41822,-401,323,-28,6,0,1
43.47262,-404,319,-29,1,1,2
43.47269,-404,319,-29,3,-1,1
43.47290,-407,317,-28,4,-3,1
43.47297,-407,317,-28,6,-2,2
43.47326,-407,317,-28,6,-1,1
43.47330,-405,318,-28,4,-1,0
43.47333,-405,318,-28,2,-1,1
43.47349,-404,322,-24,1,-2,2
43.47354,-404,322,-24,1,-4,3
43.47363,-405,323,-23,2,-5,3
43.47368,-405,323,-23,3,-4,3
43.47373,-401,322,-28,4,-2,2
43.47389,-401,322,-28,5,-1,1
43.47391,-399,321,-31,4,0,2
43.47394,-399,321,-31,4,0,2
43.47396,-403,321,-31,4,0,1
43.52666,-411,316,-26,-3,7,4
43.52670,-407,317,-22,0,5,4
43.52671,-407,317,-22,2,2,4
43.52671,-398,322,-17,2,-2,3
43.52672,-398,322,-17,3,-4,3
43.52672,-400,324,-20,6,-6,3
43.52672,-400,324,-20,8,-6,3
43.52673,-400,322,-26,9,-6,1
43.52673,-400,322,-26,7,-6,0
43.52674,-394,321,-31,3,-5,0
43.52683,-394,321,-31,1,-2,-1
43.52685,-399,320,-34,0,0,-3
43.52686,-399,320,-34,-1,3,-4
43.52687,-407,318,-34,-4,6,-4
43.52688,-407,318,-34,-7,9,-3
43.52688,-409,318,-29,-9,10,-1
43.58211,-404,319,-24,4,-2,5
43.58213,-402,319,-26,3,2,5
43.58214,-402,319,-26,2,3,4
43.58220,-404,320,-28,2,1,3
43.58221,-404,320,-28,3,-3,1
43.58222,-404,321,-28,4,-5,1
43.58230,-404,321,-28,3,-4,2
43.58231,-400,322,-27,0,-1,2
43.58235,-400,322,-27,0,0,2
43.58236,-401,322,-25,2,-2,1
43.58237,-401,322,-25,5,-7,0
43.58238,-402,322,-24,6,-9,-1
43.58241,-402,322,-24,6,-7,1
43.58243,-400,322,-26,4,-3,0
43.58244,-400,322,-26,4,-1,-2
43.58244,-400,321,-28,5,-1,-4
43.63749,-406,317,-23,1,1,1
43.63751,-401,318,-20,0,-1,0
43.63751,-401,318,-20,-1,0,-1
43.63757,-401,318,-20,1,2,-3
43.63758,-400,321,-19,4,1,-2
43.63759,-400,321,-19,7,-5,-1
43.63759,-403,321,-23,8,-8,1
43.63766,-403,321,-23,5,-6,1
43.63769,-402,319,-31,0,-1,0
43.63771,-402,319,-31,-5,4,-1
43.63772,-400,318,-34,-7,6,-3
43.63777,-400,318,-34,-8,6,-4
43.63778,-405,318,-32,-9,4,-3
43.63778,-405,318,-32,-9,3,-1
43.63779,-413,316,-28,-8,4,1
43.63779,-413,316,-28,-6,4,4
43.69290,-403,324,-27,-1,-1,-3
43.69294,-400,322,-28,-2,0,-4
43.69304,-400,322,-28,-1,-1,-2
43.69305,-401,323,-26,0,-3,1
43.69315,-401,323,-26,-1,-2,2
43.69315,-402,323,-25,-2,0,0
43.69322,-402,323,-25,-2,-1,-2
43.69329,-402,322,-25,-1,-2,-2
43.69330,-402,322,-25,0,-3,-1
43.69330,-404,321,-27,2,-4,1
43.69331,-404,321,-27,2,-2,2
43.69332,-400,319,-31,1,1,2
43.69332,-400,319,-31,-1,2,-1
43.69337,-395,320,-31,-4,1,-1
43.69338,-395,320,-31,-6,0,-2
43.69338,-399,322,-27,-7,0,-3
43.74849,-402,320,-24,7,-5,2
43.74851,-402,320,-24,9,-5,1
43.74851,-408,319,-26,8,-6,0
43.74851,-408,319,-26,3,-5,-1
43.74852,-404,318,-29,-1,-2,-1
43.74858,-404,318,-29,-3,-1,-1
43.74859,-404,317,-33,-3,-1,-2
43.74859,-404,317,-33,-3,0,-2
43.74860,-408,316,-33,-4,4,-2
43.74861,-408,316,-33,-4,7,1
43.74862,-407,316,-29,-3,4,3
43.74863,-407,316,-29,1,-2,4
43.74875,-409,315,-24,3,-6,5
43.74875,-409,315,-24,1,-5,5
43.74882,-411,316,-23,-1,0,5
43.74882,-411,316,-23,1,3,4
43.80386,-401,320,-27,-5,-1,1
43.80388,-402,321,-24,-3,1,0
43.80389,-402,321,-24,0,2,2
43.80389,-406,322,-25,1,2,4
43.80396,-406,322,-25,1,0,5
43.80396,-404,322,-27,1,-2,5
43.80401,-404,322,-27,1,-3,4
43.80401,-399,323,-28,3,-2,2
43.80402,-399,323,-28,3,-1,1
43.80405,-399,321,-30,1,-1,0
43.80405,-399,321,-30,-2,-1,0
43.80406,-398,320,-28,-3,-1,-1
43.80412,-398,320,-28,-2,-1,-1
43.80413,-398,320,-28,-1,0,-1
43.80414,-400,322,-23,0,-1,-2
43.80415,-400,322,-23,1,-2,-1
43.85908,-400,319,-32,0,2,-1
43.85913,-400,319,-32,-2,5,0
43.85920,-402,320,-33,-2,5,-1
43.85928,-402,320,-33,-2,4,-2
43.85931,-405,320,-31,-4,3,-1
43.85932,-405,320,-31,-6,4,0
43.85933,-406,318,-28,-5,6,-1
43.85934,-406,318,-28,-2,6,-1
43.85941,-409,316,-22,0,6,-1
43.85946,-409,316,-22,2,3,1
43.85947,-409,317,-20,3,-1,3
43.85950,-409,317,-20,3,-5,4
43.85950,-404,317,-23,3,-7,4
43.85950,-404,317,-23,4,-7,3
43.85951,-399,318,-26,4,-4,2
43.85951,-399,318,-26,4,0,3
43.91460,-404,317,-24,1,0,2
43.91465,-404,317,-24,0,-2,2
43.91471,-403,317,-25,-1,-3,2
43.91475,-403,317,-25,-3,-2,1
43.91478,-400,319,-29,-4,-2,1
43.91479,-400,319,-29,-3,0,1
43.91483,-399,319,-30,-1,1,-1
43.91484,-399,319,-30,-1,2,-2
43.91489,-402,319,-30,-3,1,-2
43.91491,-402,319,-30,-5,2,-2
43.91492,-404,320,-30,-4,2,-3
43.91494,-404,320,-30,-2,2,-4
43.91495,-404,320,-27,2,2,-3
43.91497,-404,320,-27,4,2,-1
43.91498,-406,320,-21,4,0,2
43.91499,-406,320,-21,3,-3,3
43.96667,-407,320,-30,-5,5,-2
43.96671,-407,320,-30,-4,3,0
43.96674,-410,318,-26,-4,-1,3
43.96675,-410,318,-26,-5,-2,4
43.96676,-405,318,-24,-6,-2,4
43.96688,-405,318,-24,-7,0,1
43.96693,-403,319,-22,-5,2,-2
43.96701,-403,319,-22,0,1,-2
43.96705,-405,321,-23,4,-2,-1
43.96706,-405,321,-23,5,-4,1
43.96707,-400,323,-27,4,-3,0
43.96708,-400,323,-27,2,1,-1
43.96709,-394,323,-29,3,3,-1
43.96710,-394,323,-29,4,3,1
43.96717,-395,321,-28,4,-1,0
43.96720,-395,321,-28,1,-1,-1
44.02118,-403,318,-24,0,-1,-2
44.02123,-403,318,-24,0,0,-2
44.02133,-403,318,-24,0,-1,-3
44.02136,-405,320,-25,1,-2,-2
44.02139,-405,320,-25,0,-1,-1
44.02142,-404,321,-28,-1,1,-1
44.02143,-404,321,-28,0,3,-2
44.02146,-400,320,-28,3,2,-3
44.02148,-400,320,-28,4,1,-3
44.02151,-401,320,-28,3,-1,-3
44.02152,-401,320,-28,3,0,-1
44.02153,-404,318,-28,4,1,-1
44.02157,-404,318,-28,3,0,-1
44.02158,-403,319,-26,0,-2,-1
44.02159,-403,319,-26,-2,-3,0
44.02162,-405,320,-25,-3,-1,1
44.07609,-402,320,-33,-3,1,0
44.07623,-402,320,-33,-4,4,-1
44.07632,-402,321,-33,-4,4,-1
44.07635,-402,321,-33,-5,3,1
44.07643,-405,321,-27,-5,1,2
44.07666,-405,321,-27,-3,1,1
44.07672,-405,320,-23,-1,3,1
44.07685,-405,320,-23,0,3,1
44.07689,-407,320,-21,1,1,3
44.07691,-407,320,-21,3,0,6
44.07693,-405,320,-23,5,0,6
44.07703,-405,320,-23,6,-1,5
44.07709,-398,321,-28,7,-3,2
44.07712,-398,321,-28,7,-4,-1
44.07716,-398,321,-30,5,-2,-2
44.07718,-398,321,-30,0,0,1
44.13198,-406,318,-22,2,-6,4
44.13204,-406,318,-22,1,-4,5
44.13214,-403,319,-24,1,-1,4
44.13217,-403,319,-24,0,0,3
44.13220,-398,321,-27,1,0,2
44.13232,-398,321,-27,2,-2,1
44.13238,-400,321,-28,2,-3,0
44.13241,-400,321,-28,1,-1,0
44.13243,-399,319,-30,-1,2,1
44.13245,-399,319,-30,-3,4,2
44.13266,-396,318,-28,-3,4,1
44.13271,-396,318,-28,0,1,1
44.13273,-406,318,-25,1,-3,2
44.13277,-406,318,-25,2,-4,2
44.13279,-402,318,-28,1,-3,1
44.13286,-402,318,-28,1,0,0
44.18694,-409,319,-22,-6,2,0
44.18699,-409,319,-22,-2,4,2
44.18723,-409,319,-22,2,5,3
44.18725,-410,318,-20,3,2,4
44.18726,-410,318,-20,2,-2,5
44.18728,-401,319,-23,1,-2,5
44.18735,-401,319,-23,0,0,4
44.18737,-398,320,-28,0,1,3
44.18748,-398,320,-28,0,3,1
44.18749,-401,319,-30,-2,2,1
44.18751,-401,319,-30,-2,1,1
44.18752,-402,319,-28,-1,-2,2
44.18754,-402,319,-28,1,-3,4
44.18762,-401,318,-25,2,-1,3
44.18767,-401,318,-25,1,0,-1
44.18768,-398,318,-23,0,1,-4
44.24211,-396,321,-27,0,-1,-3
44.24217,-396,322,-31,-1,-1,-3
44.24225,-396,322,-31,-1,-1,0
44.24232,-403,321,-32,1,-1,2
44.24258,-403,321,-32,3,-2,3
44.24265,-404,321,-29,1,-2,1
44.24284,-404,321,-29,-3,0,-1
44.24308,-401,321,-27,-5,2,-2
44.24311,-401,321,-27,-1,1,-1
44.24332,-404,319,-25,3,-3,1
44.24357,-404,319,-25,4,-4,2
44.24363,-406,318,-26,0,-3,1
44.24383,-406,318,-26,-4,0,-2
44.24386,-404,320,-29,-4,1,-2
44.24388,-404,320,-29,-1,0,-2
44.24390,-405,321,-28,1,-1,-1
44.29896,-409,317,-24,0,2,3
44.29900,-409,317,-24,2,3,2
44.29906,-406,317,-24,5,1,1
44.29907,-406,317,-24,6,0,2
44.29910,-404,318,-24,3,-1,3
44.29918,-404,318,-24,-1,0,4
44.29920,-402,319,-26,-2,0,3
44.29922,-402,319,-26,-1,1,2
44.29923,-400,319,-28,1,3,1
44.29926,-400,319,-28,1,4,2
44.29929,-398,320,-27,2,1,4
44.29932,-398,320,-27,3,-2,5
44.29938,-398,320,-25,3,-4,3
44.29940,-398,320,-25,1,-2,-1
44.29948,-400,320,-25,0,0,-2
44.29949,-406,320,-27,0,-5,4
44.35454,-402,319,-30,-4,5,-2
44.35458,-402,319,-30,-2,3,-1
44.35463,-406,321,-27,0,-1,0
44.35466,-406,321,-27,-1,-3,0
44.35470,-406,320,-26,-3,-2,-1
44.35471,-406,320,-26,-4,3,0
44.35472,-406,319,-27,-3,6,1
44.35474,-406,319,-27,-2,4,1
44.35483,-405,319,-28,2,-1,2
44.35486,-405,319,-28,3,-4,1
44.35491,-401,320,-30,1,0,0
44.35493,-401,320,-30,-2,6,-1
44.35497,-400,319,-30,-4,8,-1
44.35498,-400,319,-30,-3,6,-1
44.35499,-400,318,-28,-1,1,0
44.35500,-400,318,-28,1,-2,2
44.40975,-399,321,-28,3,1,-1
44.41000,-399,321,-28,3,-1,1
44.41088,-403,319,-27,3,-1,2
44.41110,-403,319,-27,3,1,1
44.41129,-398,319,-26,1,2,-1
44.41137,-398,319,-26,0,0,-2
44.41143,-396,319,-25,2,-3,-1
44.41149,-396,319,-25,4,-4,0
44.41153,-402,318,-25,3,-3,2
44.41155,-402,318,-25,0,0,2
44.41157,-402,317,-27,-3,3,0
44.41158,-402,317,-27,-6,4,-2
44.41168,-403,320,-28,-7,4,-1
44.41170,-403,320,-28,-5,1,1
44.41174,-407,321,-26,-2,-2,3
44.41179,-401,320,-26,-5,1,-2
44.46635,-407,319,-26,1,2,-2
44.46640,-407,319,-26,2,-1,-1
44.46647,-407,319,-26,-1,-1,4
44.46649,-407,318,-27,-3,3,4
44.46654,-407,318,-27,-4,6,2
44.46662,-403,320,-27,-4,6,-1
44.46666,-403,320,-27,-4,4,0
44.46667,-399,321,-27,-3,2,2
44.46669,-399,321,-27,-1,1,3
44.46671,-400,320,-26,0,1,1
44.46672,-400,320,-26,0,1,0
44.46674,-400,319,-24,1,-2,0
44.46675,-400,319,-24,1,-3,1
44.46677,-400,317,-24,2,-6,1
44.46687,-400,317,-24,3,-6,0
44.46693,-404,317,-27,3,-4,0
44.52075,-401,318,-25,0,-1,-4
44.52080,-401,318,-25,-2,-1,-3
44.52086,-402,317,-26,-2,-2,-3
44.52102,-402,317,-26,-1,-3,-3
44.52104,-406,318,-28,-2,-2,-2
44.52105,-406,318,-28,-2,0,-1
44.52106,-407,319,-29,0,2,-1
44.52108,-407,319,-29,-1,2,0
44.52109,-405,319,-27,-3,2,0
44.52113,-405,319,-27,-6,2,1
44.52119,-404,320,-24,-6,1,2
44.52123,-404,320,-24,-5,1,5
44.52128,-401,320,-23,-2,2,7
44.52133,-401,320,-23,0,1,4
44.52134,-397,320,-23,0,0,1
44.52135,-397,320,-23,-1,-1,0
44.57630,-407,320,-26,2,-6,-1
44.57636,-408,319,-28,0,-1,0
44.57644,-408,319,-28,-4,5,1
44.57649,-403,319,-30,-7,7,3
44.57654,-403,319,-30,-7,4,3
44.57659,-401,321,-27,-3,-1,2
44.57663,-401,321,-27,0,-5,0
44.57665,-402,321,-24,1,-5,0
44.57686,-402,321,-24,-1,-2,1
44.57693,-399,319,-26,0,-1,0
44.57706,-399,319,-26,3,-2,-1
44.57714,-399,319,-28,7,-3,-3
44.57717,-399,319,-28,8,-4,-4
44.57719,-405,320,-30,6,-4,-1
44.57727,-405,320,-30,1,-2,2
44.57733,-408,319,-33,-4,3,4
44.62856,-405,318,-28,1,-1,-4
44.62861,-405,318,-28,-1,-2,-3
44.62881,-407,319,-28,-3,0,-4
44.62884,-407,319,-28,-4,3,-4
44.62888,-407,321,-28,-2,4,-1
44.62889,-407,321,-28,-1,3,1
44.62896,-405,321,-28,-1,1,3
44.62901,-405,321,-28,-2,1,3
44.62902,-401,320,-26,-3,3,1
44.62908,-401,320,-26,-3,3,1
44.62913,-400,320,-22,-3,3,1
44.62915,-400,320,-22,-2,1,4
44.62918,-402,320,-21,2,-2,5
44.62922,-402,320,-21,4,-4,3
44.62925,-403,319,-25,4,-1,0
44.62933,-403,319,-25,3,3,-1
44.68161,-403,320,-26,-5,1,2
44.68167,-403,320,-26,-3,1,4
44.68174,-403,320,-26,-1,0,5
44.68176,-403,320,-26,0,0,4
44.68186,-401,319,-26,-1,2,1
44.68188,-401,319,-26,-1,2,-2
44.68192,-398,320,-25,-1,-2,-2
44.68193,-398,320,-25,0,-4,1
44.68198,-399,321,-23,2,-4,4
44.68206,-399,321,-23,2,-4,4
44.68209,-398,320,-25,0,-3,0
44.68211,-398,320,-25,-2,-2,-2
44.68214,-398,319,-29,-3,0,-2
44.68221,-398,319,-29,-2,0,0
44.68222,-403,319,-30,1,0,2
44.68231,-403,319,-30,1,1,2
44.73581,-475,200,-14,-60,25,-67
44.73591,-501,165,-3,-72,38,-76
44.73594,-501,165,-3,-90,66,-58
44.73596,-599,119,-4,-105,92,-23
44.73609,-599,119,-4,-110,103,11
44.73611,-592,139,21,-99,94,24
44.73618,-592,139,21,-76,61,11
44.73620,-521,175,50,-50,23,-15
44.73622,-521,175,50,-36,8,-31
44.73623,-526,161,34,-39,25,-23
44.73625,-526,161,34,-53,58,1
44.73629,-534,150,6,-65,81,24
44.73632,-534,150,6,-71,78,25
44.73637,-482,191,4,-69,57,4
44.73639,-482,191,4,-60,36,-21
44.73643,-468,228,9,-48,22,-36
44.79109,-585,140,-20,-96,71,33
44.79115,-585,140,-20,-104,123,38
44.79123,-458,197,0,-80,117,8
44.79125,-458,197,0,-38,49,-45
44.79142,-552,183,14,-9,-27,-85
44.79144,-552,183,14,-11,-55,-83
44.79145,-634,99,-54,-38,-12,-38
44.79152,-634,99,-54,-77,73,22
44.79154,-492,162,-22,-112,135,57
44.79167,-492,162,-22,-123,130,42
44.79169,-398,218,55,-99,76,-16
44.79170,-398,218,55,-66,22,-79
44.79173,-598,104,10,-69,10,-108
44.79181,-598,104,10,-107,56,-78
44.79183,-711,33,-55,-149,132,-4
44.79184,-711,33,-55,-170,179,51
44.84245,-261,410,-16,-2,-31,-1
44.84263,-261,410,-16,72,-136,-29
44.84266,-396,324,65,100,-148,-24
44.84276,-396,324,65,81,-75,-1
44.84279,-510,226,9,46,7,7
44.84281,-510,226,9,38,37,6
44.84294,-412,282,11,72,2,6
44.84303,-412,282,11,127,-76,5
44.84318,-338,380,55,171,-147,5
44.84321,-338,380,55,188,-185,10
44.84323,-431,340,-22,172,-183,15
44.84324,-431,340,-22,122,-133,12
44.84329,-474,247,-165,43,-41,4
44.84336,-474,247,-165,-38,58,-4
44.84338,-359,270,-149,-84,112,-15
44.84339,-359,270,-149,-72,96,-25
44.89430,-521,254,-98,-41,5,30
44.89434,-521,254,-98,-1,8,20
44.89440,-394,290,24,33,2,10
44.89442,-394,290,24,63,-19,12
44.89448,-308,365,96,79,-48,25
44.89449,-308,365,96,73,-69,36
44.89451,-421,343,-7,42,-57,41
44.89451,-421,343,-7,1,-5,41
44.89452,-456,308,-139,-31,46,20
44.89453,-456,308,-139,-45,50,-21
44.89466,-302,356,-104,-44,29,-49
44.89469,-302,356,-104,-41,21,-47
44.89471,-292,382,20,-34,30,-12
44.89471,-292,382,20,-6,30,31
44.89473,-432,336,77,48,-18,39
44.89474,-432,336,77,114,-96,6
44.94748,-419,327,25,-22,8,-3
44.94754,-419,327,25,-71,61,-13
44.94764,-428,293,-47,-117,114,-25
44.94766,-428,293,-47,-134,121,-41
44.94768,-387,312,-105,-118,90,-41
44.94769,-387,312,-105,-92,57,-28
44.94771,-348,361,-77,-86,42,-28
44.94774,-348,361,-77,-107,68,-33
44.94781,-397,336,-26,-141,117,-27
44.94786,-397,336,-26,-157,140,-15
44.94788,-468,264,10,-125,106,-3
44.94795,-468,264,10,-51,31,-2
44.94799,-422,285,54,25,-40,-16
44.94800,-422,285,54,58,-68,-34
44.94808,-353,349,56,30,-30,-33
44.94811,-353,349,56,-40,56,-10
44.99831,-402,317,-105,-57,18,-49
44.99836,-339,384,-121,-106,59,-53
44.99846,-339,384,-121,-165,131,-40
44.99852,-424,315,-145,-219,185,-24
44.99854,-424,315,-145,-250,197,-22
44.99856,-462,255,-101,-259,181,-35
44.99861,-462,255,-101,-259,188,-50
44.99864,-325,328,30,-260,230,-71
44.99872,-325,328,30,-250,261,-94
44.99879,-340,387,111,-206,226,-97
44.99881,-340,387,111,-130,123,-64
44.99887,-500,334,38,-54,14,-21
44.99889,-500,334,38,-32,-29,-3
44.99892,-420,305,-71,-101,75,-32
44.99896,-420,305,-71,-155,160,-59
44.99898,-277,353,-81,-179,176,-67
45.05196,-390,337,-12,-178,115,-81
45.05201,-390,337,-12,-150,55,-97
45.05209,-468,295,-46,-166,89,-80
45.05214,-468,295,-46,-210,184,-46
45.05222,-458,289,-76,-251,254,-21
45.05226,-458,289,-76,-259,247,-19
45.05228,-372,336,-22,-233,180,-38
45.05233,-372,336,-22,-200,113,-64
45.05235,-392,313,26,-185,103,-67
45.05237,-392,313,26,-182,146,-40
45.05239,-474,257,18,-171,181,-9
45.05250,-474,257,18,-138,153,-5
45.05254,-416,312,11,-97,76,-29
45.05256,-416,312,11,-79,22,-51
45.05261,-341,385,-22,-100,44,-49
45.05267,-341,385,-22,-149,119,-26
45.10698,-441,335,-6,127,-102,31
45.10710,-441,335,-6,113,-73,44
45.10736,-456,284,0,99,-55,44
45.10738,-456,284,0,90,-56,27
45.10740,-376,295,-43,85,-73,-2
45.10741,-376,295,-43,84,-81,-23
45.10742,-350,346,-64,85,-65,-19
45.10750,-350,346,-64,85,-43,12
45.10752,-452,321,-25,81,-38,50
45.10755,-452,321,-25,72,-51,65
45.10760,-470,279,-18,58,-54,50
45.10762,-470,279,-18,35,-34,19
45.10763,-344,311,-81,5,1,-13
45.10766,-344,311,-81,-21,32,-33
45.10770,-315,352,-102,-36,35,-35
45.10772,-315,352,-102,-42,19,-25
45.15963,-291,377,-24,85,-89,-35
45.15990,-291,377,-24,30,-35,-46
45.15998,-359,376,-123,-58,77,-15
45.16003,-359,376,-123,-121,157,25
45.16019,-500,304,-89,-125,129,37
45.16021,-500,304,-89,-84,23,16
45.16022,-421,318,-3,-38,-50,-3
45.16023,-421,318,-3,-18,-26,3
45.16024,-265,384,47,-21,51,15
45.16035,-265,384,47,-9,89,15
45.16053,-315,375,84,44,28,-4
45.16058,-315,375,84,123,-107,-35
45.16059,-491,285,41,185,-214,-49
45.16060,-491,285,41,183,-214,-26
45.16062,-471,271,-127,114,-105,17
45.16067,-471,271,-127,7,39,46
45.21584,-428,293,49,-81,25,-22
45.21589,-426,311,175,1,-45,-3
45.21598,-426,311,175,80,-81,14
45.21603,-398,310,180,141,-120,17
45.21606,-398,310,180,170,-156,14
45.21608,-394,306,-34,155,-151,11
45.21610,-394,306,-34,93,-93,0
45.21618,-403,299,-259,14,-8,-22
45.21621,-403,299,-259,-32,67,-34
45.21623,-426,304,-201,-22,89,-18
45.21630,-426,304,-201,30,32,11
45.21635,-439,317,51,77,-66,24
45.21637,-439,317,51,73,-112,15
45.21646,-413,305,129,8,-52,2
45.21648,-413,305,129,-79,73,0
45.21650,-406,295,-13,-127,142,6
45.27034,-316,357,-14,-117,49,-33
45.27039,-521,222,7,-65,41,-4
45.27046,-521,222,7,-6,38,10
45.27048,-528,234,48,39,22,8
45.27050,-528,234,48,50,-7,3
45.27051,-354,350,84,22,-23,3
45.27053,-354,350,84,-35,-9,-5
45.27057,-374,328,-31,-91,31,-25
45.27061,-374,328,-31,-123,74,-43
45.27064,-472,250,-162,-124,103,-44
45.27067,-472,250,-162,-99,106,-18
45.27068,-428,300,-78,-59,81,19
45.27073,-428,300,-78,-4,37,47
45.27075,-377,377,97,58,-30,46
45.27077,-377,377,97,115,-116,7
45.27078,-407,344,98,141,-171,-33
45.32602,-406,364,66,98,-101,11
45.32636,-328,392,57,129,-130,-8
45.32638,-328,392,57,125,-113,-12
45.32640,-318,379,-46,94,-62,-2
45.32641,-318,379,-46,59,-13,8
45.32644,-384,347,-137,29,3,7
45.32651,-384,347,-137,13,-11,-5
45.32658,-418,340,-121,11,-21,-7
45.32665,-418,340,-121,10,-7,13
45.32666,-403,346,-37,14,18,48
45.32667,-360,357,25,31,-13,35
45.32668,-360,357,25,42,-70,-4
45.32670,-356,354,11,38,-85,-32
45.32678,-356,354,11,26,-34,-15
45.32680,-393,351,-49,18,22,28
45.32681,-393,351,-49,30,22,56
45.37751,-200,502,-192,-40,55,18
45.37757,-200,502,-192,-47,28,1
45.37763,-251,509,-81,-46,-4,-21
45.37765,-251,509,-81,-38,-7,-29
45.37772,-443,365,5,-7,-1,-20
45.37775,-443,365,5,63,-27,1
45.37776,-378,377,70,158,-93,33
45.37779,-378,377,70,230,-168,60
45.37786,-202,503,30,236,-207,56
45.37788,-202,503,30,172,-174,21
45.37796,-240,469,-162,66,-70,-22
45.37798,-240,469,-162,-36,54,-50
45.37800,-355,389,-252,-90,125,-54
45.37802,-355,389,-252,-81,102,-38
45.37803,-344,439,-137,-47,28,-4
45.37812,-344,439,-137,-41,-6,32
45.42999,-328,356,56,-81,42,9
45.43005,-328,356,56,-39,-45,10
45.43013,-424,290,44,5,-82,-2
45.43015,-424,290,44,38,-57,-19
45.43025,-471,279,19,52,3,-24
45.43027,-471,279,19,49,44,-13
45.43029,-390,341,5,39,36,4
45.43036,-390,341,5,30,-11,18
45.43039,-366,340,-57,22,-63,24
45.43041,-366,340,-57,8,-78,22
45.43046,-449,273,-114,-12,-44,15
45.43047,-449,273,-114,-33,19,5
45.43054,-454,279,-59,-48,76,-7
45.43056,-454,279,-59,-45,92,-13
45.43058,-454,279,-59,-22,55,-7
45.43067,-373,341,44,18,-17,9
45.48343,-417,308,-49,19,-16,4
45.48348,-417,308,-49,6,-4,2
45.48364,-395,321,-62,-4,8,-1
45.48370,-395,321,-62,-6,12,-1
45.48378,-383,333,-38,1,9,3
45.48387,-383,333,-38,13,-1,8
45.48391,-407,324,-11,27,-16,11
45.48393,-407,324,-11,38,-30,8
45.48401,-416,317,-9,42,-38,2
45.48404,-416,317,-9,38,-36,-3
45.48406,-385,328,-24,29,-24,-5
45.48408,-385,328,-24,18,-7,-4
45.48413,-369,336,-38,7,7,-2
45.48415,-369,336,-38,0,13,-3
45.48417,-393,329,-48,-3,8,-8
45.48432,-393,329,-48,-4,0,-12
45.53765,-413,311,-29,-15,10,3
45.53772,-403,319,-14,-3,-1,0
45.53777,-403,319,-14,11,-11,-3
45.53779,-404,320,-19,17,-15,-1
45.53786,-404,320,-19,13,-11,4
45.53792,-410,312,-36,2,-3,7
45.53797,-410,312,-36,-8,3,6
45.53801,-402,315,-36,-11,6,4
45.53804,-402,315,-36,-5,6,0
45.53818,-395,322,-20,5,4,-3
45.53825,-395,322,-20,11,0,-4
45.53827,-412,316,-13,9,-4,-2
45.53832,-412,316,-13,5,-5,3
45.53837,-422,308,-16,1,-6,5
45.53840,-422,308,-16,4,-10,6
45.53845,-406,314,-18,12,-13,5
45.59357,-393,321,-29,-2,1,-3
45.59362,-399,319,-23,3,-5,-1
45.59376,-399,319,-23,7,-10,0
45.59379,-405,320,-24,6,-9,-1
45.59390,-405,320,-24,3,-3,-3
45.59391,-402,325,-32,2,2,-3
45.59393,-402,325,-32,3,4,-3
45.59394,-403,326,-35,4,3,-3
45.59396,-403,326,-35,2,1,-3
45.59397,-405,323,-34,0,0,-1
45.59398,-405,323,-34,-1,2,-1
45.59408,-401,323,-32,0,4,-3
45.59414,-401,323,-32,2,4,-5
45.59415,-396,324,-29,3,0,-6
45.59418,-396,324,-29,4,-5,-6
45.59422,-397,324,-25,5,-5,-6
45.64670,-404,317,-32,-2,3,1
45.64680,-404,317,-32,-2,5,-2
45.64689,-397,318,-31,-5,7,-4
45.64704,-397,318,-31,-8,7,-5
45.64711,-398,319,-33,-12,8,-3
45.64715,-398,319,-33,-16,13,0
45.64717,-403,316,-32,-20,17,1
45.64720,-403,316,-32,-20,17,-1
45.64726,-402,316,-25,-17,13,-2
45.64731,-402,316,-25,-12,6,-1
45.64739,-404,319,-22,-11,3,0
45.64745,-404,319,-22,-16,5,-1
45.64750,-407,320,-25,-22,11,-3
45.64752,-407,320,-25,-23,16,-3
45.64754,-405,318,-28,-19,17,-3
45.64756,-405,318,-28,-14,11,-2
45.70134,-398,323,-37,-12,9,-7
45.70136,-399,321,-43,-22,16,-8
45.70137,-401,320,-40,-27,21,-9
45.70137,-401,320,-40,-30,24,-9
45.70144,-406,319,-34,-32,24,-7
45.70145,-406,319,-34,-34,27,-6
45.70146,-408,319,-33,-36,30,-9
45.70147,-408,319,-33,-39,30,-12
45.70156,-409,318,-31,-40,28,-14
45.70157,-409,318,-31,-38,27,-11
45.70157,-409,318,-31,-32,29,-8
45.70164,-407,318,-27,-28,31,-7
45.70164,-407,318,-27,-28,29,-8
45.70165,-402,319,-23,-30,23,-7
45.70165,-402,319,-23,-26,16,-4
45.70165,-403,319,-15,-17,9,0
45.75670,-409,320,-24,-12,6,0
45.75673,-409,320,-24,-12,7,0
45.75678,-406,320,-26,-11,9,0
45.75679,-406,320,-26,-10,9,1
45.75680,-404,319,-24,-7,7,2
45.75680,-404,319,-24,-4,3,2
45.75681,-405,318,-19,0,-1,3
45.75691,-405,318,-19,4,-5,4
45.75692,-404,317,-14,6,-5,5
45.75692,-404,317,-14,8,-6,5
45.75696,-403,318,-14,11,-10,4
45.75697,-403,318,-14,16,-16,4
45.75697,-405,318,-17,20,-18,4
45.75698,-405,318,-17,22,-19,4
45.75698,-408,318,-25,19,-15,5
45.75699,-408,318,-25,14,-11,4
45.81085,-397,320,-22,5,-1,0
45.81087,-400,320,-21,5,-2,1
45.81087,-400,320,-21,4,-5,1
45.81088,-404,320,-25,2,-6,3
45.81095,-404,320,-25,1,-4,2
45.81096,-405,320,-29,-1,0,0
45.81099,-405,320,-29,-4,3,-1
45.81099,-404,320,-34,-6,5,0
45.81107,-404,320,-34,-7,6,1
45.81108,-404,322,-36,-8,6,-1
45.81109,-404,322,-36,-8,5,-1
45.81117,-405,322,-31,-6,3,1
45.81117,-405,322,-31,-5,1,3
45.81118,-405,321,-25,-4,0,4
45.81118,-405,321,-25,-3,-1,2
45.81119,-400,321,-22,-2,-3,-1
45.86197,-405,317,-26,0,4,3
45.86200,-405,317,-26,1,1,0
45.86200,-403,318,-25,3,-2,-2
45.86200,-403,318,-25,5,-4,-1
45.86201,-404,318,-22,8,-4,0
45.86201,-404,318,-22,9,-3,0
45.86201,-405,317,-23,7,-4,-3
45.86202,-405,317,-23,5,-5,-4
45.86202,-404,316,-26,4,-7,-2
45.86202,-404,316,-26,7,-8,1
45.86203,-404,315,-28,9,-7,3
45.86203,-404,315,-28,8,-5,3
45.86203,-406,315,-30,4,-3,2
45.86204,-406,315,-30,0,0,1
45.86215,-408,316,-33,-2,2,0
45.86216,-408,316,-33,-5,2,0
45.91531,-397,324,-26,2,2,1
45.91533,-400,323,-28,2,1,1
45.91533,-400,323,-28,2,1,-1
45.91534,-399,321,-29,0,2,-1
45.91534,-399,321,-29,-3,2,-1
45.91541,-400,322,-29,-3,-1,0
45.91543,-400,322,-29,-3,-2,1
45.91544,-405,321,-28,-3,2,3
45.91558,-405,321,-28,-6,6,1
45.91558,-405,319,-27,-8,8,-2
45.91559,-405,319,-27,-8,9,-4
45.91569,-404,320,-26,-7,9,-2
45.91569,-404,320,-26,-7,8,0
45.91570,-403,321,-25,-8,6,0
45.91570,-403,321,-25,-8,7,-2
45.91570,-400,321,-27,-8,8,-3
45.96611,-404,316,-29,0,1,2
45.96613,-407,317,-26,2,-2,0
45.96613,-407,317,-26,3,-5,0
45.96613,-406,316,-30,1,-4,0
45.96621,-406,316,-30,-3,0,-1
45.96624,-402,317,-32,-6,3,-1
45.96624,-402,317,-32,-4,4,1
45.96635,-403,318,-30,1,3,2
45.96635,-403,318,-30,4,3,1
45.96647,-403,318,-31,0,1,1
45.96647,-403,318,-31,-2,-2,2
45.96647,-402,318,-30,-1,-2,1
45.96648,-402,318,-30,2,-1,1
45.96656,-405,318,-26,6,-2,0
45.96656,-405,318,-26,10,-2,1
45.96657,-408,318,-26,13,0,3
46.01791,-404,321,-23,-2,1,1
46.01797,-404,321,-23,-2,3,0
46.01802,-401,322,-22,0,4,-1
46.01806,-401,322,-22,2,0,-2
46.01808,-400,323,-23,4,-4,-1
46.01811,-400,323,-23,3,-5,-1
46.01813,-398,322,-25,1,-2,-1
46.01815,-398,322,-25,0,0,-3
46.01816,-397,322,-28,-2,-1,-6
46.01820,-397,322,-28,0,-3,-5
46.01823,-400,322,-29,2,-3,-1
46.01824,-400,322,-29,3,-1,0
46.01826,-404,321,-28,2,1,-3
46.01830,-404,321,-28,2,1,-5
46.01832,-404,321,-29,1,1,-4
46.01836,-404,321,-29,0,2,-2
46.06997,-400,319,-23,2,-4,1
46.07001,-400,319,-23,4,-5,1
46.07008,-401,319,-25,5,-5,0
46.07012,-401,319,-25,7,-4,1
46.07013,-402,318,-26,7,-2,2
46.07014,-402,318,-26,7,-5,1
46.07015,-404,318,-26,5,-8,1
46.07017,-404,318,-26,4,-7,1
46.07023,-408,316,-30,3,-3,2
46.07028,-408,316,-30,2,1,1
46.07029,-408,316,-32,3,2,-1
46.07031,-408,316,-32,0,0,-1
46.07039,-406,318,-31,-1,0,0
46.07041,-406,318,-31,-2,-1,0
46.07044,-407,320,-30,-4,-2,0
46.07045,-405,320,-31,-2,1,2
46.12475,-399,321,-23,6,-2,-2
46.12480,-399,321,-23,6,-3,0
46.12485,-403,320,-26,3,-3,1
46.12492,-403,320,-26,0,1,1
46.12493,-405,319,-28,-2,4,0
46.12495,-405,319,-28,0,2,-1
46.12500,-402,320,-28,2,-1,-2
46.12502,-402,320,-28,0,-2,-1
46.12503,-400,321,-27,-2,1,0
46.12505,-400,321,-27,-3,4,1
46.12506,-402,320,-27,-4,5,2
46.12508,-402,320,-27,-5,6,2
46.12509,-400,321,-25,-3,5,2
46.12514,-400,321,-25,-1,2,1
46.12519,-399,321,-23,-1,1,1
46.12523,-399,321,-23,0,2,1
46.17663,-398,319,-24,-7,0,4
46.17669,-398,319,-24,-5,0,0
46.17681,-398,318,-23,-3,0,-2
46.17685,-398,318,-23,1,-2,-1
46.17687,-403,319,-24,4,-3,0
46.17689,-403,319,-24,8,-5,-1
46.17700,-406,320,-28,8,-7,-1
46.17702,-406,320,-28,6,-6,1
46.17720,-403,320,-31,2,-2,1
46.17723,-403,320,-31,-1,0,0
46.17725,-403,319,-31,0,0,0
46.17727,-403,319,-31,3,0,0
46.17739,-406,319,-30,4,2,-1
46.17745,-406,319,-30,2,4,-2
46.17750,-405,321,-29,0,3,-2
46.17753,-405,321,-29,-1,0,0
46.22991,-402,322,-21,6,-8,0
46.22998,-404,321,-25,5,-6,2
46.23013,-404,321,-25,6,-3,0
46.23017,-402,320,-28,7,-3,-3
46.23019,-402,320,-28,7,-4,-4
46.23023,-405,320,-31,5,-3,-2
46.23025,-405,320,-31,0,1,0
46.23029,-411,318,-33,-6,5,0
46.23032,-411,318,-33,-7,6,0
46.23035,-411,318,-31,-5,4,1
46.23043,-411,318,-31,-3,3,1
46.23052,-404,319,-27,-2,6,0
46.23056,-404,319,-27,-3,7,-2
46.23064,-400,318,-24,-3,6,-2
46.23069,-400,318,-24,-3,4,-1
46.23075,-399,319,-21,-2,0,-1
46.28284,-407,321,-32,-8,7,3
46.28297,-407,321,-32,-10,7,3
46.28303,-406,319,-34,-8,5,0
46.28308,-406,319,-34,-5,1,-2
46.28315,-402,321,-30,-3,1,-2
46.28324,-402,321,-30,-3,4,-2
46.28326,-400,320,-26,-4,4,-3
46.28336,-400,320,-26,-4,1,-2
46.28340,-401,319,-25,-1,-3,0
46.28344,-401,319,-25,4,-4,1
46.28349,-400,321,-25,7,-3,0
46.28355,-400,321,-25,5,-4,-1
46.28362,-399,321,-25,3,-6,-1
46.28365,-399,321,-25,3,-5,0
46.28372,-404,319,-28,4,-5,2
46.28374,-404,319,-28,3,-4,3
46.33886,-400,320,-20,-1,2,0
46.33892,-400,320,-20,4,2,1
46.33903,-400,320,-21,7,-1,2
46.33907,-400,320,-21,8,-6,2
46.33910,-400,320,-25,9,-9,1
46.33913,-400,320,-25,7,-7,0
46.33927,-403,319,-29,6,-1,-1
46.33932,-403,319,-29,6,2,0
46.33934,-408,318,-30,5,3,1
46.33942,-408,318,-30,4,3,0
46.33946,-408,319,-31,1,4,-2
46.33948,-408,319,-31,-2,3,-2
46.33950,-406,318,-30,-2,1,-2
46.33954,-406,318,-30,0,1,-1
46.33957,-405,317,-28,0,3,0
46.33968,-405,317,-28,-3,5,-1
46.39434,-407,320,-32,-8,6,0
46.39469,-406,322,-29,-10,8,-2
46.39481,-406,322,-29,-11,8,-2
46.39504,-405,322,-25,-9,9,-1
46.39550,-405,322,-25,-4,9,1
46.39578,-401,321,-23,2,6,-1
46.39582,-401,321,-23,4,1,-3
46.39584,-399,321,-23,2,-5,-4
46.39585,-399,321,-23,2,-5,-3
46.39586,-401,319,-24,4,-2,-1
46.39595,-401,319,-24,4,-2,-1
46.39597,-403,318,-25,2,-5,1
46.39599,-403,318,-25,0,-9,2
46.39601,-402,319,-27,1,-9,1
46.39603,-402,319,-27,3,-5,0
46.39604,-403,319,-30,3,-2,-2
46.45029,-405,318,-22,5,-1,-3
46.45034,-402,317,-26,5,-4,-3
46.45041,-402,317,-26,6,-10,-4
46.45047,-404,318,-26,7,-11,-2
46.45050,-404,318,-26,5,-4,0
46.45051,-410,317,-27,1,4,1
46.45059,-410,317,-27,-3,9,0
46.45064,-406,322,-28,-4,7,2
46.45068,-406,322,-28,-1,3,3
46.45071,-403,322,-27,0,3,2
46.45075,-403,322,-27,-4,6,0
46.45080,-399,320,-27,-9,6,-2
46.45081,-399,320,-27,-9,4,-3
46.45083,-398,321,-23,-7,3,-3
46.45084,-398,321,-23,-3,3,-2
46.45086,-402,321,-21,2,1,-2
46.50598,-399,320,-27,-1,3,0
46.50605,-399,319,-23,0,4,-1
46.50612,-399,319,-23,1,3,-3
46.50614,-403,320,-20,2,0,-1
46.50626,-403,320,-20,3,-2,2
46.50632,-400,320,-23,2,-1,1
46.50639,-400,320,-23,1,-2,-2
46.50642,-400,319,-27,1,-3,-3
46.50647,-400,319,-27,2,-1,0
46.50651,-405,317,-27,3,2,2
46.50654,-405,317,-27,3,2,1
46.50658,-406,316,-27,3,1,1
46.50665,-406,316,-27,4,-1,3
46.50666,-405,317,-30,7,0,4
46.50668,-405,317,-30,7,3,1
46.50670,-405,320,-32,2,3,-2
46.56096,-406,322,-30,-1,4,-1
46.56105,-406,322,-30,-4,5,-1
46.56112,-406,321,-31,-5,3,0
46.56117,-406,321,-31,-5,3,3
46.56122,-405,321,-27,-4,5,4
46.56123,-405,321,-27,-4,4,1
46.56132,-405,320,-24,-4,2,-2
46.56133,-405,320,-24,-2,1,-2
46.56136,-404,320,-25,0,3,0
46.56137,-404,320,-25,2,4,1
46.56148,-401,321,-27,2,2,0
46.56149,-401,321,-27,3,0,0
46.56151,-399,320,-27,4,0,-1
46.56152,-399,320,-27,5,2,0
46.56158,-403,318,-25,5,1,1
46.56159,-403,318,-25,6,-3,1
46.61665,-397,323,-24,0,-3,0
46.61670,-397,323,-24,1,-4,3
46.61674,-397,322,-24,3,-3,3
46.61677,-397,322,-24,5,-4,1
46.61703,-401,320,-23,7,-7,0
46.61706,-401,320,-23,5,-7,1
46.61707,-404,319,-24,5,-4,1
46.61708,-404,319,-24,4,-1,-1
46.61709,-404,319,-28,0,0,-2
46.61710,-404,319,-28,-2,0,-2
46.61710,-406,320,-30,-2,2,-2
46.61711,-406,320,-30,-2,5,-3
46.61724,-409,318,-30,-4,6,-2
46.61725,-409,318,-30,-5,3,0
46.61726,-407,319,-30,-5,1,2
46.61727,-407,319,-30,-4,2,2
46.67090,-407,320,-26,-1,-1,2
46.67094,-404,320,-27,-1,-1,2
46.67099,-404,320,-27,-3,3,3
46.67101,-401,321,-28,-6,5,2
46.67102,-401,321,-28,-6,3,1
46.67110,-400,322,-25,-2,1,1
46.67113,-400,322,-25,0,1,2
46.67120,-401,320,-23,1,2,3
46.67121,-401,320,-23,1,2,3
46.67129,-402,318,-23,2,-1,3
46.67130,-402,318,-23,4,-5,2
46.67138,-403,319,-24,7,-7,2
46.67140,-403,319,-24,8,-6,2
46.67142,-404,319,-27,6,-5,1
46.67143,-404,319,-27,4,-4,3
46.67144,-408,318,-32,4,-3,4
46.72598,-403,320,-22,7,-5,2
46.72603,-404,320,-23,3,-4,2
46.72628,-404,320,-23,0,-1,3
46.72640,-404,319,-25,0,1,3
46.72642,-404,319,-25,3,0,1
46.72644,-407,320,-26,5,-3,-1
46.72645,-407,320,-26,5,-6,-3
46.72652,-408,321,-28,1,-4,-2
46.72668,-408,321,-28,-4,2,0
46.72670,-405,321,-32,-8,5,1
46.72672,-405,321,-32,-8,4,1
46.72674,-404,321,-32,-7,2,0
46.72682,-404,321,-32,-6,2,-1
46.72692,-402,321,-29,-6,5,-2
46.72706,-402,321,-29,-6,7,-2
46.72710,-400,321,-25,-5,5,0
46.77810,-408,318,-31,-7,5,0
46.77817,-404,320,-28,-8,7,0
46.77822,-404,320,-28,-6,6,1
46.77823,-403,320,-24,-3,2,1
46.77840,-403,320,-24,-2,0,2
46.77842,-401,319,-25,-2,-2,1
46.77844,-401,319,-25,0,-1,1
46.77845,-399,320,-25,1,0,0
46.77850,-399,320,-25,1,0,-1
46.77854,-403,321,-23,3,-4,-1
46.77859,-403,321,-23,6,-8,0
46.77861,-406,318,-26,9,-10,2
46.77872,-406,318,-26,11,-7,2
46.77875,-404,319,-30,9,-2,1
46.77876,-404,319,-30,5,3,0
46.77877,-403,321,-33,0,6,1
46.83340,-399,323,-25,1,2,0
46.83345,-400,321,-26,2,4,-2
46.83361,-400,321,-26,1,3,-4
46.83363,-400,320,-26,2,-1,-2
46.83365,-400,320,-26,4,-6,2
46.83369,-402,320,-24,6,-6,4
46.83370,-402,320,-24,5,-4,3
46.83371,-405,318,-26,-1,0,4
46.83376,-405,318,-26,-6,4,4
46.83377,-407,318,-29,-5,7,1
46.83378,-407,318,-29,-3,7,-4
46.83381,-406,320,-29,-2,3,-3
46.83382,-406,320,-29,-3,1,1
46.83384,-407,320,-29,-4,2,2
46.83386,-407,320,-29,-6,6,0
46.83387,-405,319,-30,-8,9,-3
46.88621,-403,321,-29,-2,4,0
46.88627,-403,321,-29,-6,4,2
46.88638,-402,321,-28,-10,6,2
46.88643,-402,321,-28,-8,7,0
46.88646,-401,322,-24,-4,7,-2
46.88651,-401,322,-24,2,3,-3
46.88656,-403,320,-25,6,-2,-3
46.88661,-403,320,-25,6,-3,0
46.88662,-400,317,-29,2,1,3
46.88670,-400,317,-29,-1,4,3
46.88671,-399,316,-28,-1,2,0
46.88677,-399,316,-28,0,-3,-2
46.88680,-406,317,-25,3,-7,-1
46.88681,-406,317,-25,6,-6,1
46.88682,-410,318,-27,6,-3,2
46.88689,-410,318,-27,2,-2,1
46.93874,-402,321,-23,4,-4,-1
46.93879,-403,321,-24,3,-4,-3
46.93886,-403,321,-24,1,-4,-1
46.93898,-401,319,-26,1,-4,1
46.93900,-401,319,-26,2,-5,1
46.93901,-402,318,-27,4,-7,1
46.93902,-402,318,-27,4,-7,1
46.93904,-407,318,-29,4,-4,1
46.93908,-407,318,-29,2,2,1
46.93922,-406,320,-31,0,5,-1
46.93925,-406,320,-31,-1,2,-1
46.93926,-406,321,-31,-1,0,0
46.93927,-406,321,-31,-1,2,1
46.93933,-407,321,-30,-3,5,1
46.93937,-407,321,-30,-6,9,1
46.93939,-403,321,-29,-7,9,0
46.99060,-402,318,-31,0,-1,0
46.99067,-402,318,-31,-3,1,1
46.99074,-405,318,-32,-5,4,0
46.99077,-405,318,-32,-6,5,-1
46.99082,-406,319,-29,-7,6,-1
46.99084,-406,319,-29,-6,5,1
46.99085,-405,321,-26,-4,0,2
46.99091,-405,321,-26,-5,-1,2
46.99093,-401,321,-26,-7,1,0
46.99094,-401,321,-26,-7,3,-2
46.99097,-399,321,-26,-3,4,0
46.99101,-399,321,-26,1,2,2
46.99103,-400,321,-23,3,0,2
46.99104,-400,321,-23,3,-1,1
46.99108,-400,320,-22,2,-3,1
46.99110,-400,320,-22,4,-5,0
47.04242,-406,320,-31,-3,-2,2
47.04247,-407,317,-28,-1,-3,3
47.04254,-407,317,-28,-1,-2,2
47.04256,-401,318,-26,-2,2,1
47.04266,-401,318,-26,-3,3,-1
47.04268,-396,320,-25,-3,3,-2
47.04276,-396,320,-25,-1,3,-2
47.04277,-400,319,-24,3,0,-2
47.04279,-400,319,-24,5,-4,-2
47.04285,-403,319,-25,5,-6,-1
47.04291,-403,319,-25,3,-6,1
47.04292,-400,319,-27,3,-3,0
47.04302,-400,319,-27,4,0,-1
47.04338,-403,319,-29,6,-1,-1
47.04345,-403,319,-29,7,-2,1
47.04347,-408,318,-29,6,0,1
47.09803,-399,321,-24,-2,4,-1
47.09808,-400,318,-24,2,1,-1
47.09815,-400,318,-24,5,-3,-1
47.09816,-402,318,-24,7,-5,0
47.09824,-402,318,-24,7,-3,1
47.09828,-401,319,-26,4,-1,1
47.09829,-401,319,-26,0,-1,0
47.09830,-402,319,-28,0,-3,1
47.09833,-402,319,-28,2,-3,0
47.09837,-407,320,-27,5,-1,0
47.09842,-407,320,-27,5,0,0
47.09846,-408,321,-30,1,0,2
47.09847,-408,321,-30,-4,1,3
47.09848,-405,320,-33,-6,5,2
47.09849,-405,320,-33,-7,7,-1
47.09850,-401,319,-31,-7,8,-2
47.14899,-407,321,-31,-6,2,-3
47.14902,-403,320,-31,-6,4,-1
47.14908,-403,320,-31,-7,6,1
47.14910,-404,320,-27,-7,8,2
47.14911,-404,320,-27,-6,6,1
47.14917,-402,321,-25,-3,2,-1
47.14922,-402,321,-25,0,-2,-2
47.14926,-400,320,-25,2,-4,-1
47.14927,-400,320,-25,2,-3,0
47.14929,-399,318,-26,1,-2,1
47.14930,-399,318,-26,2,-3,2
47.14935,-399,317,-24,5,-4,1
47.14937,-399,317,-24,8,-5,-1
47.14938,-402,317,-25,6,-5,-1
47.14942,-402,317,-25,5,-4,1
47.14947,-406,320,-28,6,-4,1
47.20122,-401,319,-24,-4,4,3
47.20126,-401,319,-24,-2,2,4
47.20133,-397,320,-22,0,-1,3
47.20138,-397,320,-22,2,-3,1
47.20140,-398,319,-22,6,-4,1
47.20141,-398,319,-22,8,-6,1
47.20143,-403,317,-24,9,-6,1
47.20150,-403,317,-24,8,-7,1
47.20151,-405,318,-27,5,-3,3
47.20153,-405,318,-27,3,1,2
47.20157,-404,320,-29,0,2,0
47.20159,-404,320,-29,1,0,-1
47.20163,-406,319,-28,2,1,2
47.20167,-406,319,-28,2,4,3
47.20172,-409,317,-28,-2,8,4
47.20173,-409,317,-28,-6,8,3
47.25376,-401,319,-19,6,-3,0
47.25383,-401,319,-19,5,-4,-1
47.25403,-401,320,-27,6,-5,-1
47.25406,-401,320,-27,5,-6,-1
47.25409,-403,322,-31,4,-6,-1
47.25416,-403,322,-31,3,-3,0
47.25419,-407,321,-32,2,2,3
47.25420,-407,321,-32,0,6,2
47.25421,-408,319,-33,-2,7,-2
47.25422,-408,319,-33,-2,4,-6
47.25427,-406,319,-31,-1,2,-5
47.25428,-406,319,-31,-1,3,-2
47.25429,-402,320,-28,-4,5,0
47.25430,-402,320,-28,-5,6,2
47.25432,-399,319,-24,-5,6,3
47.25436,-399,319,-24,-4,5,3
47.30812,-406,321,-30,0,2,1
47.30819,-408,320,-33,-3,5,-1
47.30822,-408,320,-33,-5,5,-2
47.30824,-406,320,-34,-5,4,-2
47.30827,-406,320,-34,-6,2,-2
47.30829,-403,320,-29,-6,3,-2
47.30831,-403,320,-29,-5,7,1
47.30833,-402,319,-24,-4,9,2
47.30836,-402,319,-24,-1,6,1
47.30838,-402,320,-22,4,-1,1
47.30840,-402,320,-22,8,-6,0
47.30842,-402,319,-22,9,-6,0
47.30844,-402,319,-22,6,-2,0
47.30847,-399,318,-27,3,0,-2
47.30849,-399,318,-27,3,-1,-3
47.30852,-399,317,-28,5,-5,-3
47.35954,-399,322,-21,6,-3,0
47.35961,-399,322,-21,7,-3,1
47.35964,-402,319,-26,7,-4,2
47.35966,-402,319,-26,7,-4,3
47.35974,-403,319,-28,6,-3,2
47.35977,-403,319,-28,7,-2,-2
47.35979,-404,320,-29,6,-2,-6
47.35993,-404,320,-29,4,-3,-6
47.35996,-406,318,-32,2,-1,-3
47.35998,-406,318,-32,0,2,0
47.36001,-405,317,-35,-3,6,2
47.36003,-405,317,-35,-4,8,3
47.36011,-403,319,-30,-4,8,0
47.36012,-403,319,-30,-4,6,-3
47.36013,-402,318,-25,-3,1,-2
47.36018,-402,318,-25,-3,-2,0
47.41159,-405,319,-24,10,-2,-2
47.41164,-406,317,-30,6,1,-2
47.41165,-406,317,-30,3,2,-4
47.41167,-404,318,-34,1,1,-5
47.41168,-404,318,-34,-1,2,-4
47.41169,-407,319,-33,-1,4,-3
47.41177,-407,319,-33,-3,7,-2
47.41179,-409,319,-31,-4,10,-1
47.41180,-409,319,-31,-7,9,-1
47.41182,-405,321,-28,-8,6,-1
47.41183,-405,321,-28,-6,1,-1
47.41186,-399,322,-25,-4,-3,-2
47.41188,-399,322,-25,-3,-2,-2
47.41189,-396,321,-23,0,2,-1
47.41191,-396,321,-23,3,2,-2
47.41196,-398,321,-24,5,-2,-2
47.46310,-409,319,-27,-3,-2,0
47.46314,-409,319,-27,-5,2,0
47.46320,-405,320,-31,-7,4,0
47.46326,-405,320,-31,-7,3,0
47.46328,-399,322,-32,-6,1,0
47.46329,-399,322,-32,-6,2,1
47.46331,-401,320,-28,-5,3,1
47.46337,-401,320,-28,-2,2,0
47.46339,-404,318,-23,1,-1,0
47.46343,-404,318,-23,4,-5,0
47.46344,-400,318,-23,5,-8,0
47.46344,-400,318,-23,5,-9,-1
47.46349,-399,318,-26,3,-7,-2
47.46350,-399,318,-26,1,-2,-2
47.46351,-403,318,-30,1,2,-3
47.46352,-403,318,-30,1,3,-4
47.51806,-401,322,-24,-5,-1,3
47.51810,-401,322,-24,-1,-2,2
47.51812,-403,321,-21,3,-2,2
47.51813,-403,321,-21,5,-2,0
47.51814,-401,318,-22,4,-2,-1
47.51815,-401,318,-22,3,-4,0
47.51821,-404,318,-25,5,-7,1
47.51823,-404,318,-25,6,-6,1
47.51824,-406,318,-29,5,-2,-1
47.51825,-406,318,-29,0,1,-3
47.51826,-406,320,-33,-4,2,-3
47.51828,-406,320,-33,-4,0,-1
47.51829,-406,321,-33,-4,-2,2
47.51833,-406,321,-33,-4,-2,1
47.51835,-404,320,-32,-5,2,0
47.51836,-404,320,-32,-7,8,0
47.57331,-408,319,-24,2,-1,0
47.57337,-408,319,-29,1,0,1
47.57340,-408,319,-29,-1,0,0
47.57342,-407,320,-34,-4,2,-1
47.57345,-407,320,-34,-6,6,0
47.57347,-404,321,-33,-8,7,0
47.57357,-404,321,-33,-7,5,0
47.57361,-404,321,-27,-4,2,2
47.57363,-404,321,-27,-2,1,4
47.57366,-405,320,-23,-1,1,5
47.57368,-405,320,-23,0,1,2
47.57373,-400,321,-23,2,1,-1
47.57376,-400,321,-23,5,0,-3
47.57378,-398,321,-23,7,-2,-2
47.57380,-398,321,-23,5,-2,-1
47.57388,-404,319,-25,3,-2,0
47.62578,-400,319,-23,0,0,3
47.62586,-402,316,-22,2,1,3
47.62589,-402,316,-22,4,-2,1
47.62591,-401,317,-23,7,-4,1
47.62593,-401,317,-23,7,-5,2
47.62596,-402,319,-26,6,-5,2
47.62598,-402,319,-26,4,-5,-1
47.62600,-405,319,-31,1,-1,-2
47.62609,-405,319,-31,-2,6,-1
47.62613,-407,320,-34,-3,10,0
47.62617,-407,320,-34,-4,7,0
47.62625,-405,321,-31,-2,1,0
47.62626,-405,321,-31,2,-3,-1
47.62627,-403,321,-27,3,-1,-2
47.62628,-403,321,-27,-2,1,-2
47.62630,-400,320,-26,-6,2,-2
47.68005,-405,322,-29,5,-1,0
47.68011,-405,322,-29,6,-5,-2
47.68013,-413,320,-32,2,-4,0
47.68015,-413,320,-32,-4,0,3
47.68016,-405,319,-34,-9,6,3
47.68023,-405,319,-34,-12,9,3
47.68024,-398,320,-29,-10,6,1
47.68026,-398,320,-29,-7,0,-1
47.68027,-404,318,-24,-2,-1,-1
47.68031,-404,318,-24,-2,1,-1
47.68032,-403,317,-21,-4,4,-1
47.68034,-403,317,-21,-5,4,-1
47.68035,-398,321,-18,2,-1,0
47.68036,-398,321,-18,12,-6,1
47.68037,-398,321,-18,17,-8,1
47.68038,-401,321,-22,14,-7,0
47.73372,-403,322,-29,-3,-2,3
47.73377,-405,321,-25,-3,-1,5
47.73378,-405,321,-25,-3,3,4
47.73380,-399,319,-23,1,4,1
47.73381,-399,319,-23,5,-3,-2
47.73382,-400,319,-21,8,-9,-1
47.73389,-400,319,-21,9,-8,2
47.73391,-405,317,-23,6,-5,2
47.73392,-405,317,-23,2,-3,0
47.73393,-406,316,-27,0,-4,-2
47.73395,-406,316,-27,3,-6,-2
47.73400,-406,318,-29,6,-6,0
47.73401,-406,318,-29,5,-2,1
47.73402,-406,319,-32,-1,3,0
47.73403,-406,319,-32,-7,6,1
47.73407,-404,317,-33,-9,6,3
47.78435,-403,319,-23,8,-3,0
47.78439,-404,318,-27,5,-1,0
47.78441,-404,318,-27,2,-1,1
47.78444,-406,320,-30,-1,0,2
47.78446,-406,320,-30,-3,2,3
47.78448,-408,321,-33,-4,3,1
47.78449,-408,321,-33,-6,2,1
47.78451,-407,320,-33,-6,1,2
47.78452,-407,320,-33,-7,2,2
47.78453,-403,321,-30,-7,5,1
47.78455,-403,321,-30,-6,5,-2
47.78457,-398,320,-26,-3,2,-1
47.78459,-398,320,-26,0,-2,0
47.78460,-398,319,-24,3,-3,1
47.78462,-398,319,-24,5,-2,2
47.78464,-402,318,-22,7,-1,3
47.83838,-411,319,-32,5,-2,-1
47.83843,-411,319,-32,1,-1,1
47.83845,-404,320,-34,-2,4,1
47.83847,-404,320,-34,-5,9,-2
47.83848,-399,321,-30,-8,8,-8
47.83855,-399,321,-30,-9,5,-7
47.83857,-403,320,-23,-7,4,-3
47.83858,-403,320,-23,-5,3,0
47.83859,-401,319,-20,-3,1,-1
47.83860,-401,319,-20,1,-2,-3
47.83861,-397,319,-22,5,-5,-4
47.83866,-397,319,-22,9,-6,-1
47.83868,-400,318,-26,10,-5,1
47.83869,-400,318,-26,10,-4,2
47.83873,-405,317,-29,9,-3,2
47.83875,-405,317,-29,9,-3,-1
47.89248,-401,318,-25,-7,2,1
47.89251,-401,320,-24,-1,0,4
47.89259,-401,320,-24,4,-1,4
47.89262,-401,321,-22,5,-3,0
47.89263,-401,321,-22,6,-5,-3
47.89264,-401,321,-22,7,-4,-2
47.89265,-403,318,-23,7,-2,-2
47.89266,-403,318,-23,6,-2,-2
47.89269,-406,317,-25,5,-3,0
47.89272,-406,317,-25,4,-2,3
47.89275,-407,319,-29,1,0,3
47.89276,-407,319,-29,-3,4,1
47.89277,-405,320,-32,-6,8,-1
47.89288,-405,320,-32,-7,8,-1
47.89293,-404,318,-31,-7,6,0
47.89297,-404,318,-31,-7,4,-1
47.94760,-407,320,-32,1,8,-1
47.94763,-407,322,-33,-1,8,-2
47.94767,-407,322,-33,-4,7,-2
47.94768,-403,320,-30,-6,8,-2
47.94769,-403,320,-30,-7,5,-3
47.94769,-402,320,-26,-5,2,-4
47.94773,-402,320,-26,-4,1,-1
47.94775,-404,320,-24,-5,2,3
47.94776,-404,320,-24,-6,6,3
47.94777,-399,321,-24,-7,7,1
47.94777,-399,321,-24,-5,2,-2
47.94778,-397,321,-21,0,-3,-2
47.94778,-397,321,-21,6,-8,-1
47.94778,-404,320,-18,10,-9,0
47.94780,-404,320,-18,10,-6,0
47.94780,-406,317,-22,7,-2,1
48.00285,-400,319,-26,-1,-1,3
48.00287,-400,319,-26,2,-2,2
48.00291,-401,317,-23,5,-5,2
48.00292,-401,317,-23,9,-9,3
48.00293,-403,317,-20,10,-11,2
48.00293,-403,317,-20,10,-9,0
48.00294,-406,316,-25,7,-5,-2
48.00294,-406,316,-25,3,-1,-1
48.00294,-406,318,-32,-3,5,2
48.00299,-406,318,-32,-8,10,4
48.00300,-407,320,-33,-9,8,2
48.00301,-407,320,-33,-8,3,2
48.00301,-408,320,-33,-6,1,2
48.00301,-408,320,-33,-5,2,2
48.00302,-404,320,-32,-3,3,1
48.00302,-404,320,-32,-3,3,0
48.05594,-403,321,-30,-4,3,1
48.05597,-403,321,-30,-8,6,-1
48.05601,-398,321,-31,-9,7,-3
48.05602,-398,321,-31,-8,6,-2
48.05603,-401,319,-27,-6,4,0
48.05604,-401,319,-27,-4,1,3
48.05604,-401,319,-21,-1,0,3
48.05604,-401,319,-21,2,-2,3
48.05611,-398,318,-21,5,-4,2
48.05612,-398,318,-21,7,-7,1
48.05613,-400,318,-23,7,-8,0
48.05613,-400,318,-23,6,-8,-1
48.05617,-404,319,-27,6,-6,0
48.05618,-404,319,-27,6,-2,2
48.05618,-407,320,-31,2,1,0
48.05622,-408,320,-32,1,2,1
48.10903,-398,321,-25,6,-3,0
48.10905,-400,319,-24,4,-4,1
48.10909,-400,319,-24,3,-5,2
48.10911,-400,319,-26,5,-5,2
48.10911,-400,319,-26,6,-6,2
48.10912,-404,319,-28,6,-3,3
48.10912,-404,319,-28,2,0,4
48.10913,-409,319,-30,-1,1,4
48.10916,-409,319,-30,-3,1,4
48.10919,-407,320,-32,-3,1,3
48.10923,-407,320,-32,-3,3,-1
48.10923,-403,322,-33,-6,3,-3
48.10926,-403,322,-33,-9,4,-2
48.10929,-400,322,-30,-10,5,-1
48.10929,-400,322,-30,-8,5,-1
48.10931,-401,321,-24,-6,2,-2
48.16005,-408,319,-31,2,-5,-1
48.16007,-406,320,-32,3,-3,-2
48.16012,-406,320,-32,3,0,-2
48.16013,-405,320,-34,0,2,0
48.16013,-405,320,-34,-3,5,2
48.16014,-404,320,-34,-7,9,3
48.16014,-404,320,-34,-9,9,2
48.16019,-403,320,-28,-9,5,2
48.16020,-403,320,-28,-8,0,0
48.16025,-401,320,-23,-6,0,-1
48.16027,-401,320,-23,-4,3,-1
48.16027,-401,320,-22,-2,3,-1
48.16028,-401,320,-22,1,-3,-1
48.16029,-401,319,-21,6,-9,-1
48.16030,-401,319,-21,9,-9,0
48.16032,-402,318,-24,8,-7,0
48.21217,-402,319,-30,-4,2,2
48.21224,-402,319,-30,-7,2,2
48.21225,-401,319,-29,-9,6,1
48.21227,-401,319,-29,-7,8,0
48.21228,-401,320,-26,-3,4,0
48.21229,-401,320,-26,-1,-4,0
48.21231,-401,322,-22,1,-8,2
48.21232,-401,322,-22,2,-7,3
48.21235,-400,320,-23,4,-2,2
48.21237,-400,320,-23,5,1,0
48.21242,-401,318,-26,6,-1,-1
48.21243,-401,318,-26,9,-5,1
48.21244,-404,319,-26,9,-5,2
48.21245,-404,319,-26,5,-2,2
48.21246,-406,321,-30,0,3,-2
48.21247,-406,321,-30,-3,6,-2
48.26699,-398,320,-24,2,-3,-1
48.26714,-398,320,-24,6,-3,0
48.26716,-401,318,-24,7,-2,2
48.26718,-401,318,-24,4,-1,2
48.26719,-404,315,-25,4,-1,1
48.26720,-404,315,-25,5,-2,2
48.26722,-405,315,-27,8,0,2
48.26723,-405,315,-27,8,2,1
48.26724,-407,317,-30,7,0,0
48.26728,-407,317,-30,3,2,1
48.26731,-407,318,-32,-2,5,1
48.26732,-407,318,-32,-6,7,-1
48.26733,-406,319,-31,-7,7,-2
48.26734,-406,319,-31,-4,6,0
48.26735,-405,320,-31,-1,4,1
48.26740,-405,320,-31,-1,2,1
48.31850,-407,317,-29,-6,4,0
48.31861,-407,317,-29,-5,5,-1
48.31865,-403,318,-30,-3,6,-1
48.31868,-403,318,-30,-3,6,-1
48.31871,-401,320,-27,-4,6,-2
48.31878,-401,320,-27,-4,4,-2
48.31883,-400,319,-25,-3,1,-1
48.31885,-400,319,-25,-1,0,1
48.31886,-398,320,-22,2,-1,0
48.31887,-398,320,-22,4,-3,-2
48.31899,-401,321,-20,7,-5,-2
48.31901,-401,321,-20,9,-6,-1
48.31905,-404,319,-25,11,-6,0
48.31907,-404,319,-25,10,-5,2
48.31908,-403,319,-28,9,-4,2
48.31909,-403,319,-28,7,0,2
48.36953,-400,321,-29,-5,5,-1
48.36959,-396,320,-27,-1,7,-1
48.36971,-396,320,-27,2,5,-1
48.36977,-401,320,-23,4,-1,0
48.36981,-401,320,-23,7,-8,1
48.36985,-404,320,-23,9,-11,2
48.36989,-404,320,-23,9,-9,2
48.36991,-401,319,-25,5,-4,1
48.36992,-401,319,-25,1,-1,1
48.37000,-402,317,-27,1,2,3
48.37003,-402,317,-27,1,3,2
48.37004,-406,315,-28,1,2,0
48.37011,-406,315,-28,1,-1,0
48.37014,-406,318,-29,2,-4,1
48.37015,-406,318,-29,3,-2,1
48.37016,-404,320,-30,1,1,0
48.42525,-402,317,-25,7,-9,1
48.42532,-402,317,-25,6,-6,1
48.42537,-399,317,-30,2,-2,-1
48.42541,-399,317,-30,1,-1,0
48.42546,-405,319,-29,3,-1,0
48.42559,-405,319,-29,6,-5,-1
48.42567,-411,318,-28,6,-6,0
48.42570,-411,318,-28,4,-3,1
48.42573,-406,316,-31,-1,4,2
48.42581,-406,316,-31,-6,10,1
48.42585,-403,318,-29,-8,8,-2
48.42587,-403,318,-29,-5,1,-3
48.42589,-406,320,-28,-2,-2,-1
48.42599,-406,320,-28,-3,1,2
48.42603,-402,321,-28,-9,7,2
48.42608,-402,321,-28,-14,11,0
48.47899,-399,320,-29,-4,5,3
48.47903,-399,320,-29,-4,1,3
48.47909,-401,320,-27,-1,-2,3
48.47911,-401,320,-27,1,-3,3
48.47919,-403,319,-28,0,-1,3
48.47922,-403,319,-28,-1,1,0
48.47923,-400,321,-28,0,1,-2
48.47926,-400,321,-28,2,-1,-1
48.47927,-401,321,-26,4,-5,1
48.47929,-401,321,-26,5,-8,2
48.47939,-404,319,-25,6,-6,2
48.47940,-404,319,-25,6,-3,2
48.47943,-404,319,-27,6,2,0
48.47944,-404,319,-27,4,1,-1
48.47945,-405,321,-28,3,-2,-1
48.47947,-405,321,-28,4,-4,2
48.53136,-401,319,-26,4,-3,-1
48.53142,-401,319,-26,5,-6,0
48.53149,-401,319,-28,4,-7,0
48.53151,-401,319,-28,4,-5,-1
48.53152,-404,320,-31,3,-2,-2
48.53154,-404,320,-31,1,1,-1
48.53170,-409,319,-31,0,2,2
48.53172,-409,319,-31,-1,2,3
48.53173,-408,320,-30,-2,1,2
48.53175,-408,320,-30,-3,-1,1
48.53177,-402,321,-31,-4,0,1
48.53178,-402,321,-31,-6,4,-1
48.53181,-399,320,-31,-9,7,-3
48.53183,-399,320,-31,-8,6,-5
48.53189,-402,319,-28,-2,4,-5
48.53191,-402,319,-28,2,4,-2
48.58702,-403,316,-31,-3,4,0
48.58708,-408,317,-31,-3,1,-1
48.58727,-408,317,-31,-3,-2,1
48.58733,-408,319,-30,-5,-2,3
48.58744,-408,319,-30,-8,3,1
48.58753,-401,319,-30,-10,7,-3
48.58759,-401,319,-30,-7,8,-5
48.58763,-398,319,-27,-3,5,-4
48.58770,-398,319,-27,0,0,-3
48.58776,-401,320,-23,1,-3,-2
48.58781,-401,320,-23,1,-3,-2
48.58788,-400,320,-23,0,-1,-2
48.58796,-400,320,-23,1,-2,-3
48.58800,-399,320,-25,3,-6,-2
48.58806,-399,320,-25,6,-8,1
48.58826,-402,318,-26,5,-6,1
48.64281,-400,319,-28,7,-5,0
48.64336,-400,319,-28,10,-5,1
48.64350,-405,319,-26,10,-3,1
48.64358,-405,319,-26,7,-1,0
48.64379,-408,319,-28,4,-2,-1
48.64382,-408,319,-28,3,-2,-1
48.64395,-405,320,-32,3,-1,0
48.64399,-405,320,-32,1,3,1
48.64415,-403,321,-34,-3,4,-1
48.64421,-403,321,-34,-7,5,1
48.64424,-402,320,-33,-9,6,3
48.64431,-402,320,-33,-9,6,1
48.64444,-402,320,-27,-7,4,-1
48.64445,-402,320,-27,-5,2,-1
48.64447,-399,320,-22,-2,0,-2
48.64448,-399,320,-22,-1,-2,-3
48.69814,-405,320,-25,-4,3,-2
48.69824,-405,320,-25,-3,-2,-2
48.69844,-405,318,-25,-3,-2,-1
48.69850,-405,318,-25,-2,1,-2
48.69854,-399,318,-25,-2,2,-3
48.69869,-399,318,-25,-1,1,-3
48.69875,-397,318,-24,2,-1,0
48.69887,-397,318,-24,4,-2,3
48.69894,-400,318,-22,5,-4,2
48.69909,-400,318,-22,6,-6,1
48.69918,-404,317,-24,5,-8,1
48.69921,-404,317,-24,5,-7,1
48.69923,-405,317,-28,5,-3,2
48.69925,-405,317,-28,4,2,1
48.69926,-406,319,-32,0,2,1
48.69932,-408,319,-32,-2,3,3
48.75407,-404,317,-27,6,-2,3
48.75412,-405,318,-27,6,-1,1
48.75419,-405,318,-27,5,-2,-1
48.75421,-405,319,-29,3,-1,-2
48.75428,-405,319,-29,1,4,-2
48.75431,-404,318,-30,-1,5,-3
48.75435,-404,318,-30,-3,7,-3
48.75442,-404,319,-31,-4,8,-2
48.75445,-404,319,-31,-4,8,-1
48.75447,-402,321,-31,-2,8,-2
48.75449,-402,321,-31,-2,6,-3
48.75450,-399,322,-29,-2,2,-2
48.75451,-399,322,-29,-1,1,1
48.75453,-399,322,-25,1,-1,1
48.75461,-399,322,-25,4,-4,0
48.75473,-401,320,-21,6,-6,0
48.80973,-399,320,-25,-2,7,-1
48.80982,-399,320,-25,-4,8,-3
48.80991,-401,319,-23,-4,3,-2
48.80994,-401,319,-23,1,-3,-1
48.80995,-401,317,-24,8,-5,1
48.80996,-401,317,-24,11,-6,2
48.80997,-401,315,-28,9,-5,1
48.80998,-401,315,-28,5,-1,0
48.80999,-404,317,-30,2,4,-1
48.81000,-404,317,-30,1,4,-2
48.81001,-409,319,-29,3,0,-1
48.81005,-409,319,-29,4,-1,1
48.81007,-405,319,-32,1,2,2
48.81010,-405,319,-32,-7,6,3
48.81013,-398,320,-34,-13,8,1
48.81022,-398,320,-34,-12,7,-2
48.86480,-409,320,-30,-3,6,0
48.86483,-409,320,-30,-8,9,-1
48.86491,-402,320,-31,-11,10,-2
48.86492,-402,320,-31,-11,7,-1
48.86493,-401,320,-29,-10,5,1
48.86494,-401,320,-29,-8,5,1
48.86506,-401,320,-25,-6,4,-1
48.86507,-401,320,-25,-2,1,-1
48.86513,-398,320,-22,1,0,1
48.86519,-398,320,-22,3,-1,1
48.86522,-398,318,-22,5,-3,0
48.86524,-398,318,-22,6,-5,0
48.86524,-401,318,-23,6,-3,2
48.86526,-401,318,-23,4,-2,1
48.86538,-403,318,-26,3,-4,-1
48.86539,-403,318,-26,1,-5,1
48.91578,-399,319,-25,7,-9,0
48.91590,-399,319,-25,7,-9,1
48.91592,-402,318,-23,7,-7,0
48.91602,-402,318,-23,6,-6,-2
48.91604,-406,318,-25,6,-6,-3
48.91614,-406,318,-25,5,-6,-1
48.91616,-408,320,-30,3,-2,0
48.91617,-408,320,-30,-2,2,-1
48.91618,-404,321,-35,-6,3,-3
48.91619,-404,321,-35,-7,3,-4
48.91620,-401,320,-35,-7,5,-3
48.91622,-401,320,-35,-6,5,-1
48.91629,-405,320,-30,-4,2,1
48.91634,-405,320,-30,-3,1,1
48.91642,-402,320,-26,-3,2,-2
48.91644,-402,320,-26,-1,3,-5
48.97115,-406,318,-27,4,-2,0
48.97119,-404,318,-30,1,1,0
48.97126,-404,318,-30,-2,4,-1
48.97135,-403,320,-29,-4,6,-1
48.97137,-403,320,-29,-5,5,0
48.97143,-406,320,-28,-6,3,2
48.97147,-406,320,-28,-6,3,2
48.97148,-404,319,-29,-6,3,1
48.97150,-404,319,-29,-6,3,-1
48.97151,-398,319,-27,-5,3,-3
48.97160,-398,319,-27,-4,1,-2
48.97162,-398,317,-22,-2,-1,-2
48.97166,-403,316,-20,3,-5,-2
48.97167,-403,316,-20,6,-5,0
48.97173,-402,317,-21,7,-5,3
48.97175,-402,317,-21,6,-2,4
49.02644,-398,319,-25,-4,4,-3
49.02649,-398,319,-25,1,2,-2
49.02658,-403,319,-23,5,-4,1
49.02660,-403,319,-23,6,-7,4
49.02661,-405,318,-24,5,-4,6
49.02662,-405,318,-24,3,1,4
49.02663,-402,319,-26,2,3,0
49.02664,-402,319,-26,4,1,0
49.02665,-404,320,-27,6,-4,2
49.02671,-404,320,-27,4,-5,4
49.02672,-409,318,-30,-1,-1,5
49.02677,-409,318,-30,-7,6,4
49.02679,-407,317,-32,-10,9,2
49.02682,-407,317,-32,-8,7,-1
49.02686,-403,319,-31,-7,3,-3
49.02687,-403,319,-31,-6,1,-1
49.07756,-409,319,-29,0,2,4
49.07765,-409,319,-29,-6,3,-1
49.07767,-405,320,-32,-8,4,-2
49.07779,-405,320,-32,-6,6,0
49.07788,-400,320,-31,-2,6,1
49.07792,-400,320,-31,-1,3,0
49.07793,-401,321,-27,-2,0,-1
49.07794,-401,321,-27,-3,-3,-1
49.07796,-402,321,-25,-3,-2,-1
49.07799,-402,321,-25,0,-1,-2
49.07812,-398,321,-25,5,-3,-2
49.07813,-398,321,-25,9,-4,-1
49.07815,-399,320,-24,8,-3,0
49.07823,-399,320,-24,5,-3,1
49.07826,-404,319,-25,4,-5,1
49.07827,-404,319,-25,2,-4,2
49.13300,-402,320,-25,-8,5,-2
49.13305,-403,322,-22,-4,3,1
49.13311,-403,322,-22,0,1,4
49.13317,-398,322,-21,3,1,4
49.13319,-398,322,-21,3,2,1
49.13321,-397,319,-23,4,0,-3
49.13347,-397,319,-23,5,-3,-3
49.13349,-403,319,-23,7,-4,-1
49.13352,-403,319,-23,8,-5,0
49.13354,-405,318,-25,8,-5,0
49.13357,-405,318,-25,4,-2,-1
49.13359,-404,318,-30,2,0,-4
49.13361,-404,318,-30,-1,-1,-4
49.13366,-407,319,-32,-4,0,-1
49.13368,-407,319,-32,-7,6,1
49.13373,-407,318,-32,-10,10,0
49.18495,-406,317,-27,2,-4,-2
49.18500,-404,318,-29,1,-3,-3
49.18505,-404,318,-29,0,0,-1
49.18506,-406,318,-30,-4,5,-1
49.18514,-406,318,-30,-8,8,0
49.18517,-406,319,-31,-10,7,0
49.18518,-406,319,-31,-9,6,-1
49.18520,-401,319,-29,-7,4,-3
49.18521,-401,319,-29,-6,0,-4
49.18529,-400,320,-24,-3,-2,-3
49.18532,-400,320,-24,0,0,-1
49.18533,-400,320,-22,3,1,-1
49.18535,-400,320,-22,5,-1,0
49.18552,-400,319,-21,6,-5,0
49.18553,-400,319,-21,7,-6,0
49.18555,-402,320,-22,9,-5,-1
49.23875,-407,317,-28,-10,5,2
49.23879,-403,319,-28,-8,6,-2
49.23885,-403,319,-28,-6,5,-4
49.23886,-398,320,-26,-5,4,-3
49.23896,-398,320,-26,-3,2,0
49.23899,-401,318,-25,1,-1,0
49.23900,-401,318,-25,3,-4,0
49.23902,-405,317,-24,4,-4,2
49.23910,-405,317,-24,5,-3,3
49.23915,-402,320,-26,5,-2,2
49.23916,-402,320,-26,4,-3,0
49.23919,-400,321,-27,1,-3,-2
49.23921,-400,321,-27,1,0,-1
49.23923,-407,319,-29,3,5,-1
49.23924,-407,319,-29,4,6,-2
49.23930,-410,319,-30,3,3,-1
49.29320,-398,318,-25,5,-4,-3
49.29327,-403,318,-26,3,-3,-1
49.29338,-403,318,-26,1,1,1
49.29345,-410,319,-28,1,4,1
49.29352,-410,319,-28,1,3,1
49.29361,-412,321,-28,1,2,3
49.29364,-412,321,-28,0,3,4
49.29367,-406,321,-30,-3,6,4
49.29382,-406,321,-30,-8,8,1
49.29389,-401,321,-29,-11,8,0
49.29392,-401,321,-29,-9,7,1
49.29395,-402,321,-25,-5,6,2
49.29402,-402,321,-25,-4,5,0
49.29413,-404,320,-24,-4,4,-1
49.29416,-404,320,-24,-2,3,1
49.29420,-401,319,-24,0,2,3
49.34693,-403,320,-31,-5,6,1
49.34697,-403,320,-26,-5,8,-1
49.34703,-403,320,-26,-3,6,-3
49.34705,-403,319,-23,-2,1,-1
49.34712,-403,319,-23,0,-1,1
49.34715,-400,317,-26,1,0,1
49.34717,-400,317,-26,1,3,-1
49.34721,-398,318,-25,0,3,-4
49.34723,-398,318,-25,0,1,-4
49.34730,-402,319,-21,4,-2,0
49.34731,-402,319,-21,7,-6,0
49.34736,-405,318,-23,8,-8,1
49.34738,-405,318,-23,7,-7,2
49.34745,-405,319,-28,5,-3,2
49.34748,-405,319,-28,1,1,2
49.34749,-406,320,-32,-2,3,2
49.39966,-399,318,-24,2,-1,2
49.39974,-403,316,-25,-1,-2,1
49.39977,-403,316,-25,0,-3,1
49.39978,-403,317,-28,0,-2,2
49.39981,-403,317,-28,-1,-1,1
49.40006,-403,317,-28,-3,-1,0
49.40010,-405,320,-28,-3,1,1
49.40018,-405,320,-28,-3,4,3
49.40020,-407,319,-28,-5,4,2
49.40025,-407,319,-28,-7,3,2
49.40027,-406,319,-29,-6,2,2
49.40029,-406,319,-29,-6,3,1
49.40033,-403,320,-28,-6,4,-1
49.40039,-400,321,-27,-7,5,-3
49.40043,-400,321,-27,-6,4,-2
49.40044,-400,321,-27,-2,5,-1
49.45172,-408,321,-31,3,2,-3
49.45177,-408,321,-31,0,3,-3
49.45183,-407,323,-32,-4,5,-2
49.45188,-407,323,-32,-7,8,0
49.45196,-404,324,-31,-9,10,1
49.45198,-404,324,-31,-8,6,1
49.45202,-401,323,-28,-6,2,1
49.45208,-401,323,-28,-3,1,0
49.45210,-401,321,-24,0,0,-1
49.45215,-401,321,-24,2,-1,0
49.45216,-402,320,-21,4,-2,2
49.45221,-402,320,-21,6,-4,4
49.45222,-401,319,-23,8,-5,5
49.45228,-401,319,-23,9,-5,3
49.45233,-403,319,-27,9,-5,1
49.45234,-403,319,-27,8,-3,1
49.50276,-400,317,-26,-5,7,-4
49.50281,-400,317,-26,-4,5,-3
49.50288,-402,319,-23,-3,1,-2
49.50292,-402,319,-23,-1,-3,1
49.50294,-401,320,-21,3,-6,4
49.50296,-401,320,-21,7,-4,3
49.50297,-400,317,-26,6,1,1
49.50304,-400,317,-26,0,3,0
49.50307,-401,315,-30,-3,0,1
49.50310,-401,315,-30,-2,-4,1
49.50312,-403,317,-27,1,-6,-1
49.50320,-403,317,-27,1,-4,-3
49.50322,-407,319,-26,0,-1,-3
49.50325,-407,319,-26,-1,1,-1
49.50326,-411,320,-29,-1,1,0
49.50333,-411,320,-29,0,-1,1
49.55600,-402,319,-20,7,-6,5
49.55605,-402,318,-26,6,-3,4
49.55613,-402,318,-26,2,-2,-1
49.55615,-402,316,-31,-2,-1,-3
49.55617,-402,316,-31,-2,0,-2
49.55626,-406,317,-29,2,-1,0
49.55627,-406,317,-29,3,-2,1
49.55636,-408,319,-26,3,-2,2
49.55639,-408,319,-26,-1,0,1
49.55645,-405,319,-29,-5,2,-1
49.55649,-405,319,-29,-8,4,-3
49.55651,-402,320,-30,-6,5,-2
49.55652,-402,320,-30,-4,6,-1
49.55654,-401,320,-28,-3,5,-1
49.55665,-401,320,-28,-3,2,-1
49.55668,-401,318,-28,-3,-1,-1
49.60788,-407,318,-32,-5,3,2
49.60793,-407,318,-32,-6,7,1
49.60807,-406,319,-29,-5,8,1
49.60809,-406,319,-29,-4,6,1
49.60811,-401,321,-25,-3,4,2
49.60812,-401,321,-25,-1,4,2
49.60813,-397,320,-26,-2,4,0
49.60825,-397,320,-26,-3,3,-2
49.60827,-398,319,-26,-3,0,-1
49.60831,-398,319,-26,-2,0,1
49.60840,-401,319,-24,0,0,1
49.60844,-401,319,-24,2,1,0
49.60848,-402,319,-24,6,-4,-2
49.60850,-403,319,-28,7,-8,-1
49.60853,-403,319,-28,6,-9,0
49.60858,-406,318,-30,3,-6,0
49.66077,-402,320,-25,-2,2,0
49.66082,-402,320,-25,-3,-3,-1
49.66097,-398,318,-25,-5,-4,-1
49.66102,-398,318,-25,-6,-2,0
49.66109,-396,320,-24,-3,-1,0
49.66115,-396,320,-24,3,-2,-1
49.66116,-400,321,-23,10,-5,0
49.66118,-400,321,-23,13,-7,2
49.66123,-404,318,-27,11,-8,1
49.66129,-404,318,-27,8,-9,-1
49.66133,-405,316,-32,3,-5,-2
49.66135,-405,316,-32,2,2,-1
49.66136,-407,317,-32,3,7,-2
49.66142,-407,317,-32,1,8,-2
49.66144,-408,318,-30,-3,3,-1
49.66145,-408,318,-30,-5,0,2
49.71584,-399,319,-25,8,-8,2
49.71589,-399,319,-25,9,-5,3
49.71594,-402,318,-27,5,-2,3
49.71609,-402,318,-27,0,0,2
49.71615,-405,316,-29,-2,-1,2
49.71616,-405,316,-29,-3,-2,2
49.71627,-405,318,-29,-3,-3,2
49.71632,-405,318,-29,-4,0,1
49.71645,-404,320,-29,-6,6,0
49.71647,-404,320,-29,-7,11,1
49.71649,-402,320,-28,-7,11,3
49.71650,-402,320,-28,-5,8,4
49.71661,-400,321,-26,-1,5,4
49.71669,-400,321,-26,1,2,3
49.71671,-400,322,-25,1,1,3
49.71675,-400,322,-25,1,1,3
49.77001,-403,320,-26,-8,5,-5
49.77005,-403,320,-26,-5,2,-4
49.77011,-402,322,-24,-3,0,0
49.77034,-402,322,-24,-1,1,2
49.77039,-401,323,-25,0,3,0
49.77046,-401,323,-25,0,4,-2
49.77049,-400,322,-25,2,2,-2
49.77051,-400,322,-25,3,-1,-1
49.77052,-404,320,-25,3,-3,-1
49.77055,-404,320,-25,3,-3,-1
49.77061,-406,318,-27,3,-1,0
49.77063,-406,318,-27,3,-1,0
49.77064,-404,320,-27,4,-2,-2
49.77066,-405,320,-27,1,-3,2
49.77066,-405,320,-27,-3,-2,2
49.77069,-406,319,-31,-8,1,-2
49.82358,-402,320,-26,8,-8,3
49.82363,-402,320,-26,6,-6,1
49.82372,-403,320,-30,3,-3,0
49.82377,-403,320,-30,0,0,1
49.82381,-407,318,-32,-3,2,2
49.82382,-407,318,-32,-4,2,3
49.82389,-407,317,-31,-3,3,3
49.82391,-407,317,-31,-2,4,1
49.82393,-405,318,-29,-4,6,-1
49.82398,-405,318,-29,-5,7,-1
49.82404,-403,319,-29,-8,5,0
49.82407,-403,319,-29,-7,4,1
49.82412,-403,319,-29,-4,3,2
49.82414,-403,318,-26,0,2,2
49.82416,-403,318,-26,1,1,2
49.82417,-401,319,-23,2,-1,2
49.87680,-404,322,-32,-10,10,0
49.87685,-400,321,-26,-10,10,0
49.87693,-400,321,-26,-5,7,0
49.87695,-402,320,-22,-1,2,-1
49.87719,-402,320,-22,-1,-2,0
49.87721,-401,318,-23,0,-2,3
49.87723,-401,318,-23,2,1,6
49.87724,-398,320,-25,3,1,5
49.87726,-398,320,-25,4,-2,1
49.87727,-402,319,-25,7,-8,0
49.87728,-402,319,-25,8,-11,2
49.87735,-406,316,-27,5,-7,2
49.87738,-406,316,-27,1,1,-1
49.87739,-405,318,-27,0,6,-3
49.87740,-405,318,-27,2,5,-3
49.87741,-405,321,-26,3,0,-2
49.92816,-401,319,-23,6,-2,0
49.92845,-401,319,-23,9,-3,-1
49.92848,-401,319,-23,11,-3,-1
49.92851,-406,319,-26,11,-3,0
49.92861,-406,319,-26,8,-1,1
49.92865,-408,319,-30,4,1,2
49.92869,-408,319,-30,0,2,1
49.92871,-408,318,-33,-4,2,0
49.92879,-408,318,-33,-6,3,2
49.92880,-408,318,-31,-7,6,2
49.92887,-408,318,-31,-9,7,0
49.92889,-407,319,-28,-8,6,-1
49.92893,-407,319,-28,-7,3,-1
49.92900,-405,320,-28,-5,1,1
49.92902,-405,320,-28,-4,0,1
49.92903,-402,322,-27,-2,1,0
49.98356,-404,319,-26,5,-2,5
49.98360,-406,318,-31,4,-2,4
49.98366,-406,318,-31,3,-2,1
49.98367,-407,320,-33,0,0,-2
49.98375,-407,320,-33,-3,3,-3
49.98377,-408,321,-33,-5,6,-2
49.98378,-408,321,-33,-6,4,-1
49.98381,-406,320,-31,-6,2,0
49.98386,-406,320,-31,-5,0,-1
49.98388,-403,321,-26,-4,0,-3
49.98389,-403,321,-26,-3,3,-4
49.98390,-401,321,-23,-4,5,-3
49.98393,-401,321,-23,-2,2,-2
49.98395,-402,321,-22,4,-2,-2
49.98396,-402,321,-22,7,-5,-1
49.98399,-402,320,-25,5,-5,0
50.03571,-401,320,-25,1,2,-1
50.03575,-402,318,-22,4,-5,2
50.03583,-402,318,-22,9,-8,4
50.03589,-401,317,-26,12,-7,4
50.03591,-401,317,-26,11,-5,3
50.03592,-401,317,-31,7,-1,2
50.03593,-401,317,-31,3,3,1
50.03594,-407,318,-33,2,3,0
50.03599,-407,318,-33,2,0,0
50.03606,-410,320,-32,2,-1,2
50.03607,-410,320,-32,0,1,2
50.03613,-405,321,-31,-1,4,0
50.03614,-405,321,-31,-3,5,-2
50.03615,-404,320,-28,-4,6,0
50.03624,-404,320,-28,-4,6,3
50.03626,-403,319,-27,-4,5,3
